Titulo,Sinopsis,Fecha_Estreno,Genero_Principal,Puntuacion_Media_TMDb
Mortal Kombat II,"Los campeones favoritos de los fans, ahora acompañados por el propio Johnny Cage, se enfrentan cara a cara en la definitiva y sangrienta batalla a muerte para vencer al oscuro régimen de Shao Kahn, que amenaza la existencia del Reino de la Tierra y a sus defensores.",2026-05-06,Accion,7.989
Vacaciones para matar,"Un fugitivo trata de recuperar el botí­n de un robo que había escondido en una casa de montaña antes de ser detenido. Allí en lugar de pasar el fin de semana solos un matrimonio y la joven hermana de la mujer serán espiados a la espera de aprovechar la oportunidad idónea para recuperar los bienes robados, descubre sus secretos más morbosos antes de agredirlos para recuperar su botín.",1980-03-20,Accion,4.969
கருப்பு,,2026-05-14,Accion,6.7
The Mandalorian and Grogu,"Continuación de la serie ""The Mandalorian"" en forma de película. El Imperio ha caído y los señores de la guerra imperiales siguen dispersos por toda la galaxia. Mientras la incipiente Nueva República trabaja para proteger todo por lo que luchó la Rebelión, ha reclutado la ayuda del legendario cazarrecompensas mandaloriano Din Djarin y su joven aprendiz Grogu.",2026-05-20,Accion,6.741
పెద్ది,,2026-06-03,Accion,6.108
The Furious,"Rainy, hija del experto en artes marciales Wang Wei, es secuestrada por una red de tráfico de menores. En un frenético intento de recuperarla, el padre se lanza a la guerra, enfrentándose a numerosos obstáculos mientras lucha contra criminales y policías corruptos. En el camino conoce a Navin, un periodista en busca de su esposa desaparecida. Ambos despliegan sus habilidades de combate mientras aprenden las virtudes de la confianza mutua.",2026-06-10,Accion,7.689
ಕೆಡಿ - ದಿ ಡೆವಿಲ್,,2026-04-30,Accion,7.5
The Punisher: One Last Kill,"Mientras Frank Castle busca propósito más allá de la venganza, una fuerza inesperada lo arrastra de nuevo a la lucha.",2026-05-12,Accion,8.3
En la zona gris,"Un equipo encubierto de agentes de élite viven en la sombra, tan cómodos manejando el poder y la influencia como armas automáticas y explosivos de gran potencia. Cuando un déspota roba una fortuna de mil millones de dólares, son enviados a recuperarla en lo que para cualquier otro sería una misión suicida. Lo que comienza como un atraco imposible empeora aún más y se convierte en una guerra total de estrategia, engaño y supervivencia.",2026-05-13,Accion,6.609
He-Man y los masters del universo,"En las regiones más lejanas del espacio, el reino de Eternia está amenazado por el villano Skeletor y sus traviesos ejércitos de oscuridad. Para salvar el reino de su padre y proteger las vidas de sus seres queridos, el joven príncipe Adam tiene que recuperar una espada mítica y convertirse en el legendario guerrero conocido como ""He-Man"".",2026-06-03,Accion,7.237
Maridos en acción,Un detective se une al nuevo marido de su exmujer para buscar a los que la han secuestrado. ¿Podrán dejar a un lado sus diferencias y llevar a cabo este rescate trepidante?,2026-06-18,Accion,6.7
Patriotismo 2,"Hamza Ali Mazari, cuya verdadera identidad es Jaskirat Singh Rangi, continúa su operación encubierta en el mundo criminal de Pakistán mientras rastrea a Majo.",2026-03-18,Accion,7.3
Jack Ryan. Guerra encubierta,"En esta nueva película, Jack Ryan se ve empujado de vuelta al espionaje cuando una misión secreta internacional destapa una conspiración mortal. Contra reloj, se une a Mike November y James Greer, sus aliados de la CIA, y a Emma Marlow, una perspicaz agente del MI6, para enfrentarse a una unidad de operaciones encubiertas en una batalla muy personal y arriesgada.",2026-05-20,Accion,7.046
Guardianes de la noche: Kimetsu no Yaiba La fortaleza infinita,El Cuerpo de Cazadores de Demonios se enfrenta a los Doce Kizuki restantes antes de enfrentarse a Muzan en el Castillo del Infinito para derrotarlo de una vez por todas.,2025-07-18,Accion,7.7
Escuadrón letal,"Unos astutos y traicioneros ladrones desafian a la Policía Judicial de Macao. La Policía, que se encontraba en una dura batalla, invita de nuevo al experto en rastreo Huang De Zhong, retirado desde hace muchos años, a unir fuerzas con la joven élite del Departamento de Investigación Criminal de la Policía Judicial. Bajo la colisión de las técnicas tradicionales de rastreo y la alta tecnología, la policía y los criminales luchan con ingenio y valentía, y se lanzan a un duelo entre el bien y el mal parecido al juego del gato y el ratón.",2025-08-16,Accion,7.79
Spider-Man: Un nuevo día,"Han pasado cuatro años desde los acontecimientos de No Way Home, y Peter Parker ahora es un adulto que vive completamente solo, ha desaparecido voluntariamente de las vidas y recuerdos de quienes ama. Combatiendo el crimen en una Nueva York que ya no conoce su nombre, se ha dedicado por completo a proteger su ciudad, pero a medida que aumentan las exigencias sobre él, la presión desencadena una evolución física que amenaza su existencia, al mismo tiempo que un extraño nuevo patrón de crímenes da lugar a una de las amenazas más poderosas a las que se ha enfrentado.",2026-07-29,Accion,0.0
Siete Francotiradores,"Cuando una antigua francotirador de élite es perseguida por el despiadado caudillo que una vez la mantuvo cautiva, debe luchar hasta la muerte para proteger a la hija que ha criado en la clandestinidad, en una remota granja australiana.",2026-04-30,Accion,5.743
Depredador dominante,Una mujer en duelo se adentra en la naturaleza de Australia para ponerse a prueba y queda atrapada en un juego mortal con un astuto asesino que la considera su presa.,2026-04-24,Accion,6.819
మా ఇంటి బంగారం,,2026-06-18,Accion,8.5
La leyenda de Aang: El último Airbender,"Película de animación que seguirá a Aang y sus amigos, ahora como jóvenes adultos, varios años después de los acontecimientos del final de 'Avatar: The Last Airbender'.",2026-10-09,Accion,0.0
La leyenda de Aang: El último Airbender,"Película de animación que seguirá a Aang y sus amigos, ahora como jóvenes adultos, varios años después de los acontecimientos del final de 'Avatar: The Last Airbender'.",2026-10-09,Accion,0.0
Por encima de tu cadáver,"Una pareja con problemas se dirige a una cabaña remota supuestamente para reconectar, pero cada uno tiene planes secretos para matar al otro. Remake del film noruego de 2021 'El viaje', de Tommy Wirkola.",2026-03-14,Accion,6.553
Patriotismo,"A principios de los 2000, en la India, un operativo encubierto se infiltra en el submundo de Karachi (Pakistán) para desmantelar una violenta red criminal. Entre traiciones al estilo shakesperiano y complejas operaciones de espionaje, el patriotismo se pone a prueba hasta el límite.",2025-12-05,Accion,7.247
Acero puro,"En un futuro no muy lejano, el boxeo es robótico: en los combates ya no se enfrentan seres humanos, sino robots humanoides, sofisticadas máquinas diseñadas para luchar. Charlie Kenton, un antiguo púgil que casi llegó a alcanzar la gloria, está pasando una mala racha como promotor de combates. Un día, encuentra un viejo robot desechado y, al comprobar que es un gran boxeador, decide entrenarlo.",2011-09-28,Accion,7.109
Blades of the Guardians: Wind Rises in the Desert,"Dao Ma, el segundo fugitivo más buscado, recibe del jefe del clan Mo una misión de escolta misteriosa: debe llevar al fugitivo más buscado hasta Chang'an.",2026-02-17,Accion,7.0
Kill Code,,2026-04-16,Accion,5.4
Dura de matar,"En una ciudad invadida por el crimen, la agente del gobierno Lily Chen se ve obligada a elegir entre su deber y su familia cuando secuestran a su marido y la chantajean para que asesine a criminales de alto nivel para salvarlo. A medida que se adentra en el submundo criminal, la implacable búsqueda de justicia de Lily desenmaraña una red de corrupción que la llevará a tomar una decisión final que cambiará su mundo para siempre.",2026-04-10,Accion,5.7
Vengadores: Infinity War,"El todopoderoso Thanos ha despertado con la promesa de arrasar con todo a su paso, portando el Guantelete del Infinito, que le confiere un poder incalculable. Los únicos capaces de pararle los pies son los Vengadores y el resto de superhéroes de la galaxia, que deberán estar dispuestos a sacrificarlo todo por un bien mayor. Capitán América e Ironman deberán limar sus diferencias, Black Panther apoyará con sus tropas desde Wakanda, Thor y los Guardianes de la Galaxia e incluso Spider-Man se unirán antes de que los planes de devastación y ruina pongan fin al universo. ¿Serán capaces de frenar el avance del titán del caos?",2018-04-25,Accion,8.237
Predator: Badlands,Un joven Predator rechazado por su clan encuentra un aliado inesperado en Thia y emprende un peligroso viaje en busca del adversario definitivo.,2025-11-05,Accion,7.796
Beast (La bestia),"Con la ayuda de su antiguo entrenador, un campeón de MMA retirado e invicto regresa a la jaula para vengar la muerte de su hermano y resolver sus problemas financieros.",2026-04-10,Accion,6.25
Ne Zha 2,"Cuando los cuerpos de los dos amigos, Aobing y Nezha, están a punto de ser destruidos, se les permite que sus almas sigan existiendo. Su maestro, Taiyi Zhenren, restaura sus cuerpos con la ayuda de una flor de loto. Después de esto, Nezha parte en busca de enfrentar al Rey Dragón del Mar del Este, Ao Guang.",2025-01-29,Accion,8.156
Matrix,"Thomas Anderson lleva una doble vida: por el día es programador en una importante empresa de software, y por la noche un hacker informático llamado Neo. Su vida no volverá a ser igual cuando unos misteriosos personajes le inviten a descubrir la respuesta a la pregunta que no le deja dormir: ¿qué es Matrix?",1999-03-31,Accion,8.248
Te van a matar,"Una mujer acepta un trabajo como ama de llaves en un rascacielos de Nueva York, sin conocer el historial de desapariciones del edificio. Pronto se da cuenta de que la comunidad está rodeada de misterio.",2026-03-25,Accion,7.014
Spider-Man: No Way Home,"Peter Parker es desenmascarado y por tanto no es capaz de separar su vida normal de los enormes riesgos que conlleva ser un súper héroe. Cuando pide ayuda a Doctor Strange, los riesgos pasan a ser aún más peligrosos, obligándole a descubrir lo que realmente significa ser Spider-Man.",2021-12-15,Accion,7.934
Máquina de guerra,"En una última misión agotadora durante el entrenamiento para ser ranger, un ingeniero de combate debe liderar a su unidad contra una gigantesca máquina asesina de otro mundo.",2026-02-12,Accion,7.395
Kara,"Un ladrón trata de enderezarse, pero, cuando su padre se endeuda por culpa de las condiciones abusivas de los bancos, vuelve a robar... y un policía implacable le pisa los talones.",2026-04-30,Accion,6.0
El caballero oscuro,"Batman/Bruce Wayne regresa para continuar su guerra contra el crimen. Con la ayuda del teniente Jim Gordon y del Fiscal del Distrito Harvey Dent, Batman se propone destruir el crimen organizado en la ciudad de Gotham. El triunvirato demuestra su eficacia, pero, de repente, aparece Joker, un nuevo criminal que desencadena el caos y tiene aterrados a los ciudadanos.",2008-07-16,Accion,8.531
Los Vengadores,"Cuando un enemigo inesperado surge como una gran amenaza para la seguridad mundial, Nick Fury, director de la Agencia SHIELD, decide reclutar a un equipo para salvar al mundo de un desastre casi seguro.",2012-04-25,Accion,8.046
Mortal Kombat,Un boxeador fracasado descubre un secreto familiar que lo lleva a un torneo místico llamado Mortal Kombat donde se encuentra con un grupo de guerreros que luchan hasta la muerte para salvar los reinos del malvado hechicero Shang Tsung.,2021-04-07,Accion,7.047
డెకాయిట్,,2026-04-10,Accion,6.6
Venganza,"Carlos y Miguel son dos soldados de élite de las fuerzas especiales mexicanas y mejores amigos cuyas vidas cambian para siempre cuando Carlos es testigo del brutal asesinato de su esposa por manos de un despiadado asesino. Determinado a buscar justicia, emprende un peligroso viaje de venganza, alimentado por el dolor y armado con una lotería que cambia su vida.",2026-02-26,Accion,7.519
Sangre asesina,"A una mujer le espera una bala con su nombre por culpa de su extraño grupo sanguíneo, pero encuentra cobijo en los brazos del asesino al que ama, y juntos luchan por sobrevivir.",2026-05-06,Accion,8.7
Colony,"El profesor Se-jeong es arrojado a una pesadilla cuando un  virus en rápida mutación se libera durante una conferencia de  biotecnología, lo que lleva a las autoridades a sellar las  instalaciones. Atrapado dentro sin escapatoria, Se-jeong, junto a un  pequeño grupo de supervivientes, debe luchar por mantenerse con vida  mientras los infectados sufren transformaciones horribles.",2026-05-21,Accion,6.909
La Odisea,"Una epopeya mitológica que sigue la historia de Odiseo y su largo viaje a casa, de 10 años de duración, tras la guerra de Troya.",2026-07-15,Accion,0.0
డెకాయిట్,,2026-04-10,Accion,6.6
El señor de los anillos: La comunidad del anillo,"En la Tierra Media, el Señor Oscuro Saurón creó los Grandes Anillos de Poder, forjados por los herreros Elfos. Tres para los reyes Elfos, siete para los Señores Enanos, y nueve para los Hombres Mortales. Secretamente, Saurón también forjó un anillo maestro, el Anillo Único, que contiene en sí el poder para esclavizar a toda la Tierra Media. Con la ayuda de un grupo de amigos y de valientes aliados, Frodo emprende un peligroso viaje con la misión de destruir el Anillo Único. Pero el Señor Oscuro Sauron, quien creara el Anillo, envía a sus servidores para perseguir al grupo. Si Sauron lograra recuperar el Anillo, sería el final de la Tierra Media.",2001-12-18,Accion,8.436
Apocalypto,"Historia ambientada en la época del imperio maya. Cuando la idílica existencia de los mayas es brutalmente interrumpida por el ataque de una fuerza invasora, un hombre emprende un arriesgado viaje a un mundo regido por el miedo y la opresión en el que le espera un incierto final. Debido a un giro del destino y espoleado por el amor a su esposa y a su familia, emprenderá el regreso a su hogar en un desesperado esfuerzo por preservar su forma de vida...",2006-12-07,Accion,7.64
剑来院线剧场版 十三之争,,2026-05-01,Accion,0.0
The Internship,"Una asesina entrenada por la CIA recluta a otros graduados de su programa secreto de la infancia, The Internship, para destruir violentamente la organización. La CIA contraataca con fuerza letal.",2026-01-13,Accion,6.66
Deadpool y Lobezno,"Un apático Wade Wilson se afana en la vida civil tras dejar atrás sus días como Deadpool, un mercenario moralmente flexible. Pero cuando su mundo natal se enfrenta a una amenaza existencial, Wade debe volver a vestirse a regañadientes con un Lobezno aún más reacio a ayudar.",2024-07-24,Accion,7.575
Vengadores: Endgame,"Tras el chasquido de Thanos que eliminó a la mitad de la vida en el universo, los Vengadores supervivientes quedan devastados y divididos. Cinco años después, una inesperada oportunidad les permite intentar revertir la catástrofe. Reuniéndose una vez más, los héroes emprenden una misión extrema que los obliga a viajar al pasado, enfrentarse a sus propias pérdidas y hacer sacrificios definitivos para restaurar el equilibrio del universo.",2019-04-24,Accion,8.2
Zero WOMAN ＩＩ　警視庁０課の女,,1995-09-05,Accion,5.0
Kraken,"Johanne es una bióloga marina que está investigando en una piscifactoría de Vangsnes, una comunidad rural situada junto al fiordo, cuando se topa con varios sucesos extraños. Junto con las brutales muertes de dos adolescentes de la localidad, todos los indicios apuntan al profundo fiordo. ¿Puede haber más en las profundidades de lo que el ojo puede ver? En el fondo del fiordo más profundo de Noruega descansa un monstruo mítico tan grande como una montaña, con una miríada de brazos dispuestos a aplastar y devorar todo lo que puedan agarrar.",2026-02-06,Accion,6.393
Los hermanos demolición,"Un improbable dúo de hermanastros, uno un impulsivo detective y el otro un disciplinado, se ven atraídos por el asesinato de su padre en Hawai, lo que les lleva a un peligroso viaje para desenmascarar una conspiración de largo alcance.",2026-01-28,Accion,7.026
Blast,,2026-05-28,Accion,7.0
Superman,"En un mundo que ha perdido la fe en la bondad, Superman lucha por reconciliar su herencia kryptoniana con los valores humanos que moldearon su carácter. Criado en la Tierra, representa la verdad, la justicia y el estilo americano, pero debe enfrentarse a un mundo cínico que cuestiona sus ideales. Entre el deber de proteger a la humanidad y la búsqueda de su identidad, Superman demuestra que la esperanza y la bondad nunca pasan de moda, incluso en los tiempos más oscuros, inspirando a otros a creer en un futuro mejor.",2025-07-09,Accion,7.3
Rise of the Conqueror,"Mientras el Imperio Mongol se desmorona, un guerrero marcado por la guerra enfrenta su destino y rompe lealtades para proteger el futuro de la Ruta de la Seda.",2026-04-09,Accion,6.176
Spider-Man: Homecoming,"Peter Parker comienza a experimentar su recién descubierta identidad como el superhéroe Spider-Man. Después de la experiencia vivida con los Vengadores, Peter regresa a casa, donde vive con su tía. Bajo la atenta mirada de su mentor Tony Stark, Peter intenta mantener una vida normal como cualquier joven de su edad, pero interrumpe en su rutina diaria el nuevo villano Vulture y, con él, lo más importante de la vida de Peter comenzará a verse amenazado.",2017-07-05,Accion,7.331
Jurassic World: El renacer,"Cinco años después de los eventos de ""Dominion"", la ecología del planeta ha demostrado ser insoportable para los dinosaurios, donde los pocos que quedan viven aislados en las regiones ecuatoriales. Zora Bennett es contratada para dirigir a un equipo de especialistas cuyo objetivo es conseguir el material genético de las tres criaturas más grandes, las cuales tienen en su ADN la clave para fabricar un medicamento que aportará grandes beneficios a la humanidad. Pero la operación se cruzará con una familia cuyo barco volcó y todos acabarán en una isla prohibida ocupada por dinosaurios de numerosas especies, donde tendrán que hacer lo imposible para sobrevivir.",2025-06-23,Accion,6.27
F1 la película,"El mítico piloto Sonny Hayes vuelve de su retiro, persuadido para liderar un equipo de Fórmula 1 en apuros y guiar a su joven promesa, en busca de una nueva oportunidad de éxito.",2025-06-25,Accion,7.8
Los pecadores,"Tratando de dejar atrás sus problemáticas vidas, dos hermanos gemelos regresan a su pueblo natal para empezar de nuevo, solo para descubrir que un mal aún mayor les espera para darles la bienvenida.",2025-04-16,Accion,7.497
Origen,"Dom Cobb es un ladrón hábil, el mejor de todos, especializado en el peligroso arte de extracción: el robo de secretos valiosos desde las profundidades del subconsciente durante el estado de sueño cuando la mente está más vulnerable. Esta habilidad excepcional de Cobb le ha hecho un jugador codiciado en el traicionero nuevo mundo de espionaje corporativo, pero al mismo tiempo, le ha convertido en un fugitivo internacional y ha tenido que sacrificar todo que le importaba. Ahora a Cobb se le ofrece una oportunidad para redimirse. Con un último trabajo podría recuperar su vida anterior, pero solamente si logra lo imposible.",2010-07-15,Accion,8.372
Avatar,"Año 2154. Jake Sully, un exmarine en silla de ruedas, es enviado al planeta Pandora, donde se ha creado el programa Avatar, gracias al cual los seres humanos pueden controlar de forma remota un cuerpo biológico con apariencia y genética de la especie nativa. Pronto se encontrará con la encrucijada entre seguir las órdenes de sus superiores o defender al mundo que le ha acogido y siente como suyo.",2009-12-16,Accion,7.607
Balls Up: Con un par,"Los ejecutivos de marketing Brad y Elijah lanzan un audaz patrocinio de preservativos de cobertura total directamente a la Copa del Mundo. Después de que su ebria celebración en Brasil desencadene un escándalo mundial, deberán huir de hinchas furiosos, delincuentes y funcionarios sedientos de poder para salvar sus carreras y volver a casa con vida.",2026-04-15,Accion,5.897
Superman,"En un mundo que ha perdido la fe en la bondad, Superman lucha por reconciliar su herencia kryptoniana con los valores humanos que moldearon su carácter. Criado en la Tierra, representa la verdad, la justicia y el estilo americano, pero debe enfrentarse a un mundo cínico que cuestiona sus ideales. Entre el deber de proteger a la humanidad y la búsqueda de su identidad, Superman demuestra que la esperanza y la bondad nunca pasan de moda, incluso en los tiempos más oscuros, inspirando a otros a creer en un futuro mejor.",2025-07-09,Accion,7.338
Gru 4. Mi villano favorito,"Gru, Lucy y las niñas -Margo, Edith y Agnes- dan la bienvenida a un nuevo miembro en la familia: Gru Junior, que parece llegar con el propósito de ser un suplicio para su padre. Gru tendrá que enfrentarse en esta ocasión a su nueva némesis Maxime Le Mal y su sofisticada y malévola novia Valentina, lo que obligará a la familia a tener que darse a la fuga. Cuarta entrega de 'Gru, mi villano favorito'.",2024-06-20,Accion,7.0
Sniper: En tierra de nadie,"Cuando el francotirador Brandon Beckett es tachado de terrorista, se ve obligado a desaparecer y embarcarse en una misión de rescate imposible junto a su legendario padre.",2026-04-07,Accion,6.579
Spider-Man: Lejos de casa,"Peter Parker decide irse junto a MJ, Ned y el resto de sus amigos a pasar unas vacaciones a Europa. Sin embargo, el plan de Parker por dejar de lado sus superpoderes durante unas semanas se ven truncados cuando Nick Fury contacta con él para solicitarle ayuda para frenar el ataque de unas criaturas elementales que están causando el caos en el continente. En ese momento, Parker vuelve a ponerse el traje de Spider-Man para cumplir con su labor.",2019-06-28,Accion,7.395
Milky☆Subway: The Galactic Limited Express - La película,"Seis delincuentes juveniles deben limpiar un tren como parte de un programa de servicios comunitarios, hasta que este emprende la marcha inesperadamente con ellos dentro.",2026-02-06,Accion,9.3
Spider-Man,"Peter Parker es un joven y tímido estudiante que vive con su tía May y su tío Ben desde la muerte de sus padres. Un día es mordido por una araña que ha sido modificada genéticamente, descubriendo al día siguiente que posee unos poderes poco habituales: tiene la fuerza y agilidad de una araña.",2002-05-01,Accion,7.332
Oye Bhole Oye 2,,2026-06-12,Accion,0.0
Spider-Man: Cruzando el Multiverso,"Tras reencontrarse con Gwen Stacy, el amigable vecindario de Spider-Man de Brooklyn al completo es catapultado a través del Multiverso, donde se encuentra con un equipo de Spidermans encargados de proteger su propia existencia. Pero cuando los héroes se enfrentan sobre cómo manejar una nueva amenaza, Miles se encuentra enfrentado a las otras Arañas y debe redefinir lo que significa ser un héroe para poder salvar a la gente que más quiere.",2023-05-31,Accion,8.336
The Last Stand of Ellen Cole,"Cuando un malvado contratista toma medidas extremas para desalojar a un inquilino irritable que se interpone en el camino de su nuevo proyecto, no tiene en cuenta que esta anciana aparentemente inofensiva es una asesina entrenada y hará cualquier cosa para proteger su amado hogar.",2024-10-18,Accion,7.8
Citizen Vigilante,"Un hombre decide impartir justicia por su cuenta. Su cruzada lo convierte en un fenómeno de las redes sociales, pero también lo enfrenta al jefe de policía de la ciudad.",2026-06-19,Accion,6.818
Top Gun: Maverick,"Después de más de 30 años de servicio como uno de los mejores aviadores de la Armada, Pete ""Maverick"" Mitchell se encuentra dónde siempre quiso estar, empujando los límites como un valiente piloto de prueba y esquivando el alcance en su rango, que no le dejaría volar emplazándolo en tierra. Cuando se encuentra entrenando a un destacamento de graduados de Top Gun para una misión especializada, Maverick se encuentra allí con el teniente Bradley Bradshaw, el hijo de su difunto amigo ""Goose"".",2022-05-21,Accion,8.159
JUJUTSU KAISEN: Ejecución,"Durante Halloween en Shibuya, un misterioso velo atrapa a la multitud dentro del distrito. Como consecuencia, diez colonias japonesas se convierten en zonas dominadas por maldiciones.",2025-11-07,Accion,6.0
Piratas del Caribe: La maldición de la Perla Negra,"El aventurero capitán Jack Sparrow recorre las aguas caribeñas. Pero su andanzas terminan cuando su enemigo, el capitán Barbossa le roba su barco, la Perla Negra, y ataca la ciudad de Port Royal, secuestrando a Elizabeth Swann, hija del gobernador. Will Turner, el amigo de la infancia de Elizabeth, se une a Jack para rescatarla y recuperar la Perla Negra. Pero el prometido de Elizabeth, comodoro Norrington, les persigue a bordo del HMS Impávido. Además, Barbossa y su tripulación son víctimas de un conjuro por el que están condenados a vivir eternamente, y a transformarse cada noche en esqueletos vivientes, en fantasmas guerreros.",2003-07-09,Accion,7.827
Misión: Imposible - Sentencia final,"El agente Ethan Hunt continúa su misión de impedir que Gabriel controle el tecnológicamente omnipotente programa de IA conocido como ""the Entity"".",2025-05-17,Accion,7.17
Vengadores: La era de Ultrón,"Cuando Tony Stark intenta reactivar un programa caído en desuso cuyo objetivo es mantener la paz, las cosas empiezan a torcerse y los héroes más poderosos de la Tierra, incluyendo a Iron Man, Capitán América, Thor, El Increíble Hulk, Viuda Negra y Ojo de Halcón, tendrán que afrontar la prueba definitiva cuando el destino del planeta se ponga en juego. Cuando el villano Ultron emerge, le corresponderá a Los Vengadores detener sus terribles planes, que junto a incómodas alianzas llevarán a una inesperada acción que allanará el camino para una épica y única aventura.",2015-04-22,Accion,7.273
El señor de los anillos: Las dos torres,"La Compañía del Anillo se ha disuelto. El portador del anillo Frodo y su fiel amigo Sam se dirigen hacia Mordor para destruir el Anillo Único y acabar con el poder de Sauron. Mientras, y tras la dura batalla contra los orcos donde cayó Boromir, el hombre Aragorn, el elfo Legolas y el enano Gimli intentan rescatar a los medianos Merry y Pipin, secuestrados por los ogros de Mordor. Por su parte, Saurón y el traidor Sarumán continúan con sus planes en Mordor, en espera de la guerra contra las razas libres de la Tierra Media.",2002-12-18,Accion,8.42
xXx: Reactivated,"La película gira en torno al regreso de Xander Cage, a quien todos creían muerto. Cage, alias xXx (Triple X), es un rebelde amante de los deportes extremos que adora romper las leyes y que por ello acaba siendo atrapado por las autoridades de EE.UU. Entonces se ve obligado a colaborar como agente encubierto participando en numerosos episodios de riesgo. Tras un fatídico incidente, Xander es dado por muerto. Pero ahora, vuelve a la acción de incógnita acompañado de su agente instructor Augustus Gibbons.",2017-01-13,Accion,6.1
Chainsaw Man - La película: El arco de Reze,"Denji trabajaba como cazador de demonios para la yakuza, tratando de saldar la deuda que había heredado de sus padres, pero la yakuza lo traicionó y lo mató. Antes de perder el conocimiento, Pochita, el perro-demonio motosierra de Denji, hizo un trato con él y le salvó la vida. Así se fusionaron, creando al imparable Chainsaw Man. Ahora, en medio de una brutal guerra entre demonios, cazadores y enemigos secretos, una misteriosa chica llamada Reze irrumpe en su mundo y Denji se enfrenta a su batalla más mortífera, impulsado por el amor, en un mundo donde la supervivencia no conoce reglas.",2025-09-19,Accion,8.424
Iron Man 2,"El mundo sabe que el multimillonario Tony Stark es Iron Man, el superhéroe enmascarado. Sometido a presiones por parte del gobierno, la prensa y la opinión pública para que comparta su tecnología con el ejército, Tony es reacio a desvelar los secretos de la armadura de Iron Man porque teme que esa información pueda caer en manos indeseables.",2010-04-28,Accion,6.855
Gladiator,"En el año 180, el Imperio Romano domina todo el mundo conocido. Tras una gran victoria sobre los bárbaros del norte, el anciano emperador Marco Aurelio decide transferir el poder a Máximo, bravo general de sus ejércitos y hombre de inquebrantable lealtad al imperio. Pero su hijo Cómodo, que aspiraba al trono, no lo acepta y trata de asesinar a Máximo.",2000-05-04,Accion,8.2
Sonic 3: La película,"Sonic, Knuckles y Tails se reúnen para enfrentarse a un nuevo y poderoso adversario, Shadow, un misterioso villano cuyos poderes no se parecen a nada de lo que nuestros héroes han conocido hasta ahora. Con sus facultades superadas en todos los sentidos, el Equipo Sonic tendrá que establecer una insólita alianza con la esperanza de detener a Shadow y proteger el planeta.",2024-12-19,Accion,7.617
Operación Sierra Madre,"El escuadrón del capitán Jordan Wright, de permiso para asistir a una boda en México, se topa con un cártel asesino. Mientras Jordan intenta poner a salvo a los supervivientes, estalla la guerra entre su escuadrón y el cártel, lo que le obliga a luchar para salvar a sus hombres.",2026-04-15,Accion,5.8
7 كلاب,,2026-05-27,Accion,6.4
அனலி,,2026-01-02,Accion,0.0
Cómo entrenar a tu dragón,"En la escarpada isla de Mema, donde vikingos y dragones han sido enemigos acérrimos durante generaciones, Hipo se desmarca desafiando siglos de tradición cuando entabla amistad con Desdentao, un temido dragón Furia Nocturna. Su insólito vínculo revela la verdadera naturaleza de los dragones y desafía los cimientos de la sociedad vikinga.",2025-06-06,Accion,7.928
Batman vs Superman: El amanecer de la justicia,"Ante el temor de las acciones que pueda llevar a cabo Superman, el vigilante de Gotham City aparece para poner a raya al superhéroe de Metrópolis, mientras que la opinión pública debate cuál es realmente el héroe que necesitan. El hombre de acero y Batman se sumergen en una contienda territorial, pero las cosas se complican cuando una nueva y peligrosa amenaza surge rápidamente, poniendo en jaque la existencia de la humanidad.",2016-03-23,Accion,6.0
Violencia en la frontera 2,Jóvenes combatientes indios se prepararon para proteger su patria de una amenaza mayor durante la guerra indo-pakistaní de 1971.,2026-01-23,Accion,7.2
"Buena suerte, pásalo bien, no mueras","Un hombre que afirma venir del futuro llega a un pequeño restaurante en Los Ángeles. Su misión: reclutar a los humanos descontentos para que, en el transcurso de una noche, formen parte de una misión global: detener a una inteligencia artificial que se ha vuelto rebelde y amenaza la supervivencia del mundo.",2026-02-13,Accion,7.023
xXx,"Xander Cage es XXX, un antiguo ganador de X-Games y atleta profesional de deportes de extremo, que sobrevive vendiendo videos de sus increíbles hazañas, las cuales hacen emitir adrenalina por todo el cuerpo. Pero después de incontables encuentros con la ley, su mundo está a punto de tomar un rumbo aún más extremo... Porque Xander no sabe que ha sido ""espiado"" por Augustus Gibbons, un agente veterano de la Agencia Nacional de Seguridad que se encuentra en una desesperada situación en la distante ciudad de Praga, en donde su operativo secreto ha sido asesinado por una pandilla de mafiosos con un estilo muy propio, que se llaman así mismos Anarchy 99, encabezados por el brutal ex-Comandante del Ejército Ruso Yorgi.",2002-08-09,Accion,5.988
Kung Fu Panda 4,"Po se prepara para ser el líder espiritual del Valle de la Paz, buscando un sucesor como Guerrero Dragón. Mientras entrena a un nuevo practicante de kung fu, enfrenta al villano llamado ""el Camaleón"", que evoca villanos del pasado, desafiando todo lo que Po y sus amigos han aprendido.",2024-03-02,Accion,7.007
Iron Man,"El multimillonario fabricante de armas Tony Stark debe enfrentarse a su turbio pasado después de sufrir un accidente con una de sus armas. Equipado con una armadura de última generación tecnológica, se convierte en 'El hombre de hierro' para combatir el mal a escala global.",2008-04-30,Accion,7.662
El botín,"El descubrimiento de varios millones de dólares en efectivo en un zulo abandonado de Miami quiebra la confianza de un grupo de policías. Ahora, todo y todos están bajo sospecha.",2026-01-13,Accion,7.088
Worldbreaker,"2030. Una biotoxina ha destrozado la civilización, transformando a los humanos en bestias letales conocidas como ""devoradores"". Para asegurar su seguridad, un hombre (Luke Evans) busca refugio en una isla desierta con su hija. Pero la llegada de un náufrago desencadena un enfrentamiento mortal. Padre e hija deben unir fuerzas para sobrevivir en un mundo donde ningún lugar es seguro.",2025-10-30,Accion,6.067
Spider-Man: un nuevo universo,"En un universo paralelo donde Peter Parker ha muerto, un joven de secundaria llamado Miles Morales es el nuevo Spider-Man. Sin embargo, cuando el líder mafioso Wilson Fisk construye el 'Super Colisionador' trae a una versión alternativa de Peter Parker que tratará de enseñar a Miles como ser un mejor Spider-Man. Pero no será el único Spider Man en entrar a este universo:  cuatro versiones alternativas buscan regresar a su universo antes de que toda la realidad se colapse.",2018-12-06,Accion,8.393
La guerra de las galaxias,"La princesa Leia, líder del movimiento rebelde que desea reinstaurar la República en la galaxia en los tiempos ominosos del Imperio, es capturada por las malévolas Fuerzas Imperiales, capitaneadas por el implacable Darth Vader, el sirviente más fiel del emperador. El intrépido Luke Skywalker, ayudado por Han Solo, capitán de la nave espacial ""El Halcón Milenario"", y los androides, R2D2 y C3PO, serán los encargados de luchar contra el enemigo y rescatar a la princesa para volver a instaurar la justicia en el seno de la Galaxia.",1977-05-25,Accion,8.206
Avatar: El sentido del agua,"Más de una década después de los acontecimientos de 'Avatar', los Na'vi Jake Sully, Neytiri y sus hijos viven en paz en los bosques de Pandora hasta que regresan los hombres del cielo. Entonces comienzan los problemas que persiguen sin descanso a la familia Sully, que decide hacer un gran sacrificio para mantener a su pueblo a salvo y seguir ellos con vida.",2022-12-14,Accion,7.593
Avatar: El sentido del agua,"Más de una década después de los acontecimientos de 'Avatar', los Na'vi Jake Sully, Neytiri y sus hijos viven en paz en los bosques de Pandora hasta que regresan los hombres del cielo. Entonces comienzan los problemas que persiguen sin descanso a la familia Sully, que decide hacer un gran sacrificio para mantener a su pueblo a salvo y seguir ellos con vida.",2022-12-14,Accion,7.593
Piratas del Caribe: En el fin del mundo,"Siguiendo la estela de lo sucedido en “Piratas del caribe: el cofre del hombre muerto”, encontramos a nuestros héroes Will Turner y Elizabeth Swann aliados con el capitán Barbossa, en una búsqueda desesperada para liberar al capitán Jack Sparrow de las manos de Davy Jones. Mientras, el terrorífico barco fantasma, el Holandés Errante, bajo el control de la Compañía de las Indias Orientales, causa estragos a lo largo de los Siete Mares. Will y Elizabeth, navegando en medio de la traición, la felonía y mares salvajes, deben seguir adelante rumbo a Singapur y enfrentarse al astuto pirata chino Sao Feng. Ahora, en los mismísimos confines de la tierra, todos ellos deben elegir un bando en la batalla final, ya que no sólo sus vidas y fortunas, sino también el futuro de la piratería clásica, pende de un hilo...",2007-05-19,Accion,7.273
Piratas del Caribe: El cofre del hombre muerto,"Will Turner y Elizabeth Swann se van a casar, pero ambos son hechos prisioneros por Lord Cutler Beckett y acusados de haber liberado al capitán Jack Sparrow. Para salvar su vida, Will tendrá que encontrar a Jack y conseguir su misteriosa brújula. Esta esconde un gran poder, además de la clave de una deuda de sangre del pirata con un temible y siniestro Davy Jones, el legendario capitán del barco fantasma Holandés Errante.",2006-07-06,Accion,7.382
Train to Busan,"Un virus letal se expande por Corea del Sur, provocando violentos altercados. Los pasajeros de un tren KTX que viaja de Seúl a Busan tendrán que luchar por su supervivencia.",2016-07-20,Accion,7.8
くノ一忍法帖III 秘戯伝説の怪,,1993-05-21,Accion,6.417
El quinto elemento,"Cada 5.000 años se abre una puerta entre las dimensiones. En una dimensión existe el Universo y la vida. En la otra dimensión existe un elemento que no está hecho ni de tierra, ni de fuego, ni de aire, ni de agua, sino que es una anti-energía, la anti-vida: es el quinto elemento.",1997-05-02,Accion,7.584
Lindas y letales,Un grupo de bailarinas lucha por sobrevivir mientras intentan escapar de una remota posada después de que su autobús se averíe de camino a una competición.,2026-03-13,Accion,6.767
Masters del universo,"Basada en la famosa serie animada. He-man y sus amigos deben viajar a la Tierra del siglo XX para rescatar una llave cósmica que les permita derrotar a Skeletor, que se ha apoderado del castillo de Grayskull y que mantiene prisionera a Sorceress. Los inconvenientes son que Skeletor posee otra llave y que la original está en manos de unos jóvenes terrícolas, que creen que es un instrumento musical.",1987-08-07,Accion,5.817
Batman vs Superman: El amanecer de la justicia,"Ante el temor de las acciones que pueda llevar a cabo Superman, el vigilante de Gotham City aparece para poner a raya al superhéroe de Metrópolis, mientras que la opinión pública debate cuál es realmente el héroe que necesitan. El hombre de acero y Batman se sumergen en una contienda territorial, pero las cosas se complican cuando una nueva y peligrosa amenaza surge rápidamente, poniendo en jaque la existencia de la humanidad.",2016-03-23,Accion,6.0
Pacific Rim,"Cuando legiones de monstruosas criaturas, denominadas Kaiju, comienzan a salir del mar, se inicia una guerra que acabará con millones de vidas y que consumirá los recursos de la humanidad durante interminables años. Para combatir a los Kaiju gigantes diseñan un tipo especial de arma: enormes robots, llamados Jaegers, que son controlados simultáneamente por dos pilotos cuyas mentes están bloqueadas en un puente neural. Pero incluso los Jaegers proporcionan poca defensa ante los incansables Kaiju. A punto de la derrota, las fuerzas que defienden a la humanidad no tienen otra elección que recurrir a dos insólitos héroes: un ex piloto acabado (Charlie Hunnam) y un aprendiz que todavía no se ha puesto a prueba (Rinko Kikuchi). Ambos se unen para traer a un legendario pero al parecer obsoleto Jaeger del pasado. Juntos, son la última esperanza de la humanidad frente al Apocalipsis que se avecina.",2013-07-11,Accion,6.93
Big Hero 6,"En la metrópolis de San Fransokio (cruce de San Francisco y Tokio), vive Hiro Hamada, quien aprende a sacar provecho de su capacidad gracias a su brillante hermano Tadashi y sus también brillantes amigos: la buscadora de adrenalina GoGo Tamago, el meticuloso de la limpieza Wasabi-No-Ginger, la genio de la química Honey Lemon y el fanático de los cómics Fred. Cuando tras un devastador giro de los acontecimientos, se ven envueltos en una peligrosa conspiración que tiene lugar en las calles de San Fransokio, Hiro recurre a su amigo más íntimo: un robot llamado Baymax, y transforma al grupo en una banda de héroes de última tecnología decididos a resolver el misterio.",2014-10-24,Accion,7.725
Depredador,"Un comando de mercenarios es contratados por la CIA para rescatar a unos pilotos apresados por las guerrillas en la selva Centroamericana. La misión resulta satisfactoria, pero durante su viaje de regreso se dan cuenta de que algo está dándoles caza uno a uno, ese algo resulta ser un cazador alienígena que se queda con las calaveras de sus víctimas como trofeos",1987-06-12,Accion,7.562
Los Increíbles,"Como Mr. Increíble y Elastigirl, Bob y su esposa Helen estaban entre los mejores luchadores contra el crimen. Por fin pueden volver a la acción cuando una misteriosa llamada cita a Bob en una isla remota.",2004-10-27,Accion,7.726
Fast & Furious X,"Durante numerosas misiones más que imposibles, Dom Toretto y su familia han sido capaces de ser más listos, de tener más valor y de ir más rápido que cualquier enemigo que se cruzara con ellos. Pero ahora tendrán que enfrentarse al oponente más letal que jamás hayan conocido: Un terrible peligro que resurge del pasado, que se mueve por una sangrienta sed de venganza y que está dispuesto a destrozar a la familia y destruir para siempre todo lo que a Dom le importa.",2023-05-17,Accion,6.993
John Wick 4,"John Wick descubre un camino para derrotar a la Alta Mesa. Pero para poder ganar su libertad, Wick deberá enfrentarse a un nuevo rival con poderosas alianzas en todo el mundo, capaz de convertir a viejos amigos en enemigos.",2023-03-21,Accion,7.7
Sin piedad,"En un futuro próximo, un detective (Chris Pratt) es acusado de asesinar a su esposa. Tiene 90 minutos para demostrar su inocencia ante la Jueza de la I.A. avanzada (Rebecca Ferguson), a la que él mismo defendió en su día, antes de que esta decida su destino.",2026-01-19,Accion,7.046
Venom: El último baile,"Eddie y Venom están a la fuga. Perseguidos por sus sendos mundos y cada vez más cercados, el dúo se ve abocado a tomar una decisión devastadora que hará que caiga el telón sobre el último baile de Venom y Eddie.",2024-10-22,Accion,6.673
TRON: Ares,"La historia de Ares, un programa muy sofisticado que se envía desde el mundo digital al mundo real en una misión peligrosa y que va a representar el primer encuentro de la humanidad con seres creados por la IA.",2025-10-08,Accion,6.495
La momia,"El legionario Rick O'Connell y su socio descubren durante una batalla en Egipto las ruinas de Hamunaptra, la ciudad de los muertos. Pasado un tiempo, este descubrimiento le permitirá salvar su vida y volver al lugar con una egiptóloga y su hermano, donde coinciden con un grupo de americanos. Todos ellos, seducidos por la aventura, provocarán la resurrección de la momia de un diabólico sacerdote egipcio que intenta desesperadamente recuperar a su amada.",1999-04-16,Accion,6.98
Iron Man 3,"El descarado y brillante empresario Tony Stark/Iron Man se enfrentará a un enemigo cuyo poder no conoce límites. Cuando Stark comprende que su enemigo ha destruido su universo personal, se embarca en una angustiosa búsqueda para encontrar a los responsables. Este viaje pondrá a prueba su entereza una y otra vez. Acorralado, Stark tendrá que sobrevivir por sus propios medios, confiando en su ingenio y su instinto para proteger a las personas que quiere.",2013-04-18,Accion,6.933
Diamante de sangre,"Con el caos y la guerra civil que en los años 90 envolvió Sierra Leona como telón de fondo, ""Diamante de sangre"" es la historia de Danny Archer, un ex mercenario sudafricano, y Solomon Vandy, un pescador de Mende. Ambos hombres son africanos, pero sus historias y sus circunstancias son completamente diferentes. Sus destinos se unen en la búsqueda conjunta para recuperar un diamante rosa, poco común, que puede transformar sus vidas. Mientras se halla en prisión por contrabando, Archer se entera de que Solomon, quien fue separado de su familia y obligado a trabajar en las minas de diamantes, ha encontrado y escondido la extraordinaria piedra sin pulir. Con la ayuda de Maddy Bowen, una periodista americana cuyo idealismo se ve atenuado por una profunda relación con Archer, los dos hombres emprenden un viaje por territorio rebelde.",2006-12-08,Accion,7.56
Sin piedad,"En un futuro próximo, un detective (Chris Pratt) es acusado de asesinar a su esposa. Tiene 90 minutos para demostrar su inocencia ante la Jueza de la I.A. avanzada (Rebecca Ferguson), a la que él mismo defendió en su día, antes de que esta decida su destino.",2026-01-19,Accion,7.046
Star Wars: Los últimos Jedi,"La malvada Primera Orden se ha vuelto más poderosa y tiene contra las cuerdas a la Resistencia, liderada por la General Leia Organa. El piloto Poe Dameron encabeza una misión para intentar destruir un acorazado de la Primera Orden. Mientras tanto, la joven Rey tendrá que definir su futuro y su vocación, y el viejo jedi Luke Skywalker revaluar el significado de su vida.",2017-12-13,Accion,6.75
John Wick 4,"John Wick descubre un camino para derrotar a la Alta Mesa. Pero para poder ganar su libertad, Wick deberá enfrentarse a un nuevo rival con poderosas alianzas en todo el mundo, capaz de convertir a viejos amigos en enemigos.",2023-03-21,Accion,7.7
El corredor del laberinto,"Thomas abre los ojos y se da cuenta que está en un ascensor. Lo extraño es que no recuerda nada, ni dónde está, ni quién es. Lo único que aún permanece intacto en su memoria es su nombre, y ya es mucho. Antes de que le dé tiempo a cuestionarse algo sobre sí mismo las puertas se abrirán y aparecerá ante él un extraño mundo. Todo lo que ve son chicos de su edad que tienen su mismo estado de amnesia. Una aventura fantástica que pronto destapará la dura realidad bajo ese velo de incertidumbre: todos ellos están atrapados en un laberinto. Si quieren tener alguna posibilidad de salir de allí y recuperar su antigua vida y aquello que no son capaces de recordar deberán unir fuerzas para escapar. Un mundo post-apocalíptico que les acorralará e irá un paso por delante será el desafío que tengan que pasar estos jóvenes por la libertad.",2014-09-10,Accion,7.19
Raja Shivaji,"Película basada en la vida de uno de los más grandes reyes guerreros de la India, Chhatrapati Shivaji Maharaj, quien se alzó contra poderosas fuerzas para sentar las bases del Swarajya. Vive este gran espectáculo histórico, creado para la pantalla grande.",2026-05-01,Accion,9.0
Independence Day,"En víspera del 4 de julio, unas gigantescas naves espaciales aparecen en el cielo. El estupor inicial se convierte en terror al ver cómo éstas atacan al planeta lanzando rayos destructivos en las mayores ciudades de todo el mundo. Ahora la única esperanza para la salvación de la tierra está en la voluntad de algunos supervivientes, que se unen planeando el último ataque masivo contra los alienígenas, antes de que sea demasiado tarde para la humanidad.",1996-06-25,Accion,6.913
Aquaman y el reino perdido,"Al no poder derrotar a Aquaman la primera vez, Black Manta, todavía impulsado por la necesidad de vengar la muerte de su padre, no se detendrá ante nada para derrotar a Aquaman de una vez por todas. Esta vez Black Manta es más formidable que nunca y ejerce el poder del mítico Tridente Negro, que desata una fuerza antigua y malévola.  Para derrotarlo, Aquaman recurrirá a su hermano encarcelado Orm, el ex rey de la Atlántida, para forjar una alianza improbable. Juntos, deben dejar de lado sus diferencias para proteger su reino y salvar a la familia de Aquaman, y al mundo, de una destrucción irreversible.",2023-12-20,Accion,6.5
El reino de los cielos,"Balián de Ibelín viaja a Jerusalén durante las cruzadas del siglo XII, donde será el defensor de su pueblo.",2005-05-03,Accion,7.057
Ballerina,"Eve Macarro es una asesina entrenada por la Ruska Roma desde su infancia, la misma organización criminal encargada del adiestramiento de John Wick. En esta violenta historia de venganza, Eve intentará por todos los medios averiguar quién está detrás del asesinato de su padre. En su lucha por conocer la verdad, tendrá que atenerse a las normas de la Alta Mesa y, por supuesto, a las del Hotel Continental, donde descubrirá que existen secretos ocultos sobre su pasado.",2025-06-04,Accion,7.254
El pacto de los lobos,"Gévaudan, en la Francia del siglo XVIII. Una monstruosa criatura devora salvajemente a los habitantes del lugar. Recién llegado de América, Grégoire de Fronsac recibe el encargo del rey Luis XV de identificar y encontrar a la fiera. Sin embargo Grégorie y su misterioso hermano de sangre, un indio llamado Mani, intentarán descubrir qué hay detrás de estos sucesos...",2001-01-31,Accion,6.743
La guerra del mañana,"Unos viajeros llegan desde el año 2051 para dar un mensaje: 30 años en el futuro, la humanidad estará perdiendo la guerra contra unos alienígenas. La única esperanza para sobrevivir es que los soldados y civiles vayan al futuro y se sumen a la batalla. Decidido a salvar el mundo por su hija, Dan Forester se une a una científica brillante y a su distante padre para reescribir el destino del planeta.",2021-09-03,Accion,7.503
Fast Forever,Decimoprimera entrega de la saga Fast & Furious.,2028-03-16,Accion,0.0
പേട്രിയറ്റ്,,2026-05-01,Accion,7.1
Solo Leveling: ReAwakening,"Ha pasado más de una década desde que un camino llamado ""portal"" que conecta este mundo con una dimensión alternativa apareció de repente, y personas con poderes sobrehumanos llamados ""cazadores"" han despertado. Los cazadores usan sus poderes sobrehumanos para conquistar mazmorras dentro de los portales para ganarse la vida y Sung Jinwoo, un cazador del rango más bajo, es considerado como el Cazador Más débil de Toda la Humanidad. Un día se encuentra con una mazmorra doble, una mazmorra de alto nivel oculta dentro de una de bajo nivel. Frente a un Jinwoo gravemente herido, surge una misteriosa ventana hacia una misión. Al borde de la muerte, Jinwoo decide encargarse de la misión, que le convierte en la única persona capaz de subir de nivel. Largometraje formado por una recapitulación de la primera temporada de la serie de anime homónima junto con un avance exclusivo de los dos primeros episodios de la segunda temporada.",2024-11-26,Accion,7.16
Troya,"A lo largo de los tiempos, los hombres han hecho la guerra. Unos por poder, otros por gloria o por honor, y algunos por amor. En la antigua Grecia, la pasión de dos de los amantes más legendarios de la historia, Paris, príncipe de Troya y Helena, reina de Esparta, desencadena una guerra que asolará una civilización. El rapto de Helena por Paris, separándola de su esposo, el rey Menelao, es un insulto que El orgullo familiar establece que una afrenta a Menelao es una afrenta a su hermano Agamenón, el poderoso rey de Micenas, que no tarda en reunir a todas las grandes tribus de Grecia para recuperar a Helena de manos de los troyanos y defender el honor de su hermano. La verdad es que la lucha por el honor por parte de Agamenón está corrompida por su incontenible codicia ya que necesita conquistar Troya para asumir el control del mar Egeo.",2004-05-13,Accion,7.2
Capitán América: Civil War,"Continúa la historia de “Avengers: Age of Ultron”, con Steve Rogers liderando un nuevo equipo de Vengadores en su esfuerzo por proteger a la humanidad. Tras otro incidente internacional relacionado con los Vengadores que ocasiona daños colaterales, la presión política fuerza a crear un sistema de registro y un cuerpo gubernamental para determinar cuándo se requiere los servicios del equipo. El nuevo status quo divide a los Vengadores mientras intentan salvar al mundo de un nuevo y perverso villano.",2016-04-27,Accion,7.449
Fast & Furious X,"Durante numerosas misiones más que imposibles, Dom Toretto y su familia han sido capaces de ser más listos, de tener más valor y de ir más rápido que cualquier enemigo que se cruzara con ellos. Pero ahora tendrán que enfrentarse al oponente más letal que jamás hayan conocido: Un terrible peligro que resurge del pasado, que se mueve por una sangrienta sed de venganza y que está dispuesto a destrozar a la familia y destruir para siempre todo lo que a Dom le importa.",2023-05-17,Accion,6.993
The Amazing Spider-Man 2: El poder de Electro,"Peter Parker lleva una vida muy ocupada, compaginando su tiempo entre su papel como Spider-Man, acabando con los malos, y en el instituto con la persona a la que quiere, Gwen. Peter no ve el momento de graduarse. No ha olvidado la promesa que le hizo al padre de Gwen de protegerla, manteniéndose lejos de ella, pero es una promesa que simplemente no puede cumplir. Las cosas cambiarán para Peter cuando aparece un nuevo villano, Electro, y un viejo amigo, Harry Osborn, regresa, al tiempo que descubre nuevas pistas sobre su pasado.",2014-04-16,Accion,6.543
ஜன நாயகன்,,,Accion,0.0
Kantara Una Leyenda Capítulo - 1,"Durante el reinado de los Kadamba, el rey Vijayendra, gobernante de la ficticia tierra feudataria de Bangra, encuentra su destino final mientras se aventura en el místico bosque de Kantara. Testigo de ello, su hijo Rajashekara sella las fronteras de su reino. Más tarde, el príncipe Kulashekara las reabre mediante una brutal masacre. El protagonista, Berme, en busca de prosperidad, cruza la brecha y enciende un conflicto de fe, poder y destino entre el Reino y la Naturaleza.",2025-10-01,Accion,7.129
Normal,"Ulysses es un sheriff sustituto que llega al tranquilo y apartado pueblo de Normal, Minnesota, huyendo de un pasado turbulento. Sin embargo, cuando el banco local es asaltado, su investigación desencadena una serie de eventos que revelan que el pueblo esconde una oscura y profunda red criminal.",2026-04-16,Accion,6.456
Terminator,"Un cyborg ha sido enviado desde el futuro en una misión mortal: eliminar a Sarah Connor, una joven cuya vida tendrá una gran importancia en los próximos años. Sarah tiene sólo un protector —Kyle Reese— también enviado desde el futuro. El Terminator utiliza su inteligencia excepcional y fuerza para encontrar a Sarah, pero ¿hay alguna forma de detener al cyborg aparentemente indestructible?",1984-10-26,Accion,7.684
Logan,"Sin sus poderes, por primera vez, Lobezno es verdaderamente vulnerable. Después de una vida de dolor y angustia, sin rumbo y perdido en el mundo donde los X-Men son leyenda, su mentor Charles Xavier lo convence de asumir una última misión: proteger a una joven que será la única esperanza para la raza mutante.",2017-02-28,Accion,7.8
Constantine,"John Constantine ha estado en el infierno y ha vuelto. Nació con un don que no deseaba, la capacidad de reconocer claramente a los ángeles y a los demonios que andan por la tierra bajo un aspecto humano, Constantine se vio empujado al suicido para escapar de la atormentadora claridad de su visión. Pero fracasó. Ahora, marcado por su intento de suicidio, patrulla la frontera terrenal entre el cielo y el infierno, esperando en vano ganarse el camino a la salvación enviando a los esbirros de Luciffer de vuelta al averno. Cuando una desesperada pero escéptica detective de policía consigue su ayuda para resolver la misteriosa muerte de su querida hermana gemela, su investigación les lleva a través del mundo de demonios y ángeles que subyace justo bajo el paisaje de la actual ciudad de Los Angeles. Atrapados en una catastrófica serie de acontecimientos sobrenaturales, los dos se encuentran inextricablemente involucrados y tratan de encontrar su propia paz a cualquier precio.",2005-02-08,Accion,7.17
El hobbit: La batalla de los cinco ejércitos,"Después de haber recuperado el reino del Dragón Smaug, la Compañía ha desencadenado, sin querer, una potencia maligna. Un Smaug enfurecido vuela hacia la Ciudad del Lago para acabar con cualquier resto de vida. Obsesionado sobre todo con el reino recuperado, Thorin sacrifica la amistad y el honor para mantenerlo mientras que Bilbo intenta frenéticamente hacerle ver la razón por la que el hobbit toma una decisión desesperada y peligrosa. Pero hay aún mayores peligros por delante. Sin la ayuda aparente del mago Gandalf, su gran enemigo Sauron ha enviado legiones de orcos hacia la Montaña Solitaria en un ataque furtivo. Cuando la oscuridad se cierna sobre ellos, las razas de los Enanos, Elfos y Hombres deben decidir si unirse o ser destruidos. Bilbo se encontrará así en la batalla épica de los Cinco Ejércitos, donde el futuro de la Tierra Media está en juego.",2014-12-10,Accion,7.335
Hunting Season,"Cuando una misteriosa joven aparece en la orilla de un río local, tanto la niña de doce años que la descubre como su sobreprotector padre cambian para siempre con la llegada de esta extraña a su hogar. Mientras, un despiadado capo de la droga no se detendrá ante nada para matarla de una vez por todas.",2025-12-05,Accion,6.962
El quinto elemento,"Cada 5.000 años se abre una puerta entre las dimensiones. En una dimensión existe el Universo y la vida. En la otra dimensión existe un elemento que no está hecho ni de tierra, ni de fuego, ni de aire, ni de agua, sino que es una anti-energía, la anti-vida: es el quinto elemento.",1997-05-02,Accion,7.584
Guerra Mundial Z,"Cuando el mundo comienza a ser invadido por una legión de muertos vivientes, Gerry Lane, un experto investigador de las Naciones Unidas, intentará evitar el fin de la civilización en una carrera contra el tiempo y el destino. La destrucción a la que se ve sometida la raza humana lo lleva a recorrer el mundo entero buscando la solución para frenar esa horrible epidemia.",2013-06-19,Accion,6.836
Protector,"La vida pacífica de Nikki, una exheroína de guerra, se ve destrozada cuando su hija es secuestrada. Inmersa en el submundo criminal mientras es perseguida por policías y militares, debe luchar para rescatar a su hija.",2026-02-20,Accion,8.546
Todo a la vez en todas partes,"Cuando una ruptura interdimensional altera la realidad, Evelyn, una inmigrante china en Estados Unidos, se ve envuelta en una aventura salvaje en la que sólo ella puede salvar el mundo. Perdida en los mundos infinitos del multiverso, esta heroína inesperada debe canalizar sus nuevos poderes para luchar contra los extraños y desconcertantes peligros del multiverso mientras el destino del mundo pende de un hilo.",2022-03-24,Accion,7.719
Starbright,Una mujer encuentra el secreto para hacer realidad sus deseos.,2026-02-27,Accion,5.921
Vengadores: Doomsday,Quinta entrega de la saga 'Vengadores' incluida en el Universo Cinematográfico Marvel (UCM). Sinopsis desconocido.,2026-12-16,Accion,0.0
Doctor Strange en el multiverso de la locura,"Viaja a lo desconocido con el Doctor Strange, quien, con la ayuda de tanto antiguos como nuevos aliados místicos, recorre las complejas y peligrosas realidades alternativas del multiverso para enfrentarse a un nuevo y misterioso adversario.",2022-05-04,Accion,7.229
Kung Fu Panda,"El protagonista es un oso panda llamado Po, el más vago de todas las criaturas del Valle de la Paz. Con poderosos enemigos acercándose, la esperanza es depositada en una antigua profecía que dice que un héroe se alzará para salvarles. Voces originales de Jack Black, Angelina Jolie, Dustin Hoffman, Lucy Liu & Jackie Chan.",2008-06-04,Accion,7.325
Cuenta atrás,"Unos obreros de la construcción encuentran una bomba de la Segunda Guerra Mundial sin explotar en pleno centro de Londres, lo que les obliga a evacuar la ciudad para salvar a la multitud de transeúntes inocentes que se encuentran en las inmediaciones. Unos ladrones oportunistas aprovecharán el caos para llevar a cabo un elaborado atraco.",2026-03-23,Accion,6.454
The Running Man,"En una América distópica en el año 2025, Ben Richards participa en el violento reality show ""The Running Man"" con el fin de ganar suficiente dinero para revivir a su hija gravemente enferma.",2025-11-11,Accion,6.781
Juego con la muerte,"Billy es un famoso artista marcial con una prometedora carrera por delante. El Dr. Lamb, el líder de un sindicato que explota a artistas quiere que Billy fiche para él. Pero Billy se niega a firmar el contrato y entonces empieza una guerra sin cuartel entre Billy y el sindicato para conseguir su libertad.",1978-03-23,Accion,6.403
"Deseo, peligro","Shanghai, 1942. La ciudad está ocupada por los japoneses. La señora Mak, una mujer rica y sofisticada, recuerda cómo empezó todo en 1938. Su verdadero nombre no es Mak, sino Wong Chia Chi. Poco antes de estallar la II Guerra Mundial (1939-1945), su padre huyó a Inglaterra y la dejó en China. Era estudiante universitaria y conoció a Kuang Yu Min, que acababa de fundar una compañía de teatro para fomentar el patriotismo. Wong Chia Chi se convirtió en la primera actriz de la compañía. Kuang, por su parte, convenció a un grupo de estudiantes para que asesinaran al señor Yee, un importante colaborador de los japoneses. Wong Chia Chi colaboró en el plan haciéndose pasar por la señora Mak: su cometido era hacerse amiga de la mujer de Yee para ganarse la confianza de éste y seducirlo. Todo iba sucediendo según lo previsto, hasta que se produjo un acontecimiento inesperado.",2007-09-24,Accion,7.276
Heat,"Neil McCauley es un experto ladrón. Su filosofía consiste en vivir sin ataduras que puedan constituir un obstáculo, si las cosas se complican. Su banda la forman criminales profesionales tan cualificados que pueden impresionar incluso al detective Vincent Hanna. Pero Hannah vive tan obsesionado con su trabajo que llega incluso a poner en peligro su relación sentimental. Cuando la banda de McCauley prepara el golpe definitivo y el equipo de Hannah intenta evitarlo, cada uno de ellos comprende que tiene que vérselas con una de las mentes más brillantes a la que se ha enfrentado en su carrera.",1995-12-15,Accion,7.937
Piratas del Caribe: En mareas misteriosas,"Cuando Jack Sparrow vuelve a encontrarse con una mujer a la que había conocido años atrás, no está seguro de si se trata de amor o si ella es una estafadora sin escrúpulos que lo está utilizando para encontrar la legendaria Fuente de la Juventud. A todo esto, Jack es capturado por el Venganza de la Reina Ana, el barco del temible pirata Barbanegra, que lo obliga a unirse a su tripulación, lo que le hará vivir una inesperada aventura en la que no sabe quién le inspira más miedo si Barbanegra o esa mujer que regresa del pasado.",2011-05-15,Accion,6.57
Cuenta atrás,"Unos obreros de la construcción encuentran una bomba de la Segunda Guerra Mundial sin explotar en pleno centro de Londres, lo que les obliga a evacuar la ciudad para salvar a la multitud de transeúntes inocentes que se encuentran en las inmediaciones. Unos ladrones oportunistas aprovecharán el caos para llevar a cabo un elaborado atraco.",2026-03-23,Accion,6.454
Mortal Game,"Un grupo de cazadores viaja a una isla remota para rastrear a una criatura legendaria. Al descubrir que su guía los ha traicionado para usarlos como carnada, quedan atrapados y a merced de un depredador inteligente que los acecha uno a uno.",2025-02-03,Accion,4.917
El increíble Hulk,"El científico Bruce Banner recorre el mundo tratando de encontrar una cura a su problema, en busca de un antídoto que le permita librarse de su Alter Ego. Perseguido por el ejército y por su propia rabia interna, es incapaz de sacar de su cabeza a Betty Ross. Así que se decide a volver a la civilización, donde debe enfrentarse a una criatura creada cuando el agente de la KGB, Emil Blonsky, se expone a una dosis superior de la radiación que convirtió a Bruce en Hulk. Incapaz de volver a su estado humano, Emil hace responsable a Hulk de su aterradora condición, mientras que la ciudad de Nueva York se convierte en el escenario de la última batalla entre las dos criaturas más poderosas que jamás han pisado la Tierra.",2008-06-12,Accion,6.243
Thor: Ragnarok,"Thor está preso al otro lado del universo sin su poderoso martillo y se enfrenta a una carrera contra el tiempo. Su objetivo es volver a Asgard y parar el Ragnarok porque significaría la destrucción de su planeta natal y el fin de la civilización Asgardiana a manos de una todopoderosa y nueva amenaza, la implacable Hela. Pero, primero deberá sobrevivir a una competición letal de gladiadores que lo enfrentará a su aliado y compañero en los Vengadores, ¡el Increíble Hulk!",2017-10-02,Accion,7.581
El hobbit: Un viaje inesperado,"Precuela de la trilogía ""El Señor de los Anillos"", obra de J.R.R. Tolkien. En compañía del mago Gandalf y de trece enanos, el hobbit Bilbo Bolsón emprende un viaje a través del país de los elfos y los bosques de los trolls, desde las mazmorras de los orcos hasta la Montaña Solitaria, donde el dragón Smaug esconde el tesoro de los Enanos. Finalmente, en las profundidades de la Tierra, encuentra el Anillo Único, hipnótico objeto que será posteriormente causa de tantas sangrientas batallas en la Tierra Media.",2012-12-12,Accion,7.376
El profesional (Léon),"Stan es un corrupto agente de la DEA cuya codicia le lleva a cometer asesinatos en las calles de Nueva York. El mortal juego del gato y el ratón empieza cuando se cruza en su camino un solitario hombre, llamado León. León es asesino a sueldo, un personaje indestructible e indocumentado, que sólo bebe leche y se ocupa de sus plantas. En medio se encuentra una huerfanita de 12 años, que no puede olvidar al hombre que asesinó a su familia.",1994-09-14,Accion,8.294
"Deseo, peligro","Shanghai, 1942. La ciudad está ocupada por los japoneses. La señora Mak, una mujer rica y sofisticada, recuerda cómo empezó todo en 1938. Su verdadero nombre no es Mak, sino Wong Chia Chi. Poco antes de estallar la II Guerra Mundial (1939-1945), su padre huyó a Inglaterra y la dejó en China. Era estudiante universitaria y conoció a Kuang Yu Min, que acababa de fundar una compañía de teatro para fomentar el patriotismo. Wong Chia Chi se convirtió en la primera actriz de la compañía. Kuang, por su parte, convenció a un grupo de estudiantes para que asesinaran al señor Yee, un importante colaborador de los japoneses. Wong Chia Chi colaboró en el plan haciéndose pasar por la señora Mak: su cometido era hacerse amiga de la mujer de Yee para ganarse la confianza de éste y seducirlo. Todo iba sucediendo según lo previsto, hasta que se produjo un acontecimiento inesperado.",2007-09-24,Accion,7.276
Shaolin Soccer,Un joven seguidor de Shaolin reúne a sus hermanos para formar un equipo de fútbol usando sus habilidades en artes marciales a su favor.,2001-07-05,Accion,7.17
El precio del poder,"Un emigrante cubano frío y sanguinario, Tony Montana, llega de Cuba para instalarse en Miami, donde se propone hacerse con un nombre dentro del crimen organizado de Florida. Junto a su amigo, Manny Rivera, inicia una ascendente carrera delictiva.",1983-12-09,Accion,8.155
Mad Max: Furia en la carretera,"Perseguido por su turbulento pasado, Mad Max cree que la mejor forma de sobrevivir es ir solo por el mundo. Sin embargo, se ve arrastrado a formar parte de un grupo que huye a través del desierto en un War Rig conducido por una Emperatriz de élite: Furiosa. Escapan de una Ciudadela tiranizada por Immortan Joe, a quien han arrebatado algo irreemplazable. Enfurecido, el Señor de la Guerra moviliza a todas sus bandas y persigue implacablemente a los rebeldes en una 'guerra de la carretera' de altas revoluciones.",2015-05-13,Accion,7.634
La roca,"Un grupo de soldados renegados roba un arma química y toma la antigua cárcel de Alcatraz con 81 turistas como rehenes. Su líder, un general del ejército muy condecorado, pide 100 millones de dólares para entregárselos a las familias de los soldados muertos en operaciones secretas llevadas a cabo por el ejército. Un equipo de élite y un recluso, que en su día pudo huir de Alcatraz, y que conoce los pasadizos que pueblan la prisión, tratarán de evitar que una gran catástrofe se produzca.",1996-06-07,Accion,7.2
"El gangster, el policía y el diablo",Un jefe de la mafia (Ma Dong-seok) y un oficial de policía responsable de un sanguinario comando (Kim Mu-yeol) tendrán que dejar a un lado sus diferencias para unirse en la persecución de un asesino de nombre K (Kim Sung-kyun).,2019-05-15,Accion,7.868
Animal,,2023-12-01,Accion,6.122
Corazones de acero,"Abril de 1945. Al mando del veterano sargento Wardaddy, un pelotón de cinco soldados americanos a bordo de un carro de combate -el Fury- ha de luchar contra un ejército nazi al borde de la desesperación, pues los alemanes saben que su derrota estaba ya cantada por aquel entonces.",2014-10-15,Accion,7.547
Cara a cara,"Para vengar la muerte de su hijo, el Agente del FBI San Archer se hace una peligrosa operación consistente en cambiar su cara por la del terrorista Castor Troy, que está en estado de coma. Peor cuando Castor despierta y toma la identidad de Sean, comienza para éste su peor pesadilla, teniendo que luchar no sólo por salvar su vida sino la de su mujer e hija.",1997-06-27,Accion,7.057
Capitán América: Brave New World,"Tras reunirse con el recién elegido presidente de los EE. UU., Thaddeus Ross, Sam se encuentra en medio de un incidente internacional. Debe descubrir el motivo que se esconde tras un perverso complot global, antes de que su verdadero artífice enfurezca al mundo entero.",2025-02-12,Accion,5.969
Thunderbolts*,"Un grupo de supervillanos poco convencional es reclutado para hacer misiones para el gobierno: Yelena Belova, Bucky Barnes, Red Guardian, Ghost, Taskmaster y John Walker. Después de verse atrapados en una trampa mortal urdida por Valentina Allegra de Fontaine, estos marginados deben embarcarse en una peligrosa misión que les obligará a enfrentarse a los recovecos más oscuros de su pasado.",2025-04-30,Accion,7.29
Guardianes de la Galaxia: Volumen 3,"La querida banda de los Guardianes se instala en Knowhere. Pero sus vidas no tardan en verse alteradas por los ecos del turbulento pasado de Rocket. Peter Quill, aún conmocionado por la pérdida de Gamora, debe reunir a su equipo en una peligrosa misión para salvar la vida de Rocket, una misión que, si no se completa con éxito, podría muy posiblemente conducir al final de los Guardianes tal y como los conocemos.",2023-05-03,Accion,7.931
El hombre de acero,"Un niño descubre que posee poderes extraordinarios y que no pertenece a este planeta. En su juventud, viaja para descubrir sus orígenes y las razones por las cuales ha sido enviado a la Tierra. Pero el héroe que lleva dentro tiene que emerger para que pueda salvar al mundo de la aniquilación y convertirse en el símbolo de esperanza para la humanidad.",2013-06-12,Accion,6.651
Proyecto Rampage,"Davis Okoye es un especialista en primates de reconocido prestigio que mantiene un vínculo muy importante con un singular gorila albino llamado George, un animal que posee una inteligencia extraordinaria y al que lleva cuidando desde su nacimiento. Cuando este gorila es víctima de una peligrosa modificación genética, su ADN mutará rápidamente y de manera incontrolada. Será entonces cuando George crezca de forma exponencial y se convierta en un monstruo violento. Su tamaño, rapidez, agilidad y violencia estará fuera de control.  Pero este gorila no es el único animal que ha mutado, Okoye pronto descubrirá que hay otros animales que tienen el mismo problema, y que destruyen todo lo que encuentran a su paso. Para frenar esta amenaza y recuperar a su entrañable compañero, Okoye deberá enfrentarse a los responsables de esta mutación que está sembrando el pánico en el mundo, pues el primatólogo es el único capaz de frenar a estos monstruos y su amenaza.",2018-04-11,Accion,6.458
El caballero oscuro: La leyenda renace,"Hace ocho años que Batman desapareció, dejando de ser un héroe para convertirse en un fugitivo. Al asumir la culpa por la muerte del fiscal del distrito Harvey Dent, el Caballero Oscuro decidió sacrificarlo todo por lo que consideraba, al igual que el Comisario Gordon, un bien mayor. La mentira funciona durante un tiempo, ya que la actividad criminal de la ciudad de Gotham se ve aplacada gracias a la dura Ley Dent. Pero todo cambia con la llegada de una astuta gata ladrona que pretende llevar a cabo un misterioso plan. Sin embargo, mucho más peligrosa es la aparición en escena de Bane, un terrorista enmascarado cuyos despiadados planes obligan a Bruce a regresar de su voluntario exilio.",2012-07-17,Accion,7.795
Cara a cara,"Para vengar la muerte de su hijo, el Agente del FBI San Archer se hace una peligrosa operación consistente en cambiar su cara por la del terrorista Castor Troy, que está en estado de coma. Peor cuando Castor despierta y toma la identidad de Sean, comienza para éste su peor pesadilla, teniendo que luchar no sólo por salvar su vida sino la de su mujer e hija.",1997-06-27,Accion,7.057
Aprendiz de caballero,"Italia, durante la época de la peste negra. Un grupo de jóvenes de la ciudad de Florencia se refugia lejos de la plaga. Para pasar el tiempo, se cuentan una serie de historias acerca del amor y la aventura. Lorenzo de Lamberti (Christensen), un joven rufián siempre metido en trifulcas de espadas y devaneos amorosos, se hace pasar por jardinero en un convento para esconderse de Gerbino de la Ratta (Roth), un noble codicioso y despiadado que ha puesto precio a su cabeza. Un beso furtivo con una joven desconocida (Barton) le hará conocer el amor y, desde entonces, su objetivo será encontrar a esa mujer misteriosa de la que no conoce el rostro: sólo los labios... Adaptación libre del clásico de Boccaccio ""El decamerón""",2007-12-17,Accion,5.0
Hellfire,"Un hombre solitario llega a un pequeño pueblo y descubre que sus habitantes viven bajo el control de un líder cruel, así que decide intervenir para intentar liberarlos.",2026-05-14,Accion,5.4
Deadpool,"Basado en el anti-héroe menos convencional de Marvel, Deadpool narra el origen de un ex agente de las fuerzas especiales llamado Wade Wilson, reconvertido a mercenario, y que tras ser sometido a un cruel experimento para curar su cáncer adquiere poderes de curación rápida, adoptando entonces el alter ego de Deadpool. Armado con sus nuevas habilidades y un oscuro y retorcido sentido del humor, Deadpool intentará dar caza al hombre que casi destruye su vida.",2016-02-09,Accion,7.624
Speed: Máxima potencia,"Jack Traven es un intrépido policía de Los Angeles. La supervivencia en esta ciudad para un agente de la ley no es tarea fácil, pero Jack, además de disfrutar de una proverbial buena suerte, conoce perfectamente los trucos para sortear el peligro. Sin embargo, tendrá que afrontar una dura prueba cuando queda atrapado en un autobús urbano que lleva instalada una bomba programada para explotar si el vehículo disminuye su velocidad a menos de 50 millas por hora (80km/h). Empieza así una loca carrera por la ciudad.",1994-06-09,Accion,7.155
Aquaman,"Arthur Curry, también conocido como Aquaman, es un habitante de un poderoso reino subacuático que recibe el nombre de la Atlántida. En esta película repleta de acción, aventura, e incluso partes de terror, conoceremos sus orígenes, desde que era un niño criado por un hombre humano y considerado un paria por los suyos, hasta que crece y debe hacer frente a los problemas que han aparecido en su mundo. Entonces, este hombre mitad humano y mitad atlante, emprenderá el viaje de su vida, en el que tendrá que descubrir quién es realmente y si es digno de ser un rey. Acompañado de Mera, hará frente a este y otros retos, mientras le planta cara a Black Manta y a su propio hermanastro Orm. ¿Será capaz de dirigir a su pueblo y convertirse en un héroe para el mundo?",2018-12-07,Accion,6.868
The equalizer (El protector),"Robert McCall, un antiguo agente de la CIA que lleva ahora una vida tranquila, abandona su retiro para ayudar a Teri, que está siendo explotada por la mafia rusa. A pesar de que aseguró no volver a ser violento, contemplar tanta crueldad despertará en Robert un implacable y renovado deseo de justicia.",2014-09-24,Accion,7.3
Fast & Furious 7,"Ha pasado un año desde que el equipo de Dominic Torreto y Brian pudiera regresar finalmente a Estados Unidos, tras ser indultados. Desean adaptarse a una vida en la legalidad, pero el entorno ya no es el mismo. Dom intenta acercarse a Letty, y Brian lucha para acostumbrarse a la vida en una urbanización con Mia y su hijo. Ninguno de ellos imagina que un frío asesino británico, entrenado para realizar operaciones secretas, se cruzará en sus vidas para convertirse en su mayor enemigo.",2015-04-01,Accion,7.217
Maléfica,"Es la historia jamás contada de Maléfica, la villana más querida de Disney, la mala de 'La Bella durmiente', el clásico de 1959. La película relata los acontecimientos que endurecieron su corazón y la llevaron a lanzar una maldición sobre la pequeña Aurora.",2014-05-28,Accion,7.088
Humint,"Un agente surcoreano investiga una red de narcotráfico en Rusia y debe colaborar con un agente norcoreano, lo cual los lleva correr riesgos y descubrir secretos muy turbios.",2026-02-11,Accion,7.477
RRR,Un cuento de ficción sobre dos revolucionarios indios legendarios y su viaje lejos de casa antes de que comenzaran a luchar por su país en la década de 1920.,2022-03-24,Accion,7.7
Primitive War,"Vietnam, 1968. El equipo de reconocimiento Vulture Squad se adentra en un valle aislado para investigar un pelotón de Boinas Verdes desaparecido. Su misión toma un giro oscuro cuando descubren una amenaza invisible.",2025-08-21,Accion,6.632
Bumblebee,"Sexta entrega de la saga 'Transformers', esta vez centrada en el ""hermano pequeño"" de los Autobots, Bumblebee. Tratando de escapar, en el año 1987, Bumblebee encuentra refugio en un depósito de chatarra en una pequeña ciudad en la costa Californiana. Charlie (Hailee Steinfeld), a punto de cumplir 18 años y tratando de encontrar su lugar en el mundo, descubre a Bumblebee, dañado durante una batalla y descompuesto. Cuando Charlie lo revive, aprende rápidamente que éste no es un VW amarillo ordinario.",2018-11-22,Accion,6.721
Fuerza bruta,"El «policía bestia» Ma Seok-do se dirige a un país extranjero para extraditar a un sospechoso, pero poco después de su llegada, descubre otros casos de asesinato y se entera de la existencia de un despiadado asesino que lleva varios años cometiendo crímenes contra turistas.",2022-05-18,Accion,7.3
La mujer policia 3,Es una carrera contra el tiempo y no habrá piedad. Shivani Shivaji Roy regresa para rescatar a las chicas que desaparecen sin dejar rastro.,2026-01-30,Accion,7.426
Capitán América: Brave New World,"Tras reunirse con el recién elegido presidente de los EE. UU., Thaddeus Ross, Sam se encuentra en medio de un incidente internacional. Debe descubrir el motivo que se esconde tras un perverso complot global, antes de que su verdadero artífice enfurezca al mundo entero.",2025-02-12,Accion,5.969
Mortal Kombat,"Durante nueve generaciones, Shang Tsung, un brujo malvado, ha llevado a un poderoso príncipe a la victoria contra sus mortales enemigos. Si vence el décimo torneo Mortal Kombat, la desolación y el mal que han florecido en el mundo exterior reinarán la Tierra por siempre.",1995-08-18,Accion,5.911
Kraven the Hunter,"Kraven, un hombre cuya compleja relación con su despiadado padre, Nikolai Kravinoff, le hace emprender un camino de venganza con brutales consecuencias, motivándole a convertirse no sólo en el mejor cazador del mundo, sino también en uno de los más temidos.",2024-12-11,Accion,6.4
Beekeeper: El protector,"La brutal campaña de venganza de Adam Clay adquiere tintes nacionales tras revelarse que es un antiguo agente de una poderosa organización clandestina conocida como ""Beekeeper"".",2024-01-08,Accion,7.267
Desafío total,"Tierra, año 2084. Doug Quaid, un hombre normal con una vida tranquila, está atormentado por una pesadilla que le lleva todas las noches hasta Marte. Decide entonces recurrir al laboratorio Memory-call, una empresa de vacaciones virtuales que le ofrece la oportunidad de materializar su sueño gracias a un fuerte alucinógeno. Sin embargo, su intento resulta en fracaso. La droga resucita de su memoria una estancia verdadera en Marte cuando era el más temido agente del cruel Coohagen.",1990-06-01,Accion,7.321
Aprendiz de caballero,"Italia, durante la época de la peste negra. Un grupo de jóvenes de la ciudad de Florencia se refugia lejos de la plaga. Para pasar el tiempo, se cuentan una serie de historias acerca del amor y la aventura. Lorenzo de Lamberti (Christensen), un joven rufián siempre metido en trifulcas de espadas y devaneos amorosos, se hace pasar por jardinero en un convento para esconderse de Gerbino de la Ratta (Roth), un noble codicioso y despiadado que ha puesto precio a su cabeza. Un beso furtivo con una joven desconocida (Barton) le hará conocer el amor y, desde entonces, su objetivo será encontrar a esa mujer misteriosa de la que no conoce el rostro: sólo los labios... Adaptación libre del clásico de Boccaccio ""El decamerón""",2007-12-17,Accion,5.0
En busca del arca perdida,"Año 1936, Indiana Jones es un profesor de arqueología, dispuesto a correr peligrosas aventuras con tal de conseguir valiosas reliquias históricas. Después de una infructuosa misión en Sudamérica, el gobierno estadounidense le encarga la búsqueda del Arca de la Alianza, donde se conservan las Tablas de la Ley que Dios entregó a Moisés. Según la leyenda, quien las posea tendrá un poder absoluto, razón por la cual también la buscan los nazis.",1981-06-12,Accion,7.924
Hora punta,"Dos detectives diferentes son asignados en un mismo caso. Ambos tendrán que adaptarse a las costumbres del otro para poder concluir su trabajo con éxito, pero no va a ser una tarea fácil. El detective inspector Lee es el rey de las artes marciales y pertenece a la Royal Hong Kong Police. Su pupila preferida es la hija de once años del Cónsul chino, de la cual el inspector Lee es su guardaespaldas y su mejor amigo. Esta muchacha es capturada y llevada a los Estados Unidos por un peligroso grupo criminal. Hasta allí tendrá que viajar el inspector y, donde se unirá a la investigación con un departamento del FBI y, concretamente, al detective James Carter, un arrogante e impulsivo agente de policía. La explosiva pareja tendrá que enfrentarse a una banda de criminales muy peligrosa, y contarán con la ayuda de Tania Johnson, una experta en artefactos explosivos.",1998-09-18,Accion,7.079
Thor,"Thor es un arrogante y codicioso guerrero cuya imprudencia desata una antigua guerra. Por ese motivo, su padre Odín lo castiga desterrándolo a la Tierra para que viva entre los hombres y descubra así el verdadero sentido de la humildad. Cuando el villano más peligroso de su mundo envía a la Tierra a las fuerzas más oscuras de Asgard, Thor se dará cuenta de lo que realmente hace falta para ser un verdadero héroe.",2011-04-21,Accion,6.771
Sin tiempo para morir,"James Bond se encuentra disfrutando de unas merecidas vacaciones en Jamaica. Sin embargo, su paz termina cuando su amigo de la CIA, Felix Leiter, lo busca para una nueva misión que implica rescatar a un importante científico que ha sido secuestrado.",2021-09-29,Accion,7.339
Deadpool 2,"Wade Wilson, mejor conocido como Deadpool, su nombre de batalla e identidad antiheroica, está de regreso y en esta ocasión su misión será salvar a un chico llamado Russell de las manos de un poderoso rival llamado Cable. En aras de dar cumplimiento a su tarea el antihéroe formará un grupo al cual pondrá el nombre de X-Force. Secuela de la exitosa película Deadpool (2016), parodia de los superhéroes mutantes.",2018-05-15,Accion,7.491
Indiana Jones y el reino de la calavera de cristal,"Indiana Jones y el joven Mutt se proponen encontrar la Calavera de Cristal de Akator. Los agentes soviéticos tienen ese mismo objetivo. Liderados por la bella Irina Spalko, creen que el artilugio ayudará a su país a dominar el mundo si consiguen descifrar su secreto.",2008-05-21,Accion,6.025
Ant-Man,"Armado con la asombrosa capacidad de reducir su tamaño a la dimensiones de un insecto, el estafador Scott Lang debe sacar a relucir al héroe que lleva dentro y ayudar a su mentor, el doctor Hank Pym, a proteger de una nueva generación de amenazas el secreto que se esconde tras el traje de Ant-Man, con un casco que le permite comunicarse con las hormigas. A pesar de los obstáculos aparentemente insuperables que les acechan, Pym y Lang deben planear y llevar a cabo un atraco para intentar salvar al mundo.",2015-07-14,Accion,7.066
La liga de la justicia de Zack Snyder,"Con la determinación de asegurar que el sacrificio definitivo de Superman no fue en vano, Bruce Wayne une fuerzas con Diana Prince para reclutar a un equipo de metahumanos que protejan el mundo de una amenaza inminente de proporciones catastróficas. La tarea es más difícil de lo que Bruce imaginaba, ya que cada uno de los reclutas deberá enfrentarse a sus propios demonios para trascender aquello que los detenía, para unirse y formar de manera definitiva una liga de héroes sin precedentes. Ahora unidos, Batman, Wonder Woman, Aquaman, Cyborg y Flash deberán salvar al planeta de la amenaza de Steppenwolf, DeSaad y Darkseid, antes de que sea demasiado tarde.",2021-03-18,Accion,8.088
名探偵コナン ハイウェイの堕天使,,2026-04-10,Accion,8.0
Casino Royale,"La primera misión del agente británico James Bond como agente 007 lo lleva hasta Le Chiffre, banquero de los terroristas de todo el mundo. Para detenerlo y desmantelar la red terrorista, Bond debe derrotarlo en una arriesgada partida de póquer en el Casino Royale. Al principio a Bond le disgusta Vesper Lynd, la hermosa oficial del Tesoro que debe vigilar el dinero del gobierno. Pero, a medida que Bond y Vesper se ven obligados a defenderse juntos de los mortales ataques de Le Chiffre y sus secuaces, nace entre ellos una atracción mutua.",2006-11-14,Accion,7.571
Sisu: Camino a la venganza,"Al regresar a la casa donde su familia fue brutalmente asesinada durante la guerra, «el hombre que se niega a morir» la desmantela, la carga en un camión y se propone reconstruirla en un lugar seguro en honor a ellos. Cuando el comandante del Ejército Rojo que mató a su familia regresa empeñado en terminar el trabajo, se produce una implacable y espectacular persecución a través del país, una lucha a muerte llena de escenas de acción increíbles e ingeniosas.",2025-10-21,Accion,7.306
Black Panther: Wakanda Forever,"La reina Ramonda, Shuri, M’Baku, Okoye y las Dora Milaje, luchan para proteger su nación de la injerencia de potencias mundiales a raíz de la muerte del rey T’Challa. Mientras los wakandianos se esfuerzan por adaptarse a su nueva etapa, los héroes deben actuar unidos, con la ayuda del Perro de la Guerra Nakia y Everett Ross, y forzar un nuevo destino para el reino de Wakanda.",2022-11-09,Accion,7.006
King Kong,"La suerte de Ann Darrow cambia cuando conoce a Carl Denham, un empresario que lucha para abrirse camino en el mundo del espectáculo. A ellos se une Jack Driscoll, un autor de teatro neoyorquino. Los tres emprenden un viaje que los llevará hasta una remota isla, donde Denham tiene previsto dirigir una película. Allí descubren un ser increíble, un gorila gigante, King Kong, que habita en una frondosa selva, donde criaturas prehistóricas han vivido ocultas durante millones de años. Denham, con un apetito insaciable de grandeza, enseguida ve la fama que puede reportarle la captura del gorila y su exhibición en Nueva York.",2005-12-12,Accion,6.892
K.G.F: Chapter 2,"La tierra empapada de sangre de Kolar Gold Fields (KGF) ahora tiene un nuevo señor supremo. Rocky, cuyo nombre infunde miedo en el corazón de sus enemigos. Sus aliados admiran a Rocky como su salvador, el gobierno lo ve como una amenaza para la ley y el orden; los enemigos claman venganza y conspiran para su caída.",2022-04-14,Accion,7.373
Shang-Chi y la leyenda de los Diez Anillos,"Adaptación cinematográfica del héroe creado por Steve Englehart y Jim Starlin en 1973, un personaje mitad chino, mitad americano, cuyo característico estilo de combate mezclaba kung-fu, nunchacos y armas de fuego.",2021-09-01,Accion,7.495
Thor: Love and Thunder,"El Dios del Trueno emprende un viaje que no se parece en nada a lo que se ha enfrentado hasta ahora: una búsqueda de la paz interior. Pero el retiro de Thor se ve interrumpido por un asesino galáctico conocido como Gorr el Carnicero de Dioses. Para hacer frente a la amenaza, Thor solicita la ayuda de Valkiria, de Korg y de su ex novia Jane Foster que, para sorpresa de Thor, empuña su martillo mágico, Mjolnir, como la Poderosa Thor. Juntos, se embarcan en una aventura cósmica en la que tendrán que descubrir el misterio de la venganza del Carnicero de Dioses y detenerlo antes de que sea demasiado tarde.",2022-07-06,Accion,6.368
Jujutsu Kaisen 0,"Yuta Okkotsu es un nervioso estudiante de instituto que sufre un grave problema: su amiga de la infancia Rika se ha convertido en una maldición y no le deja en paz. Como Rika no es una maldición cualquiera, su situación es percibida por Satoru Gojo, un profesor del instituto Jujutsu, una escuela donde los exorcistas noveles aprenden a combatir las maldiciones. Gojo convence a Yuta para que se matricule, pero ¿podrá aprender lo suficiente a tiempo para enfrentarse a la Maldición que le persigue?",2021-12-24,Accion,8.105
Indiana Jones y el reino de la calavera de cristal,"Indiana Jones y el joven Mutt se proponen encontrar la Calavera de Cristal de Akator. Los agentes soviéticos tienen ese mismo objetivo. Liderados por la bella Irina Spalko, creen que el artilugio ayudará a su país a dominar el mundo si consiguen descifrar su secreto.",2008-05-21,Accion,6.025
Ant-Man,"Armado con la asombrosa capacidad de reducir su tamaño a la dimensiones de un insecto, el estafador Scott Lang debe sacar a relucir al héroe que lleva dentro y ayudar a su mentor, el doctor Hank Pym, a proteger de una nueva generación de amenazas el secreto que se esconde tras el traje de Ant-Man, con un casco que le permite comunicarse con las hormigas. A pesar de los obstáculos aparentemente insuperables que les acechan, Pym y Lang deben planear y llevar a cabo un atraco para intentar salvar al mundo.",2015-07-14,Accion,7.066
Predator: La presa,"Ambientada hace 300 años en la Nación Comanche. Naru es una joven guerrera, feroz y altamente hábil, que se crió a la sombra de algunos de los cazadores más legendarios que deambulan por las Grandes Llanuras. Cuando el peligro amenaza su campamento, se dispone a proteger a su gente. La presa a la que acecha y, en última instancia, se enfrenta, resulta ser un depredador alienígena evolucionado con un arsenal técnicamente avanzado, lo que deriva en un enfrentamiento cruel y aterrador entre los dos adversarios.",2022-08-02,Accion,7.658
RRR,Un cuento de ficción sobre dos revolucionarios indios legendarios y su viaje lejos de casa antes de que comenzaran a luchar por su país en la década de 1920.,2022-03-24,Accion,7.7
Cómo entrenar a tu dragón 2,"Han pasado cinco años desde que Hipo empezó a entrenar a su dragón, rompiendo la tradición vikinga de cazarlos. Astrid y el resto de la pandilla han conseguido difundir en la isla un nuevo deporte: las carreras de dragones. Mientras realizan una carrera, atraviesan los cielos llegando a territorios inhóspitos, donde nadie antes ha estado. Durante un viaje descubren una cueva cubierta de hielo que resulta ser el refugio de cientos de dragones salvajes, a los que cuida un misterioso guardián. Hipo y los suyos se unen al guardián para proteger a los dragones de las fuerzas malignas que quieren acabar con ellos.",2014-06-05,Accion,7.683
名探偵コナン ハイウェイの堕天使,,2026-04-10,Accion,8.0
Casino Royale,"La primera misión del agente británico James Bond como agente 007 lo lleva hasta Le Chiffre, banquero de los terroristas de todo el mundo. Para detenerlo y desmantelar la red terrorista, Bond debe derrotarlo en una arriesgada partida de póquer en el Casino Royale. Al principio a Bond le disgusta Vesper Lynd, la hermosa oficial del Tesoro que debe vigilar el dinero del gobierno. Pero, a medida que Bond y Vesper se ven obligados a defenderse juntos de los mortales ataques de Le Chiffre y sus secuaces, nace entre ellos una atracción mutua.",2006-11-14,Accion,7.571
King Kong,"La suerte de Ann Darrow cambia cuando conoce a Carl Denham, un empresario que lucha para abrirse camino en el mundo del espectáculo. A ellos se une Jack Driscoll, un autor de teatro neoyorquino. Los tres emprenden un viaje que los llevará hasta una remota isla, donde Denham tiene previsto dirigir una película. Allí descubren un ser increíble, un gorila gigante, King Kong, que habita en una frondosa selva, donde criaturas prehistóricas han vivido ocultas durante millones de años. Denham, con un apetito insaciable de grandeza, enseguida ve la fama que puede reportarle la captura del gorila y su exhibición en Nueva York.",2005-12-12,Accion,6.892
Sonic 2: La película,"Después de establecerse en Green Hills, Sonic se muere por demostrar que tiene madera de auténtico héroe. La prueba de fuego llega con el retorno del malvado Robotnik, en esta ocasión con un nuevo compinche, Knuckles, en busca de una esmeralda que tiene el poder de destruir civilizaciones. Sonic forma equipo con su propio compañero de fatigas, Tails, y juntos se lanzan a una aventura que les llevará por todo el mundo en busca de la preciada piedra para evitar que caiga en manos equivocadas.",2022-03-30,Accion,7.4
John Wick II. Pacto de sangre,"El legendario asesino John Wick (Keanu Reeves) se ve obligado a salir del retiro por un ex-asociado que planea obtener el control de un misterioso grupo internacional de asesinos. Obligado a ayudarlo por un juramento de sangre, John emprende un viaje a Roma lleno de adrenalina estremecedora para pelear contra los asesinos más peligrosos del mundo.",2017-02-08,Accion,7.34
Doctor Strange,"La vida del famoso neurocirujano Stephen Strange cambia radicalmente cuando un accidente le impide el uso de sus manos y se ve forzado a buscar una cura en un misterioso enclave. Inmediatamente aprende que no solo es un sanatorio... es también el frente de batalla contra oscuras fuerzas, y debe elegir entre volver a su antigua vida o defender al mundo como el más poderoso hechicero del momento. Algunas secuencias o formas con luces parpadeantes pueden afectar a los espectadores fotosensibles.",2016-10-25,Accion,7.421
Thor: Love and Thunder,"El Dios del Trueno emprende un viaje que no se parece en nada a lo que se ha enfrentado hasta ahora: una búsqueda de la paz interior. Pero el retiro de Thor se ve interrumpido por un asesino galáctico conocido como Gorr el Carnicero de Dioses. Para hacer frente a la amenaza, Thor solicita la ayuda de Valkiria, de Korg y de su ex novia Jane Foster que, para sorpresa de Thor, empuña su martillo mágico, Mjolnir, como la Poderosa Thor. Juntos, se embarcan en una aventura cósmica en la que tendrán que descubrir el misterio de la venganza del Carnicero de Dioses y detenerlo antes de que sea demasiado tarde.",2022-07-06,Accion,6.368
Jujutsu Kaisen 0,"Yuta Okkotsu es un nervioso estudiante de instituto que sufre un grave problema: su amiga de la infancia Rika se ha convertido en una maldición y no le deja en paz. Como Rika no es una maldición cualquiera, su situación es percibida por Satoru Gojo, un profesor del instituto Jujutsu, una escuela donde los exorcistas noveles aprenden a combatir las maldiciones. Gojo convence a Yuta para que se matricule, pero ¿podrá aprender lo suficiente a tiempo para enfrentarse a la Maldición que le persigue?",2021-12-24,Accion,8.105
El escuadrón suicida,"Un grupo de super villanos se encuentran encerrados en Belle Reve, una prisión de alta seguridad con la tasa de mortalidad más alta de Estados Unidos. Para salir de allí harán cualquier cosa, incluso unirse al grupo Task Force X, dedicado a llevar a cabo misiones suicidas bajo las órdenes de Amanda Waller. Fuertemente armados son enviados a la isla Corto Maltese, una jungla repleta de enemigos.",2021-07-28,Accion,7.459
Flash,"Cuando su intento de salvar a su familia altera sin darse cuenta el futuro, Barry Allen queda atrapado en una realidad en la que el General Zod ha regresado y no hay superhéroes a quienes recurrir. Para salvar el mundo en el que se encuentra y regresar al futuro que conoce, la única esperanza de Barry es correr por su vida. Pero, ¿será suficiente hacer el sacrificio máximo para restablecer el universo?",2023-06-13,Accion,6.615
Los siete samuráis,"Una banda de forajidos atemorizan a los habitantes de un pequeño pueblo, saqueándolos periódicamente sin piedad. Para repeler estos ataques, los aldeanos deciden contratar a mercenarios. Finalmente, consiguen los servicios de 7 guerreros, 7 samurais dispuestos a defenderlos a cambio, tan solo, de cobijo y comida.",1954-04-26,Accion,8.5
Kung Fu Sion,"Ambientada en el caos de la China prerrevolucionaria, un ladrón de poca monta, Sing (Ste-phen Chow), aspira a ser uno de los crueles y sofisticados miembros de la Banda del Hacha cuyas actividades ilegales ensombrecen la ciudad. Sing intenta extorsionar a uno de los habitantes de un complejo de apartamentos llamado 'Pig Sty Alley', pero los vecinos no son lo que parecen. Sin pretenderlo, los cómicos intentos de intimidación de Sing atraen a la Banda del Hacha, desencadenando una serie de sucesos que enfrentan cara a cara los dos mundos tan diferentes. Mientras los habitantes de Pig Sty luchan por sus vidas, el choque de titanes de kung fu que sigue desentierra algunos maestros legendarios de artes marciales.",2004-02-10,Accion,7.498
Kill Bill: Volumen 1,"Uma Thurman es una asesina que, el día de su boda, es atacada por los miembros de la banda de su jefe, Bill (David Carradine). Logra sobrevivir al ataque, aunque queda en coma. Cinco años después despierta con un trozo de metal en la cabeza y un gran deseo de venganza en su corazón.",2003-10-10,Accion,8.0
Los Increíbles 2,"Helen tiene que liderar una campaña para que los superhéroes regresen, mientras Bob vive su vida 'normal' con Violet, Dash y el bebé Jack-Jack —cuyos superpoderes descubriremos—. Su misión se va a pique cuando aparece un nuevo villano con un brillante plan que lo amenaza todo. Pero los Parr no se amedrentarán y menos teniendo a Frozone de su parte.",2018-06-14,Accion,7.5
Lágrimas del sol,"Un equipo liderado por un veterano oficial de la unidad especial SEAL, el teniente Waters, se adentra en el corazón de África con la misión de rescatar a la Dra. Lena Kendrick, una bella doctora de nacionalidad americana en la zona conflictiva. Pero cuando la encuentran, ella se niega a abandonar a los refugiados, pidiendo a Waters que les escolte por la peligrosa jungla nigeriana. El oficial se verá en el conflicto de elegir entre seguir las órdenes recibidas o los dictados de su propia conciencia.",2003-03-07,Accion,6.89
Thor,"Thor es un arrogante y codicioso guerrero cuya imprudencia desata una antigua guerra. Por ese motivo, su padre Odín lo castiga desterrándolo a la Tierra para que viva entre los hombres y descubra así el verdadero sentido de la humildad. Cuando el villano más peligroso de su mundo envía a la Tierra a las fuerzas más oscuras de Asgard, Thor se dará cuenta de lo que realmente hace falta para ser un verdadero héroe.",2011-04-21,Accion,6.771
El fugitivo,"El doctor Richard Kimble es un prestigioso cirujano de Chicago con una vida prácticamente perfecta: una bella esposa, una casa de lujo en un elegante barrio de Chicago... Su vida se desmorona el día que su mujer es brutalmente asesinada en manos de un misterioso hombre manco. Kimble es acusado del crimen y, aunque él es inocente, es sentenciado con la pena de muerte. Camino de la cárcel, el autobús donde es transportado Kimble sufre un accidente de tráfico. Varios prisioneros consiguen escapar, entre ellos el propio Kimble. El detective Samuel Gerard es el encargado de realizar la investigación. Todos los fugados son atrapados, excepto el esquivo Kimble, que se le escapa de las manos por unos segundos. Ahora que está en libertad, Kimble sabe que solamente tiene una manera de probar su inocencia: encontrar al verdadero asesino. Perseguido por Gerard, inicia la búsqueda del manco.",1993-08-06,Accion,7.481
Doctor Strange,"La vida del famoso neurocirujano Stephen Strange cambia radicalmente cuando un accidente le impide el uso de sus manos y se ve forzado a buscar una cura en un misterioso enclave. Inmediatamente aprende que no solo es un sanatorio... es también el frente de batalla contra oscuras fuerzas, y debe elegir entre volver a su antigua vida o defender al mundo como el más poderoso hechicero del momento. Algunas secuencias o formas con luces parpadeantes pueden afectar a los espectadores fotosensibles.",2016-10-25,Accion,7.421
罗小黑战记 2,,2025-07-18,Accion,8.508
Transformers: La era de la extinción,"Han pasado 4 años desde la tragedia de Chicago y la humanidad sigue reparando los destrozos, pero tanto los Autobots como los Decepticons han desaparecido de la faz de la Tierra. Ahora el Gobierno de los Estados Unidos está utilizando la tecnología rescatada en el asedio de Chicago para desarrollar sus propios Transformers. Al frente del proyecto está Joshua Joyce, un arrogante diseñador que piensa que los Autobots son ""basura tecnológica"" y se cree capaz de fabricar unos robots infinitamente más avanzados. Mientras tanto, Cade Yeager, un mécánico inventor, encuentra un Marmon semi-trailer. Al intentar repararlo, descubre que el camión no solo era un Transformer, sino también el mismísimo Optimus Prime, líder de los Autobots. Lo que Cade ignora son las consecuencias que pueden derivarse de este hallazgo.",2014-06-25,Accion,5.966
Fast & Furious: Hobbs & Shaw,"Desde que Hobbs, agente del Servicio de Seguridad Diplomática de Estados Unidos, y el británico Shaw, proscrito sin ley, se enfrentaron por primera vez, solo han intercambiado bofetadas y malas palabras. Pero cuando las despiadadas acciones de Brixton, un anarquista cibergenéticamente mejorado, amenazan el futuro de la humanidad, ambos se unen para derrotarlo.",2019-07-31,Accion,6.831
Alienoid,"‎Los gurús de finales de la dinastía Goryeo intentan obtener una espada legendaria y sagrada, y los humanos en 2022 persiguen a un prisionero alienígena que está encerrado en el cuerpo de un humano. Las dos partes se cruzan cuando se abre un portal de viajes en el tiempo.‎",2022-07-20,Accion,6.894
Aliens: El regreso,"Alien es un organismo perfecto, una máquina de matar cuya superioridad física sólo puede competir con su agresividad. La oficial Ripley y la tripulación de la nave «Nostromo» se habían enfrentado, en el pasado, a esa monstruosa criatura. Y sólo Ripley sobrevivió a la masacre. Después de vagar por el espacio durante varios años, Ripley fue rescatada. Durante ese tiempo, el planeta de Alien ha sido colonizado. Pero, de repente, se pierde la comunicación con la colonia y, para investigar los motivos, se envía una expedición de marines espaciales, capitaneados por Ripley. Allí les esperan miles de espeluznantes criaturas. Alien se ha reproducido y esta vez la lucha es por la supervivencia de la Humanidad.",1986-07-18,Accion,7.964
Transformers: El despertar de las bestias,"Cuando surge una nueva amenaza capaz de destruir todo el planeta, Optimus Prime y los Autobots deben unirse a una poderosa facción conocida como los Maximals. Con el destino de la humanidad en juego, los humanos Noah y Elena harán lo que sea necesario para ayudar a los Transformers mientras se involucran en la batalla final para salvar la Tierra.",2023-06-06,Accion,7.17
Megalodón,"Un sumergible de aguas profundas que forma parte de un programa internacional de vigilancia submarina, ha sido atacado por una enorme criatura que se creía extinta. Ahora está averiado en el fondo de la fosa oceánica más profunda del Pacífico con su tripulación atrapada en el interior. El tiempo se acaba y, en contra de los deseos de su hija Suyin (Li Bingbing), un visionario oceanógrafo chino (Winston Chao) contrata a Jonas Taylor (Jason Statham), un especialista en rescate en aguas profundas. Su misión será salvar a la tripulación y también al océano de una amenaza imparable: un tiburón prehistórico de 23 metros conocido con el nombre de Megalodón.",2018-08-09,Accion,6.247
Hora punta,"Dos detectives diferentes son asignados en un mismo caso. Ambos tendrán que adaptarse a las costumbres del otro para poder concluir su trabajo con éxito, pero no va a ser una tarea fácil. El detective inspector Lee es el rey de las artes marciales y pertenece a la Royal Hong Kong Police. Su pupila preferida es la hija de once años del Cónsul chino, de la cual el inspector Lee es su guardaespaldas y su mejor amigo. Esta muchacha es capturada y llevada a los Estados Unidos por un peligroso grupo criminal. Hasta allí tendrá que viajar el inspector y, donde se unirá a la investigación con un departamento del FBI y, concretamente, al detective James Carter, un arrogante e impulsivo agente de policía. La explosiva pareja tendrá que enfrentarse a una banda de criminales muy peligrosa, y contarán con la ayuda de Tania Johnson, una experta en artefactos explosivos.",1998-09-18,Accion,7.079
Piratas del Caribe: La venganza de Salazar,"El capitán Jack Sparrow se enfrentará a un grupo de piratas-fantasma comandados por una de sus viejas némesis, el terrorífico capitán Salazar, recién escapado del Triángulo de las Bermudas. La única posibilidad de Sparrow para salir con vida es encontrar el legendario Tridente de Poseidón, un poderoso artefacto que le da a su poseedor el control de los mares.",2017-05-23,Accion,6.659
Misión: Imposible - Fallout,"En ocasiones, hasta las mejores intenciones pueden volverse en contra. Después de una misión fallida, Ethan Hunt y su equipo IMF, junto con algunos aliados conocidos, se enfrentarán a una nueva carrera contrarreloj.",2018-07-25,Accion,7.45
Senario XX,,2005-05-19,Accion,0.0
John Wick II. Pacto de sangre,"El legendario asesino John Wick (Keanu Reeves) se ve obligado a salir del retiro por un ex-asociado que planea obtener el control de un misterioso grupo internacional de asesinos. Obligado a ayudarlo por un juramento de sangre, John emprende un viaje a Roma lleno de adrenalina estremecedora para pelear contra los asesinos más peligrosos del mundo.",2017-02-08,Accion,7.34
Predator: La presa,"Ambientada hace 300 años en la Nación Comanche. Naru es una joven guerrera, feroz y altamente hábil, que se crió a la sombra de algunos de los cazadores más legendarios que deambulan por las Grandes Llanuras. Cuando el peligro amenaza su campamento, se dispone a proteger a su gente. La presa a la que acecha y, en última instancia, se enfrenta, resulta ser un depredador alienígena evolucionado con un arsenal técnicamente avanzado, lo que deriva en un enfrentamiento cruel y aterrador entre los dos adversarios.",2022-08-02,Accion,7.658
Al filo del mañana,"En un futuro no muy lejano, invade la Tierra una raza de extraterrestres invencibles. Al comandante William Cage, un oficial que nunca ha entrado en combate, le encargan una misión casi suicida y resulta muerto. Entra entonces en un bucle temporal, en el que se ve obligado a luchar y morir una y otra vez. Pero las múltiples batallas que libra lo hacen cada vez más hábil y eficaz en su lucha contra los alienígenas. Su compañera de combate es Rita Vrataski, una guerrera de las Fuerzas Especiales. Adaptación del manga de Hiroshi Sakurazaka.",2014-05-27,Accion,7.639
Boyka: Invicto IV,"Boyka es un luchador de boxeo que se encuentra en mitad de una importante liga. Durante la competición se produce una muerte lo que hace que empiece a replantearse verdaderamente lo que merece la pena este deporte. Cuando descubre que la mujer del fallecido se encuentra en serios problemas, decide luchar una serie de batallas para poder liberarla de la servidumbre.",2016-08-01,Accion,7.202
Thor: Love and Thunder,"El Dios del Trueno emprende un viaje que no se parece en nada a lo que se ha enfrentado hasta ahora: una búsqueda de la paz interior. Pero el retiro de Thor se ve interrumpido por un asesino galáctico conocido como Gorr el Carnicero de Dioses. Para hacer frente a la amenaza, Thor solicita la ayuda de Valkiria, de Korg y de su ex novia Jane Foster que, para sorpresa de Thor, empuña su martillo mágico, Mjolnir, como la Poderosa Thor. Juntos, se embarcan en una aventura cósmica en la que tendrán que descubrir el misterio de la venganza del Carnicero de Dioses y detenerlo antes de que sea demasiado tarde.",2022-07-06,Accion,6.368
Misión imposible: Nación secreta,"Con la FMI disuelta y Ethan Hunt abandonado a su suerte, el equipo tiene que enfrentarse contra el Sindicato, una red de agentes especiales altamente preparados y entrenados. Estos grupos están empeñados en crear un nuevo orden mundial mediante una serie de ataques terroristas cada vez más graves. Ethan reúne a su equipo y une sus fuerzas con la agente británica renegada Ilsa Faust, quien puede que sea o no miembro de esta nación secreta, mientras el grupo se va enfrentando a su misión más imposible hasta la fecha…",2015-07-28,Accion,7.223
El especialista,"Es un doble de acción, y al igual que todos en la comunidad de especialistas, sale volando, le disparan, se estrella, se tira desde ventanas y cae desde las alturas más extremas, todo para nuestro entretenimiento. Y ahora, tras un accidente que casi acaba con su carrera, este héroe de clase trabajadora debe seguir la pista de una estrella de cine desaparecida, resolver una conspiración y tratar de recuperar el amor de su vida mientras sigue haciendo su trabajo. ¿Qué podría salir bien?",2024-04-24,Accion,7.0
Sicario,"En la zona fronteriza que se extiende entre Estados Unidos y México la joven Kate Macer, una idealista agente del FBI, es reclutada por una fuerza de élite del Gobierno para luchar contra el narcotráfico. Bajo el mando de Matt Graver, un frío miembro de las fuerzas gubernamentales, y de Alejandro, un enigmático asesor, el equipo emprende una misión que lleva a la mujer a cuestionarse sus convicciones sobre la guerra contra los narcos y los límites de la ley.",2015-09-17,Accion,7.42
El hobbit: La desolación de Smaug,"Tras sobrevivir al inicio de su inesperado viaje, la Compañía sigue hacia el este y se encuentra por el camino con Beorn, el cambiador de piel, y con un enjambre de Arañas gigantes en el peligroso monte Mirkwood. Tras evitar que los Elfos del Bosque los capturen, los Enanos prosiguen su viaje hacia Ciudad del Lago, y finalmente llegan a la Montaña Solitaria, donde tienen que enfrentarse al mayor de los peligros, una criatura más terrorífica que cualquier otra que pondrá a prueba no solo lo profundo de su valentía sino también los límites de su amistad y la sabiduría del viaje: el dragón Smaug.",2013-12-11,Accion,7.579
Ikatan Darah,,2026-04-30,Accion,6.5
The Creator,"En medio de una guerra futura entre la raza humana y las fuerzas de la inteligencia artificial, Joshua, un duro ex-agente de las fuerzas especiales que llora la desaparición de su esposa, es reclutado para cazar y matar al Creador, el escurridizo arquitecto de la IA avanzada que ha desarrollado una misteriosa arma con el poder de acabar con la guerra... y con la propia humanidad.",2023-09-27,Accion,7.041
罗小黑战记 2,,2025-07-18,Accion,8.508
Terminator Génesis,"Año 2032. La guerra del futuro se está librando y un grupo de rebeldes humanos tiene el sistema de inteligencia artificial Skynet contra las cuerdas. John Connor es el líder de la resistencia, y Kyle Reese es su fiel soldado, criado en las ruinas de una postapocalíptica California. Para salvaguardar el futuro, Connor envía a Reese a 1984 para salvar a su madre, Sarah de un Terminator programado para matarla con el fin de que no llegue a dar a luz a John. Pero lo que Reese encuentra en el otro lado no es como él esperaba.",2015-06-23,Accion,5.956
Tracers,"Thriller de acción que gira en torno a Cam (Taylor Lautner, Sin salida (Abduction), La saga Crepúsculo: Amanecer - Parte 2), un mensajero que recorre las calles de la moderna New York montado en bicicleta. En un lugar donde el caos reina en cada cruce y el peligro para los vehículos a dos ruedas es constante, él es el mejor y el más rápido en hacer llegar los paquetes. Su frenética vida se ve además amenazada por unas deudas con una de las bandas de crimen organizado de la zona, con la que se ha visto envuelto casi sin quererlo. Pero el destino le prepara una sorpresa cuando accidentalmente una joven atractiva choca contra su bici. Inmediatamente se siente atraído por Nikki, quien le enseñará un mundo sin ruedas: el apasionado parkour, las acrobacias y peripecias de escalar, saltar y trepar por cualquier superficie urbana.",2015-01-15,Accion,6.017
Gladiator II,"Dieciséis años después de la muerte de Marco Aurelio, Roma está gobernada por los despiadados emperadores gemelos Geta y Caracalla. El nieto de Aurelio, Lucio Vero, vive bajo el seudónimo de Hanno con su esposa Arishat en el reino norteafricano de Numidia. El ejército romano dirigido por el general Acacio invade y conquista el reino, esclavizando a Lucio junto con otros supervivientes. Los esclavos son llevados a Ostia, donde Lucio es comprado por el maestro de cuadra Macrinus, que le promete la oportunidad de vengarse matando a Acacio si gana suficientes combates para llegar al Coliseo.",2024-11-13,Accion,6.609
El fugitivo,"El doctor Richard Kimble es un prestigioso cirujano de Chicago con una vida prácticamente perfecta: una bella esposa, una casa de lujo en un elegante barrio de Chicago... Su vida se desmorona el día que su mujer es brutalmente asesinada en manos de un misterioso hombre manco. Kimble es acusado del crimen y, aunque él es inocente, es sentenciado con la pena de muerte. Camino de la cárcel, el autobús donde es transportado Kimble sufre un accidente de tráfico. Varios prisioneros consiguen escapar, entre ellos el propio Kimble. El detective Samuel Gerard es el encargado de realizar la investigación. Todos los fugados son atrapados, excepto el esquivo Kimble, que se le escapa de las manos por unos segundos. Ahora que está en libertad, Kimble sabe que solamente tiene una manera de probar su inocencia: encontrar al verdadero asesino. Perseguido por Gerard, inicia la búsqueda del manco.",1993-08-06,Accion,7.481
Kung Fu Panda 2,"Po está ahora viviendo su sueño como el Guerrero del Dragón, protegiendo el Valle de la Paz junto a sus amigos y sus compañeros maestros del kung fu. Los Cinco Furiosos. Pero su nueva e impresionante vida se encuentra amenazada por la aparición de un villano formidable, que planea usar un arma secreta imparable para conquistar China y destruir el kung fu. Po debe volver la vista a su pasado para descubrir los secretos de su misterioso origen; solo entonces podrá adquirir la fuerza que necesita para vencer.",2011-05-25,Accion,7.069
Boyka: Invicto IV,"Boyka es un luchador de boxeo que se encuentra en mitad de una importante liga. Durante la competición se produce una muerte lo que hace que empiece a replantearse verdaderamente lo que merece la pena este deporte. Cuando descubre que la mujer del fallecido se encuentra en serios problemas, decide luchar una serie de batallas para poder liberarla de la servidumbre.",2016-08-01,Accion,7.202
La tostadora,"Un hombre muy tacaño intenta recuperar una tostadora que regaló en una boda que acabó cancelándose, pero, sin querer, se ve envuelto en un asesinato.",2026-04-15,Accion,5.815
ది రాజాసాబ్,,2026-01-08,Accion,5.226
V3nganza,"Tercera entrega de la trilogía iniciada en 2008 con 'Venganza' y que cuenta con una secuela en 2012 bajo el título 'Venganza: Conexión Estambul', donde Liam Neeson ('Batman Begins') vuelve a meterse en la piel de Bryan, un espía retirado que no dudará en hacer lo necesario a favor de la justicia y la supervivencia.",2014-12-16,Accion,6.3
The Witch: Part 2. The Other One,"Una niña se despierta en un enorme laboratorio secreto. luego, accidentalmente conoce a otra chica que está tratando de proteger su casa de una pandilla. La chica misteriosa derroca a la pandilla con sus poderes inesperados y el personal del laboratorio se dispuso a encontrarla.",2022-06-15,Accion,7.406
Kingsman: Servicio secreto,"Un veterano agente secreto inglés (Colin Firth) debe entrenar a un joven sin refinar (Taron Egerton), pero que promete convertirse en un competitivo agente gracias a un ultra-programa de entrenamiento, al mismo tiempo que una amenaza global emerge procedente de un genio retorcido. Adaptación del cómic de Mark Millar y Dave Gibbons.",2015-01-24,Accion,7.62
Dunkerque,"II Guerra Mundial. Cientos de miles de británicos y tropas aliadas están rodeados por las fuerzas enemigas. Atrapados en la playa con el mar a sus espaldas se enfrentan a una situación imposible mientras el enemigo se acerca. La película relata la Operación Dinamo, también conocida como el milagro de Dunkerque. Se trató de una operación de evacuación de las tropas aliadas en territorio francés, que tuvo lugar a finales de mayo de 1940. La operación permitió el rescate de más de 200.000 soldados británicos y más de 100.000 franceses y belgas.",2017-07-19,Accion,7.452
Senario XX,,2005-05-19,Accion,0.0
Star Wars: El ascenso de Skywalker,"Un año después de los eventos de ""Los últimos Jedi"", los restos de la Resistencia se enfrentarán una vez más a la Primera Orden, involucrando conflictos del pasado y del presente. Mientras tanto, el antiguo conflicto entre los Jedi y los Sith llegará a su clímax, lo que llevará a la saga de los Skywalker a un final definitivo. Final de la trilogía iniciada con ""El despertar de la Fuerza"".",2019-12-18,Accion,6.267
Capitán Phillips,"En el año 2009, en aguas internacionales a 145 millas de la costa de Somalia, en el cuerno de África, el buque carguero “Maersk Alabama”, al mando del capitán de la marina mercante estadounidense Richard Phillips, fue abordado y retenido por piratas somalíes, siendo el primer barco norteamericano secuestrado en los últimos doscientos años.",2013-10-10,Accion,7.539
Der Tiger (El tanque),"Frente oriental, 1943: la dotación alemana de un tanque Tiger se embarca en una peligrosa misión tras las líneas enemigas. A medida que atraviesan la mortífera tierra de nadie, deberán enfrentarse al enemigo y a sus propios fantasmas del pasado.",2025-09-18,Accion,7.117
Matrix Reloaded,"Las máquinas avanzan imparables hacia Zion en su afán por destruir a toda la humanidad y todas las naves se preparan para la dura batalla. Neo junto con Morfeo y Trinity buscan el camino del elegido dentro de Matrix para vencer a las máquinas y se encuentran con dificultades inesperadas: el agente Smith ha vuelto y no sólo eso, otros programas dentro de Matrix intentarán acabar con su misión. Mientras tanto Neo se tendrá que adaptar a la vida real y a la fama de ser el elegido.",2003-05-15,Accion,7.078
The Witch: Part 2. The Other One,"Una niña se despierta en un enorme laboratorio secreto. luego, accidentalmente conoce a otra chica que está tratando de proteger su casa de una pandilla. La chica misteriosa derroca a la pandilla con sus poderes inesperados y el personal del laboratorio se dispuso a encontrarla.",2022-06-15,Accion,7.406
Bailarina,"Ok Ju solía trabajar como guardaespaldas. Destaca en actividades físicas como las artes marciales, la lucha con espadas, la puntería y la conducción de motos. Ok Ju es amiga de Min Hee, que es bailarina. Min Hee le pide a Ok Ju un favor. Quiere que Ok Ju se vengue de Pro Choi. Ok Ju pronto arriesga su vida por Min Hee.",2023-10-06,Accion,7.015
Uykucu,,2025-10-29,Accion,6.0
Misión: Imposible - Sentencia mortal parte uno,Ethan Hunt y la IMF emprenden la misión más peligrosa a la que nunca se han enfrentado: rastrear una nueva y aterradora arma que amenaza a toda la humanidad antes de que caiga en las manos de un enemigo todopoderoso y misterioso.,2023-07-08,Accion,7.504
Veerabhadrudu,,2026-06-12,Accion,8.0
Looper,"Como en 2072 los asesinatos están terminantemente prohibidos, las víctimas son enviadas a través de una máquina del tiempo al pasado (2042), donde los Loopers, un grupo de asesinos a sueldo, se encargan de eliminarlas y deshacerse rápidamente de sus cuerpos. El problema surge cuando Joe (Gordon-Levitt), uno de los Loopers, recibe desde el futuro un encargo muy especial: eliminarse a sí mismo (Bruce Willis).",2012-09-26,Accion,6.911
룸싸롱 여대생들 3,,2020-04-17,Accion,4.9
Juego sucio,"Un experto ladrón lleva a cabo el mayor robo de su vida. Parker, junto a Grofield, Zen y un equipo experto, se ven involucrados en un golpe que los enfrenta a la mafia de Nueva York en esta arriesgada misión.",2025-09-30,Accion,6.571
"Jack, el cazagigantes","Cuenta la historia de una antigua guerra que se reactiva cuando un joven granjero, sin ser consciente de ello, abre una puerta entre nuestro mundo y una aterradora raza de gigantes. Sueltos por la Tierra por primera vez en siglos, los gigantes se esfuerzan por reclamar la tierra que una vez perdieron, obligando al joven, Jack, a entablar la batalla de su vida para detenerlos. Luchando por un reino, por su pueblo y por el amor de una valiente princesa, se enfrenta cara a cara con unos incontenibles guerreros que pensaba que solo existían en la leyenda – y consigue la oportunidad de convertirse, él mismo, en una leyenda.",2013-02-27,Accion,5.892
Thor: el mundo oscuro,"Thor lucha por restablecer el orden en el cosmos, pero una antigua raza liderada por el vengativo Malekith regresa con el propósito de volver a sumir el universo en la oscuridad. Se trata de un villano con el que ni siquiera Odín y Asgard se atreven a enfrentarse; por esa razón, Thor tendrá que emprender un viaje muy peligroso, durante el cual se reunirá con Jane Foster y la obligará a sacrificarlo todo para salvar el mundo.",2013-10-30,Accion,6.511
Sonic 2: La película,"Después de establecerse en Green Hills, Sonic se muere por demostrar que tiene madera de auténtico héroe. La prueba de fuego llega con el retorno del malvado Robotnik, en esta ocasión con un nuevo compinche, Knuckles, en busca de una esmeralda que tiene el poder de destruir civilizaciones. Sonic forma equipo con su propio compañero de fatigas, Tails, y juntos se lanzan a una aventura que les llevará por todo el mundo en busca de la preciada piedra para evitar que caiga en manos equivocadas.",2022-03-30,Accion,7.4
Venom,"Eddie Brock es un consolidado periodista y astuto reportero que está investigando una empresa llamada Fundación Vida. Esta fundación, dirigida por el eminente científico Carlton Drake, está ejecutando secretamente experimentos ilegales en seres humanos y realizando pruebas que involucran formas de vida extraterrestres y amorfas conocidas como simbiontes. Durante una visita furtiva a la central, el periodista quedará infectado por un simbionte. Comenzará entonces a experimentar cambios en su cuerpo que no entiende, y escuchará una voz interior, la del simbionte Venom, que le dirá lo que tiene que hacer. Cuando Brock adquiera los poderes del simbionte que le usa como huésped, Venom tomará posesión de su cuerpo, convirtiéndole en un despiadado y peligroso súpervillano.",2018-09-28,Accion,6.826
Gladiator II,"Dieciséis años después de la muerte de Marco Aurelio, Roma está gobernada por los despiadados emperadores gemelos Geta y Caracalla. El nieto de Aurelio, Lucio Vero, vive bajo el seudónimo de Hanno con su esposa Arishat en el reino norteafricano de Numidia. El ejército romano dirigido por el general Acacio invade y conquista el reino, esclavizando a Lucio junto con otros supervivientes. Los esclavos son llevados a Ostia, donde Lucio es comprado por el maestro de cuadra Macrinus, que le promete la oportunidad de vengarse matando a Acacio si gana suficientes combates para llegar al Coliseo.",2024-11-13,Accion,6.609
तेहरान,,2025-08-14,Accion,6.1
Sr. y Sra. Smith,"Jane y John Smith forman una pareja de vida acomodada dentro de un ordinario y monótono matrimonio suburbano. Además ambos ocultan algo por lo que su pareja mataría por saber: los dos son agentes secretos, asesinos increíblemente eficientes que trabajan para organizaciones que compiten entre sí. Además, un día el Sr. y la Sra. Smith descubren una nueva fuente de emoción en su matrimonio cuando se les contrata para asesinarse mutuamente, pues será entonces cuando comienza la verdadera diversión...",2005-06-07,Accion,6.695
Los siete samuráis,"Una banda de forajidos atemorizan a los habitantes de un pequeño pueblo, saqueándolos periódicamente sin piedad. Para repeler estos ataques, los aldeanos deciden contratar a mercenarios. Finalmente, consiguen los servicios de 7 guerreros, 7 samurais dispuestos a defenderlos a cambio, tan solo, de cobijo y comida.",1954-04-26,Accion,8.5
Venganza,"¿Qué podría ser peor para un padre que la impotencia cuando al otro lado de una llamada de móvil oye cómo secuestran a su hija? Esta es la pesadilla que se hace realidad para Bryan (Liam Neeson), un espía retirado que sólo tiene unas horas para recuperar a su hija, que ha sido secuestrada por una peligrosa banda especializada en la venta de jóvenes adolescentes.",2008-02-18,Accion,7.4
Tesoro del Amazonas,"Para pagar una deuda, un cazador de recompensas (The Rock) viaja a Helldorado, una ciudad en lo profundo de la jungla del Amazonas, para capturar a un convicto (Scott). Pero cuando llega, descubre que a quien tiene que detener es sólo un muchacho ávido de emociones que busca riqueza, y ambos formarán equipo para intentar encontrar una mina llena de oro.",2003-09-26,Accion,6.449
Agárralo como puedas,"El torpe teniente Frank Drebin Jr. intenta resolver un asesinato vinculado a un magnate tecnológico. Mientras investiga, su unidad policial corre peligro de ser cerrada. Con la ayuda de una escritora de crímenes, Frank se verá envuelto en situaciones tan absurdas como explosivas. Película reboot basada en la popular franquicia de comedia ""Agárralo como puedas"" y la serie de televisión ""Police Squad!"".",2025-07-30,Accion,6.372
Juegos de niños,"Brian acaba de ser despedido de su trabajo, y se convierte en un padre que se queda en casa. Acepta una invitación para jugar de otro padre, que resulta ser un bala perdida.",2025-11-04,Accion,6.099
Wildcat: Misión Rescate,"Londres, hoy. Kate Beckinsale es Ada Williams, una exoperativa de fuerzas especiales que dejó la violencia por su hija. Cuando una deuda criminal provoca el secuestro de la niña, Ada solo tiene una noche para salvarla. Con la ciudad sumida en el caos, reúne a su antiguo equipo y se adentra en el inframundo londinense en una carrera contrarreloj donde cada decisión puede ser mortal.",2025-11-19,Accion,6.213
Capitana Marvel,"La historia sigue a Carol Danvers mientras se convierte en uno de los héroes más poderosos del universo, cuando la Tierra se encuentra atrapada en medio de una guerra galáctica entre dos razas alienígenas. Situada en los años 90, 'Capitana Marvel' es una historia nueva de un período de tiempo nunca antes visto en la historia del Universo Cinematográfico de Marvel.",2019-03-06,Accion,6.781
Nadie 2,"Cuatro años después de enfrentarse involuntariamente a la mafia rusa, Hutch Mansell sigue intentando saldar una deuda de 30 millones de dólares con golpes a criminales internacionales. Agotado y distanciado de su familia, organiza unas vacaciones con su esposa e hijos en Plummerville, el lugar donde solía ir con su hermano de niño. Pero un pequeño altercado los convierte en el objetivo de un peligroso mafioso local y de su corrupto sheriff, poniendo en riesgo toda la familia.",2025-08-13,Accion,6.937
Misión imposible: Protocolo fantasma,"El agente Ethan Hunt, acusado de un atentado terrorista con bombas contra el Kremlin, es desautorizado junto con toda la organización, al poner en marcha el presidente el llamado 'Protocolo fantasma'. Abandonado a su suerte y sin recursos, el objetivo de Ethan es rehabilitar el buen nombre de su agencia e impedir un nuevo ataque. Pero emprende esta misión con un equipo formado por fugitivos, cuyos motivos personales no conoce bien.",2011-12-07,Accion,7.113
El protector (Homefront),Un exagente de la DEA (Agencia Antidroga) que está viudo se retira a un pequeño pueblo para empezar una nueva vida con su hija de diez años. El único problema es que ha elegido el pueblo equivocado.,2013-11-12,Accion,6.944
John Wick III. Parabellum,"John Wick (Keanu Reeves) regresa a la acción, solo que esta vez con una recompensa de 14 millones de dólares sobre su cabeza y con un ejército de mercenarios intentando darle caza. Tras asesinar a uno de los miembros del gremio de asesinos al que pertenecía, Wick es expulsado de la organización, pasando a convertirse en el centro de atención de multitud de asesinos a sueldo que esperan detrás de cada esquina para tratar de deshacerse de él.",2019-05-15,Accion,7.439
Bad Boys: Ride or Die,"Los policías más famosos del mundo regresan con su icónica mezcla de acción al límite y comedia escandalosa, pero esta vez con un giro inesperado: ¡Los mejores de Miami se dan a la fuga! Cuarta entrega de la saga 'Dos policías rebeldes'.",2024-06-05,Accion,7.323
Pacific Rim: Insurrección,"Un futuro cercano. Después de la primera invasión que sufrió la humanidad, la lucha aun no ha terminado. El planeta vuelve a ser asediado por los Kaiju, una raza de alienígenas colosales que emergen desde un portal interdimensional, con el objetivo de destruir a la raza humana.  Ante esta nueva amenaza para la cual los humanos no están preparados, los Jaegers, robots gigantes de guerra pilotados por dos personas para sobrellevar la inmensa carga neural que conlleva manipularlos, ya no están a la altura de lo que se les viene encima. Será entonces cuando los supervivientes de la primera invasión, además de nuevos personajes como el hijo de Pentecost (John Boyega), tendrán que idear la manera de sorprender al enorme enemigo, apostando por nuevas estrategias defensivas y de ataque. Con la Tierra en ruinas e intentando reconstruirse, esta nueva batalla puede ser decisiva para el futuro.",2018-03-21,Accion,6.125
Amateur,"Charlie Heller es un brillante pero introvertido decodificador de la CIA que trabaja en una oficina en el sótano de la sede de Langley. Su vida cambia radicalmente cuando su esposa muere en un ataque terrorista en Londres. Cuando sus supervisores se niegan a tomar cartas en el asunto, él mismo toma las riendas y se embarca en un peligroso viaje por todo el mundo para localizar a los responsables. Su inteligencia puede ser el arma definitiva para llevar a cabo su venganza.",2025-04-09,Accion,6.938
X-Men: Días del futuro pasado,"Ambientada en la década de los 70, los miembros de la famosa Patrulla X tendrán que evitar un futuro apocalíptico en el que los mutantes luchan por sobrevivir en campos de concentración controlados por los temibles Centinelas. Para ello, los héroes del universo Marvel deberán unificar sus fuerzas dejando a un lado la creciente enemistad de los bandos liderados por Charles Xavier y Magneto. Trask Industries, la empresa encargada de crear a estos gigantescos cazamutantes, será el origen de todos sus problemas. Tan sólo viajando en el tiempo podrán impedir la masacre que se avecina. ¿Serán capaces nuestros héroes de derrocar a la multinacional y evitar así el exterminio de su especie?",2014-05-15,Accion,7.5
Megamind,"Megamind es el supervillano más brillante que el mundo haya conocido. Y el que menos éxito tiene. Durante años, ha estado intentando conquistar Metro City por todos los medios posibles. Cada intento constituye un fracaso, por culpa de Metro Man, un héroe invencible hasta que Megamind consigue matarlo. De repente, la vida de Megamind carece de sentido. ¿Qué puede hacer un supervillano sin un superhéroe con el que enfrentarse?. Crear a Titán, un nuevo héroe más fuerte que Metro Man. Pero Titán empieza a pensar que es mucho más divertido ser malo que ser bueno. Además, Titán no se propone conquistar el mundo, sino destruirlo. ¿Podrá derrotar Megamind a su diabólica criatura?",2010-10-28,Accion,7.029
Karate Kid: Legends,"Tras una tragedia familiar, el prodigio del kung fu Li Fong se ve obligado a abandonar su hogar en Pekín y trasladarse a Nueva York con su madre. Li lucha por dejar atrás su pasado mientras intenta encajar con sus nuevos compañeros de clase y, aunque no quiere pelear, los problemas parecen encontrarle en todas partes. Cuando un nuevo amigo necesita su ayuda, Li se presenta a una competición de kárate, pero sus habilidades no son suficientes. El profesor de kung fu de Li, el Sr. Han, pide ayuda al Karate Kid original, Daniel LaRusso, y Li aprende una nueva forma de luchar, fusionando sus dos estilos en uno solo para el enfrentamiento definitivo de artes marciales. Nueva película de la saga ""Karate Kid"", conectada al universo de ""Cobra Kai"".",2025-05-08,Accion,7.0
Raya y el último dragón,"Raya, una niña de gran espíritu aventurero,  se embarca en la búsqueda del último dragón del mundo con el objetivo de devolver el equilibrio a Kumandra, un lejano y recóndito territorio habitado por una civilización milenaria.",2021-03-03,Accion,7.801
Shooter: El tirador,"Bob Lee Swagger (Mark Whalberg) es un ex-tirador de élite del ejército de los Estados Unidos que abandona las fuerzas armadas después del fracaso de una misión extraoficial. Cuando le piden que se reincorpore, regresa al servicio a regañadientes, pero vuelven a engañarlo. A pesar de llevar dos balas en el cuerpo y de ser el objetivo de una caza a nivel nacional, Swagger planea su venganza...",2007-03-22,Accion,7.124
Fate/stay night: Heaven's Feel - III. Canción de Primavera,"Cuando Sakura es poseída por la sombra, Shirou arriesga su propio cuerpo y mente para salvarla deteniendo el Santo Grial contaminado, enfrentándose a su ahora corrompido Servant Saber en el proceso. Aliados con el sacerdote rebelde Kirei Kotomine, su compañero competidor Illyasviel von Einzbern y el servant Rider desplazado de Sakura, Shirou y Rin entran en una carrera contrarreloj para rescatar a Sakura de la locura y poner fin a la Guerra del Santo Grial de una vez por todas, antes de que el Grial corrupto pueda provocar. El fin del mundo.",2020-08-15,Accion,7.725
In Time,"Ambientada en una sociedad futura. El hallazgo de una fórmula contra el envejecimiento trae consigo no solo superpoblación, sino también la transformación del tiempo en moneda de cambio, que permite sufragar tanto lujos como necesidades. Los ricos pueden vivir para siempre, pero los demás tendrán que negociar cada minuto de vida, y los pobres mueren jóvenes. Después de conseguir, por casualidad, una inmensa cantidad de tiempo, Will Salas, un joven obrero, será perseguido por unos policías corruptos conocidos como ""los guardianes del tiempo"". En su huida, Will tomará como rehén a una joven de familia adinerada.",2011-10-27,Accion,6.97
封神第三部：封神天下,,,Accion,0.0
Nadie,"Hutch Mansell, un padre de familia que aguanta con resignación y sin defenderse los golpes de la vida. Un don nadie.  Una noche, cuando dos ladrones entran en su casa, Hutch decide no actuar y no trata de defenderse ni al él mismo ni a su familia, convencido de que solo así evitará una escalada de violencia. Tras el ataque, su hija adolescente Blake no oculta su decepción, y su esposa Becca se aleja todavía más.",2021-03-18,Accion,7.877
La guerra de las galaxias. Episodio I: La amenaza fantasma,"La Federación de Comercio ha bloqueado el pequeño planeta de Naboo, gobernado por la joven Reina Amidala, como parte de un plan ideado por Sith Darth Sidious, que manteniéndose en el anonimato dirige a los neimoidianos, que están al mando de la Federación. Amidala es convencida por los Jedis Qui-Gon Jinn y su aprendiz, o padawan, Obi-Wan Kenobi a viajar hasta Coruscant, capital de la República y sede del Consejo Jedi para intentar mediar esta amenaza. Pero esquivando el bloqueo, la nave real resulta dañada, obligando a la tripulación a aterrizar en el desértico y remoto planeta de Tatooine...",1999-05-19,Accion,6.579
2012,"El geólogo Adrian Helmsley, descubre de que el núcleo de la Tierra se está calentando. Teme que la corteza se vuelva inestable, coincidiendo con las predicciones mayas del fin del mundo. Entre tanto, los líderes del mundo ""venden"" plazas para escapar del cataclismo. El escritor Curtis Jackson tropieza con esa información... y luchará por salvar a su familia mientras el suelo se hunde bajo sus pies, y los terremotos y las erupciones volcánicas destruyen el mundo tal y como lo conocemos.",2009-10-10,Accion,5.883
सुल्तान,Sultan Ali Khan es un campeón de lucha libre que lo perdió todo por su ambición. Un día el destino llamará a su puerta dándole una nueva oportunidad en un nuevo deporte de contacto.,2016-07-06,Accion,6.874
Polar,"Duncan Vizla, el asesino más letal del mundo, conocido como Black Káiser (Mads Mikkelsen), está a punto de jubilarse. Pero su antiguo jefe le ha puesto precio a su cabeza. Y, en contra de su voluntad, tiene que plantarle cara a un grupo de sicarios más jóvenes, rápidos y despiadados, dispuestos a todo para eliminarlo. Adaptación de la novela gráfica ""Polar: Came From the Cold"" de Victor Santos.",2019-01-25,Accion,6.38
Karate Kid,"Dre Parker podría haber sido el más popular en Detroit, pero la carrera profesional de su madre los lleva a ambos a China. Allí logra hacer conexión con su compañera de clase Mei Ying y el sentimiento es mutuo, hasta que las diferencias culturales hacen que su amistad sea imposible. Para que la situación empeore, Dre se consigue un enemigo, el peleonero de la clase, Cheng. Dre no tiene amigos a quién acudir, excepto el encargado de mantenimiento, el Sr. Han.",2010-06-10,Accion,6.6
John Wick,"John Wick es un antiguo asesino a sueldo de Nueva York que se había retirado de la profesión después de perder a su esposa. Pero, al descubrir la oscura trama que la mafia había planeado para acabar con él, arrebatándole lo que más quería, volverá a introducirse en el negocio, esta vez por su cuenta, para vengarse.",2014-10-16,Accion,7.458
जाट,"Un misterioso extraño viaja a un pueblo remoto controlado por un cruel señor del crimen, con una violenta misión: restaurar la justicia para su gente.",2025-04-10,Accion,6.243
300,"Adaptación del cómic de Frank Miller (autor del cómic 'Sin City') sobre la famosa batalla de las Termópilas (480 a.C.). El objetivo de Jerjes, emperador de Persia, era la conquista de Grecia, lo que desencadenó las Guerras Médicas. Dada la gravedad de la situación, el rey Leónidas de Esparta (Gerard Butler) y 300 espartanos se enfrentaron a un ejército persa que era inmensamente superior.",2007-03-07,Accion,7.203
El amanecer del planeta de los simios,"Un grupo de simios con grandes cualidades para la supervivencia toma las calles, liderado por César, un simio dotado de una inteligencia y unos instintos superiores para cualquier primate. Ante la necesidad de libertad, esta raza animal decide no doblegarse ante los humanos. Tendrá que luchar contra un grupo de humanos que han sobrevivido a una fuerte epidemia, desatada en la década anterior. Ambas partes han establecido una tregua, pero se verá interrumpida.",2014-07-08,Accion,7.338
Eternals,"Hace millones de años, los seres cósmicos conocidos como los Celestiales comenzaron a experimentar genéticamente con los humanos. Su intención era crear individuos superpoderosos que hicieran únicamente el bien, pero algo salió mal y aparecieron los Desviantes, destruyendo y creando el caos a su paso. Ambas razas se han enfrentado en una eterna lucha de poder a lo largo de la historia. En medio de esta guerra, Ikaris y Sersi tratarán de vivir su propia historia de amor.",2021-11-03,Accion,6.77
ലോകഃ Chapter 1: ചന്ദ്ര,,2025-08-28,Accion,7.2
Los tipos malos,"Cinco villanos notorios: el Sr. Lobo, Sr. Serpiente, Sr. Piraña, Sr. Tiburón y Srta. Tarántula, que han pasado toda una vida juntos realizando grandes atracos.",2022-03-17,Accion,7.53
Liga de la Justicia,"Motivado por la fe que había recuperado en la humanidad e inspirado por la acción altruista de Superman, Bruce Wayne recluta la ayuda de su nueva aliada, Diana Prince, para enfrentarse a un enemigo aún mayor. Juntos, Batman y Wonder Woman se mueven rápidamente para intentar encontrar y reclutar un equipo de metahumanos que combata esta nueva amenaza. El problema es que a pesar de la formación de esta liga de héroes sin precedentes (Batman, Wonder Woman, Aquaman, Cyborg y Flash) puede que sea demasiado tarde para salvar el planeta de una amenaza de proporciones catastróficas.",2017-11-15,Accion,6.073
El regreso de la momia,"Han pasado diez años, Rick O'Connell se ha casado con Evelyn, y ambos son padres del pequeño Alex, de ocho años. Cuando, tras una serie de acontecimientos, la momia del antiguo sacerdote egipcio Im-Ho-Tep es resucitada por una extraña secta en el British Museum, y la maldición milenaria del Rey Escorpión -que seis mil años atrás traicionó al dios Anubis- lo devuelve a la vida, el choque entre ambas fuerzas malignas desencadenará el caos en el mundo... si Rick y Evelyn no consiguen evitarlo.",2001-05-04,Accion,6.406
V3nganza,"Tercera entrega de la trilogía iniciada en 2008 con 'Venganza' y que cuenta con una secuela en 2012 bajo el título 'Venganza: Conexión Estambul', donde Liam Neeson ('Batman Begins') vuelve a meterse en la piel de Bryan, un espía retirado que no dudará en hacer lo necesario a favor de la justicia y la supervivencia.",2014-12-16,Accion,6.3
Godzilla: Rey de los Monstruos,"Los criptozoólogos de la agencia Monarch se enfrentan a un grupo de enormes monstruos: Godzilla, Mothra, Rodan y el enemigo de la humanidad, King Ghidorah. Estas ancianas criaturas harán todo lo posible por sobrevivir, poniendo en riesgo la existencia del ser humano en el planeta.",2019-05-29,Accion,6.691
Hulk,"Bruce Banner un brillante investigador en el campo de la tecnología genética, oculta un pasado doloroso que lo ha dejado estigmatizado. Su antigua novia, la investigadora Betty Ross (Jennifer Connelly), que perdió la paciencia esperando que recuperara la estabilidad emocional, fue testigo de un grave accidente sufrido por Banner en el laboratorio: debido a una explosión el cuerpo del científico absorbió una dosis letal de rayos gamma; desde entonces, Banner empezó a sentir en su interior la presencia de un ente peligroso y, a la vez, oscuramente atractivo. Mientras tanto, Hulk, una criatura salvaje y prodigiosamente fuerte aparece esporádicamente, dejando tras de sí una estela de destrucción. Se trata de una situación de emergencia que exige la intervención del ejército, encabezado por el padre de Betty, el general ""Thunderbolt"" Ross. Betty es la única que sospecha que Bruce tiene algo que ver con Hulk.",2003-06-19,Accion,5.583
Jefes de Estado,"El primer ministro del Reino Unido y el presidente de EE. UU. tienen una rivalidad pública que pone en riesgo la alianza entre sus países. Pero cuando se convierten en el blanco de un poderoso enemigo, se ven obligados a confiar el uno en el otro. Aliados con Noel, una agente del MI6, intenta frustrar una conspiración que amenaza al mundo libre.",2025-06-24,Accion,6.807
M3GAN 2.0,"Con el futuro de la existencia humana en juego, Gemma se da cuenta de que la única opción es resucitar a M3GAN y darle unas cuantas mejoras, haciéndola más rápida, más fuerte y más letal.",2025-06-25,Accion,7.203
Braveheart,"¿Qué clase de hombre desafiaría a un rey? 'Braveheart' es una historia épica medieval sobre la independencia de Escocia en el siglo XIII, basada en la leyenda de William Wallace, un montañés escocés que arrastra a su clan a luchar contra la tiranía del rey Eduardo I de Inglaterra. Después del brutal asesinato de su joven esposa por los ingleses, Wallace sólo busca venganza. Hambrientos y en inferior número, Wallace lidera a los patriotas escoceses y consigue organizar un ejército de guerreros sedientos de libertad logrando recuperar con ello el espíritu que haría a Escocia libre para siempre.",1995-05-24,Accion,7.945
Bullet Train,Cinco asesinos a sueldo se encuentran a bordo de un tren bala que viaja de Tokio a Morioka con unas pocas paradas intermedias. Descubren que sus misiones no son ajenas entre sí. La pregunta es quién saldrá vivo del tren y qué les espera en la estación final.,2022-08-03,Accion,7.412
Kill Bill: The Whole Bloody Affair,"Kill Bill es una película de acción y suspense de dos partes estrenada en 2003 y 2004 respectivamente, que fue escrita y dirigida por Quentin Tarantino. Kill Bill originalmente fue propuesta para tener un lanzamiento único en los cines, pero con una duración de más de cuatro horas, fue separada en dos volúmenes: Kill Bill: Volumen 1, lanzada a finales de 2003, y Kill Bill: Volumen 2, lanzada a inicios de 2004. Las dos películas fueron bien recibidas por la crítica, muchos notando su estilo de dirección y su homenaje a géneros cinematográficos como las películas de artes marciales hongkonesa, las películas de samuráis, spaghetti western, chicas con armas, violación y venganza. En 2011, las dos películas fueron unidas y, junto a una secuencia animada extensa, fueron estrenadas bajo título de Kill Bill: The Whole Bloody Affair en el New Beverly Cinema, en Los Ángeles, California.",2011-03-27,Accion,8.099
The Bourne Identity: El caso Bourne,"Un hombre amnésico es rescatado por la tripulación de un barco pesquero italiano cuando flota a la deriva en el mar. Carece de identidad y de pasado, pero posee unas serie de talentos extraordinarios en artes lingüísticas, marciales y de autodefensa que sugieren una profesión de riesgo. Confuso y desorientado, emprende una frenética búsqueda para descubrir quién es y por qué su vida ha tomado un giro tan peligroso.",2002-06-14,Accion,7.5
Black Adam,"Casi 5000 años después de que los dioses antiguos le concediesen sus poderes y tras ser encarcelado, Black Adam queda liberado de su tumba terrenal y está listo para hacer justicia a su manera en el mundo moderno.",2022-10-19,Accion,6.798
Amor a quemarropa,"El joven y solitario Clarence está celebrando su cumpleaños como siempre lo hace, viendo películas de Kun-fú en un destartalado cine de Detroit, cunado una rubia explosiva, Alabama, hace su entrada en la sala derramando palomitas sobre él. De este incidente surgirá una loca aventura de amor que llevará a los dos jóvenes a vivir una verdadera noche de pasión. Alabama es en realidad una prostituta alquilada por el mejor amigo de Clarence como regalo de cumpleaños. Los dos jóvenes se enamoran y contraen matrimonio. Clarence intenta alejar a su mujer de la prostitución y se enfrenta con su chulo al ir a recoger las pertenencias de Alabama, pero al abrir la maleta se encuentran con una considerable cantidad de cocaína que utilizarán como esperanza para realizar todos lo sueños que han deseador.",1993-09-09,Accion,7.5
Hora punta 2,"El detective James Carter se encuentra de vacaciones en Hong Kong con su buen amigo el detective Lee. Mientras Carter está ansioso por dedicarse a la juerga y las mujeres, Lee tiene que enfrentarse con un jefe de las Tríadas, responsable del asesinato de dos funcionarios de la embajada norteamericana. Conforme avancen en la investigación, descubrirán una trama de distribución de billetes falsos.",2001-08-03,Accion,6.768
El especialista,"Es un doble de acción, y al igual que todos en la comunidad de especialistas, sale volando, le disparan, se estrella, se tira desde ventanas y cae desde las alturas más extremas, todo para nuestro entretenimiento. Y ahora, tras un accidente que casi acaba con su carrera, este héroe de clase trabajadora debe seguir la pista de una estrella de cine desaparecida, resolver una conspiración y tratar de recuperar el amor de su vida mientras sigue haciendo su trabajo. ¿Qué podría salir bien?",2024-04-24,Accion,7.0
Dunkerque,"II Guerra Mundial. Cientos de miles de británicos y tropas aliadas están rodeados por las fuerzas enemigas. Atrapados en la playa con el mar a sus espaldas se enfrentan a una situación imposible mientras el enemigo se acerca. La película relata la Operación Dinamo, también conocida como el milagro de Dunkerque. Se trató de una operación de evacuación de las tropas aliadas en territorio francés, que tuvo lugar a finales de mayo de 1940. La operación permitió el rescate de más de 200.000 soldados británicos y más de 100.000 franceses y belgas.",2017-07-19,Accion,7.452
Blade,"En un mundo cohabitado en guerra por hombres y vampiros Blade es un vampiro que, al contrario que el resto, no se alimenta de humanos, y que pretende acabar con la raza de ""seres superiores"" que mordieron a su madre cuando estaba embarazada.",1998-08-21,Accion,6.84
Uncharted,"Descubre la primera aventura de Nathan Drake, un joven, astuto y carismático cazatesoros, con su ingenioso compañero Victor “Sully” Sullivan. En una aventura de acción que se extiende por todo el mundo, ambos se embarcan en una peligrosa búsqueda de “el mayor tesoro nunca antes encontrado” al tiempo que rastrean las claves que les podrían conducir al hermano de Nathan, perdido hace ya mucho tiempo.",2022-02-10,Accion,6.885
Ant-Man y la Avispa,"Mientras Scott Lang se convierte en un súper héroe y en un padre, Hope van Dyne y el Dr. Hank Pym presentan una nueva misión urgente que encuentra a Ant-Man luchando junto a The Wasp para descubrir secretos de su pasado.",2018-07-04,Accion,6.902
Godzilla Minus One,"En el Japón de la posguerra, Godzilla trae una nueva devastación a un paisaje ya abrasado. Sin intervención militar ni ayuda gubernamental a la vista, los supervivientes deben unirse frente a la desesperación y luchar contra un horror implacable.",2023-11-03,Accion,7.573
Abierto hasta el amanecer,"Los hermanos Gecko, Seth y Richard, dos peligrosos criminales, se dirigen a la frontera de México escapando de la policia. En su huida utilizarán la caravana de la familia Fuller, tomando al pastor Jacob y a sus dos hijos como rehenes. Los cinco viajeros,llegan hasta el Titty Twister, un siniestro local donde espera el contacto de los hemanos Gecko.",1996-01-19,Accion,7.043
Guardianes de la Noche: Tren infinito,"Tanjiro y sus compañeros se unen al Pilar de las Llamas Kyojuro Rengoku para investigar una misteriosa serie de desapariciones que han ocurrido dentro del “Tren Infinito”. Poco saben que Enmu, uno de los miembros de las Doce Lunas Demoníacas, también está a bordo y les ha preparado una trampa.",2020-10-16,Accion,8.215
Curral de Mulheres,"Mujeres jóvenes en el Amazonas son secuestradas por una red de adoradores del diablo que planean venderlas como esclavas sexuales. Algunas de las mujeres escapan, pero sus captores las persiguen hacia la jungla. Las mujeres deben unirse para darle la vuelta a sus secuestradores.",1982-01-01,Accion,4.34
Spectre,"Un críptico mensaje del pasado envía a James Bond a una misión secreta a México D.F. y luego a Roma, donde conoce a Lucía Sciarra, la hermosa viuda de un infame criminal. Bond se infiltra en una reunión secreta y descubre la existencia de una siniestra organización conocida como SPECTRE. Mientras tanto, en Londres, el nuevo director del Centro para la Seguridad Nacional cuestiona las acciones de Bond y pone en duda la importancia del MI6, encabezado por M. De modo encubierto Bond recluta a Moneypenny y Q para que le ayuden a buscar a Madeleine Swann, la hija de su antiguo archienemigo, el Sr. White, que quizá tenga la clave para desentrañar el misterio de SPECTRE. A medida que Bond avanza en su misión, descubre una estremecedora conexión entre él mismo y el enemigo que busca.",2015-10-26,Accion,6.569
Skyfall,"En Skyfall, la lealtad de James Bond hacia M será puesta a prueba cuando el pasado de M vuelve para atormentarla. Su vida se verá en peligro, de modo que el agente 007 deberá localizar y eliminar la amenaza, sin importar el precio personal que tendrá que pagar. Tras el fracaso de la última y fatídica misión de Bond y revelarse la identidad de varios agentes secretos en distintos puntos del planeta, la sede del MI6 es atacada, obligando a M a trasladar su agencia. Debido a estos sucesos, su autoridad y posición se verán amenazados por Mallory, el nuevo Presidente del Comité de Inteligencia y Seguridad. Ahora, el MI6 se enfrenta a amenazas tanto externas como internas por lo que M decide acudir al único aliado en quien puede confiar: Bond. El agente 007 desaparece en las sombras con una única aliada: la agente de campo Eve. Juntos le seguirán la pista al misterioso Silva.",2012-10-24,Accion,7.262
Hope,"Tras un extraño hallazgo cerca de una aislada ciudad portuaria, los habitantes se ven envueltos en una desesperada lucha por la supervivencia.",2026-07-15,Accion,0.0
X-Men: Apocalipsis,"Desde los albores de la civilización, fue adorado como un dios. Apocalypse, el primer y más poderoso mutante del universo X-Men de Marvel, acumuló los poderes de muchos otros mutantes, convirtiéndose en inmortal e invencible. Pero al despertar tras miles de años, se encuentra desilusionado con el mundo en que se encuentra y decide reclutar un equipo de mutantes poderosos, entre ellos a un descorazonado Magneto (Michael Fassbender), con el fin de limpiar la humanidad y crear una nueva orden mundial, sobre la cual él reinará. A medida que el destino de la tierra está en juego, Raven (Jennifer Lawrence) con la ayuda del Profesor X (James McAvoy) se unirán junto a un equipo de jóvenes X-Men para detener a su mayor enemigo y salvar así a la humanidad de la destrucción total.",2016-05-18,Accion,6.525
Polar,"Duncan Vizla, el asesino más letal del mundo, conocido como Black Káiser (Mads Mikkelsen), está a punto de jubilarse. Pero su antiguo jefe le ha puesto precio a su cabeza. Y, en contra de su voluntad, tiene que plantarle cara a un grupo de sicarios más jóvenes, rápidos y despiadados, dispuestos a todo para eliminarlo. Adaptación de la novela gráfica ""Polar: Came From the Cold"" de Victor Santos.",2019-01-25,Accion,6.38
Terminator: Destino oscuro,Sarah Connor une todas sus fuerzas con una mujer cyborg para proteger a una joven de un extremadamente poderoso y nuevo Terminator.,2019-10-23,Accion,6.421
Hulk,"Bruce Banner un brillante investigador en el campo de la tecnología genética, oculta un pasado doloroso que lo ha dejado estigmatizado. Su antigua novia, la investigadora Betty Ross (Jennifer Connelly), que perdió la paciencia esperando que recuperara la estabilidad emocional, fue testigo de un grave accidente sufrido por Banner en el laboratorio: debido a una explosión el cuerpo del científico absorbió una dosis letal de rayos gamma; desde entonces, Banner empezó a sentir en su interior la presencia de un ente peligroso y, a la vez, oscuramente atractivo. Mientras tanto, Hulk, una criatura salvaje y prodigiosamente fuerte aparece esporádicamente, dejando tras de sí una estela de destrucción. Se trata de una situación de emergencia que exige la intervención del ejército, encabezado por el padre de Betty, el general ""Thunderbolt"" Ross. Betty es la única que sospecha que Bruce tiene algo que ver con Hulk.",2003-06-19,Accion,5.583
铁血女枪手,,2024-06-09,Accion,5.0
Blade,"En un mundo cohabitado en guerra por hombres y vampiros Blade es un vampiro que, al contrario que el resto, no se alimenta de humanos, y que pretende acabar con la raza de ""seres superiores"" que mordieron a su madre cuando estaba embarazada.",1998-08-21,Accion,6.84
La guerra de las galaxias. Episodio III: La venganza de los Sith,"Último capítulo de la saga de Star Wars, en el que Anakin Skywalker definitivamente se pasa al lado oscuro. En el Episodio III aparecerá el General Grievous, un ser implacable mitad-alien mitad-robot, el líder del ejército separatista Droid. Los Sith son los amos del lado oscuro de la Fuerza y los enemigos de los Jedi. Ellos fueron prácticamente exterminados por los Jedi hace mil años, pero la orden del mal sobrevivió en la clandestinidad.",2005-05-17,Accion,7.468
Raya y el último dragón,"Raya, una niña de gran espíritu aventurero,  se embarca en la búsqueda del último dragón del mundo con el objetivo de devolver el equilibrio a Kumandra, un lejano y recóndito territorio habitado por una civilización milenaria.",2021-03-03,Accion,7.801
Karate Kid,"Dre Parker podría haber sido el más popular en Detroit, pero la carrera profesional de su madre los lleva a ambos a China. Allí logra hacer conexión con su compañera de clase Mei Ying y el sentimiento es mutuo, hasta que las diferencias culturales hacen que su amistad sea imposible. Para que la situación empeore, Dre se consigue un enemigo, el peleonero de la clase, Cheng. Dre no tiene amigos a quién acudir, excepto el encargado de mantenimiento, el Sr. Han.",2010-06-10,Accion,6.6
Plan en familia 2,"Dan ha dejado atrás su pasado como asesino y lo único que quiere esta Navidad es pasar tiempo de calidad con sus hijos. Pero, al ver que su hija tiene otros planes, organiza un viaje familiar a Londres... y los pone a todos en la mira de un enemigo inesperado.",2025-11-11,Accion,6.531
Creed II: La leyenda de Rocky,"Adonis Creed se debate entre las obligaciones personales y el entrenamiento para su próxima gran pelea, con el desafío de su vida por delante. Enfrentarse a un oponente que tiene vínculos con el pasado de su familia solo intensifica su inminente batalla en el ring. Afortunadamente Rocky Balboa está a su lado a lo largo de todo el camino, y juntos se cuestionarán por lo que vale la pena luchar y descubrirán que nada es más importante que la familia...",2018-11-21,Accion,7.034
Akira,"Corre el año 2019. Un estado policial, políticos tramposos, sectas religiosas, revolucionarios y un proyecto científico secreto se combinan para causar una atmósfera explosiva en Neo-Tokyo. Todos los grupos rivales quieren controlar a Akira, un chico con extraños poderes psíquicos que ha sido mantenido bajo custodia criogénica por más de 30 años. En medio de esta tensa atmósfera, un joven psíquico llamado Tetsuo libera a Akira.",1988-06-10,Accion,7.942
Tesoro del Amazonas,"Para pagar una deuda, un cazador de recompensas (The Rock) viaja a Helldorado, una ciudad en lo profundo de la jungla del Amazonas, para capturar a un convicto (Scott). Pero cuando llega, descubre que a quien tiene que detener es sólo un muchacho ávido de emociones que busca riqueza, y ambos formarán equipo para intentar encontrar una mina llena de oro.",2003-09-26,Accion,6.449
La momia II. El regreso de la momia,"Han pasado diez años, Rick O'Connell se ha casado con Evelyn, y ambos son padres del pequeño Alex, de ocho años. Cuando, tras una serie de acontecimientos, la momia del antiguo sacerdote egipcio Im-Ho-Tep es resucitada por una extraña secta en el British Museum, y la maldición milenaria del Rey Escorpión -que seis mil años atrás traicionó al dios Anubis- lo devuelve a la vida, el choque entre ambas fuerzas malignas desencadenará el caos en el mundo... si Rick y Evelyn no consiguen evitarlo.",2001-05-04,Accion,6.4
Batman y Robin,"Unos experimentos de criogenia han convertido al Dr. Victor Fries en el malvado Mr. Freeze, un villano que necesita mantener su cuerpo a temperaturas gélidas y que, por ello, intentará congelar a todos los habitantes de la ciudad de Gotham. Por otro lado, la tímida botánica Pamela Isley se transformará en el transcurso de un experimento en la terrible Hiedra Venenosa, que querrá asesinar a todos los seres humanos de la tierra, para que las plantas recuperen su hegemonía sobre el planeta. Por este motivo, Batman y Robin deberán enfrentarse a ellos y detener sus siniestros planes.",1997-06-20,Accion,4.394
Misión hostil,"Kinney, un controlador de apoyo aéreo con poca experiencia, se incorpora a un equipo Delta Force en una misión en Filipinas. Cuando el equipo queda atrapado sin armas, las oportunidades de sobrevivir dependen de la habilidad de Reaper, un piloto de drones de las Fuerzas Aéreas.",2024-02-09,Accion,7.251
¡Shazam!,"Todos llevamos un superhéroe dentro, solo se necesita un poco de magia para sacarlo a la luz. Cuando Billy Batson, un niño de acogida de 14 años que ha crecido en las calles, grita la palabra 'SHAZAM!' se convierte en el Superhéroe adulto Shazam, por cortesía de un antiguo mago. Dentro de un cuerpo musculoso y divino, Shazam esconde un corazón de niño. Pero lo mejor es que en esta versión de adulto consigue realizar todo lo que le gustaría hacer a cualquier adolescente con superpoderes: ¡divertirse con ellos! ¿Volar? ¿Tener visión de rayos X? ¿Disparar un rayo con las manos? ¿Saltarse el examen de sociales? Shazam va a poner a prueba los límites de sus habilidades con la inconsciencia propia de un niño. Pero necesitará dominar rápidamente esos poderes para luchar contra las letales fuerzas del mal que controla el Dr. Thaddeus Sivana.",2019-03-29,Accion,6.976
Misión imposible,"Ethan Hunt es un superespía capaz de resolver cualquier arriesgada situación con la máxima elegancia. Forma parte de un competente equipo dirigido por el agente Jim Phelps, que ha vuelto a reunir a sus hombres para participar en una dificilísima misión: evitar la venta de un disco robado que contiene información secreta de vital importancia.",1996-05-22,Accion,7.025
John Carter,"Adaptación de ‘Una princesa de Marte’, la primera novela fantástica de Edgar Rice Burroughs. La película lleva a la gran pantalla una aventura épica que se desarrolla en el devastado planeta Marte, un mundo habitado por tribus guerreras y seres salvajes. John Carter es un veterano de la Guerra Civil norteamericana (1861-1865) que se halla en el planeta Marte, se ve inmerso en una nueva y misteriosa guerra con un extraño ejército de marcianos, entre los que se encuentran Tars Tarkas y la princesa Dejah Thoris.",2012-03-07,Accion,6.371
X-Men: Apocalipsis,"Desde los albores de la civilización, fue adorado como un dios. Apocalypse, el primer y más poderoso mutante del universo X-Men de Marvel, acumuló los poderes de muchos otros mutantes, convirtiéndose en inmortal e invencible. Pero al despertar tras miles de años, se encuentra desilusionado con el mundo en que se encuentra y decide reclutar un equipo de mutantes poderosos, entre ellos a un descorazonado Magneto (Michael Fassbender), con el fin de limpiar la humanidad y crear una nueva orden mundial, sobre la cual él reinará. A medida que el destino de la tierra está en juego, Raven (Jennifer Lawrence) con la ayuda del Profesor X (James McAvoy) se unirán junto a un equipo de jóvenes X-Men para detener a su mayor enemigo y salvar así a la humanidad de la destrucción total.",2016-05-18,Accion,6.525
Black Adam,"Casi 5000 años después de que los dioses antiguos le concediesen sus poderes y tras ser encarcelado, Black Adam queda liberado de su tumba terrenal y está listo para hacer justicia a su manera en el mundo moderno.",2022-10-19,Accion,6.798
Project Wolf Hunting,"Septiembre de 2021. Un grupo de peligrosos delincuentes coreanos tiene que ser trasladado en un buque de carga de Manila a Busán. Los acompañan a bordo el capitán de la policía coreana Suk-woo y otros 22 detectives experimentados, cada uno con al menos 10 años de experiencia investigando crímenes violentos. Pronto, la prisión flotante abandona el puerto y comienza su camino hacia Corea. Los prisioneros están fuertemente custodiados y todo está tranquilo a bordo hasta que los criminales inician un motín.",2022-09-21,Accion,6.4
The Witch: Part 1 - The Subversion,"Una estudiante de instituto con amnesia intenta averiguar lo que le sucede, pero esto le mete en más problemas, hasta que descubre algo que no imaginaba.",2018-06-27,Accion,7.918
Rogue One: Una historia de Star Wars,"El Imperio Galáctico ha terminado de construir el arma más poderosa de todas, la Estrella de la muerte, pero un grupo de rebeldes decide realizar una misión de muy alto riesgo: robar los planos de dicha estación antes de que entre en operaciones, mientras se enfrentan también al poderoso Lord Sith conocido como Darth Vader, discípulo del despiadado Emperador Palpatine.",2016-12-14,Accion,7.508
Rompenieves,"Un experimento para solucionar el calentamiento global acabó con la mayoría de vida existente en el planeta. El último tren llamado Snowpiercer (Rompenieves) se mueve en círculos por el mundo, a través de un desierto de hielo y nieve. Los últimos supervivientes de la Tierra se amontonan en sus vagones. El joven Curtis (Chris Evans) iniciará una revolución desde los vagones de cola.",2013-08-01,Accion,6.908
Indiana Jones y la última cruzada,"En 1938, dos años después de encontrar el Arca de la Alianza, Indiana Jones es convencido por un millonario para que lo ayude a encontrar el Santo Grial antes de que caiga en manos del ejército nazi. Sin embargo, el verdadero motivo para involucrarse es encontrar a su padre, el doctor Henry Jones, con quien ha mantenido una fría relación desde su juventud y que ha desaparecido mientras seguía la pista del tesoro bíblico.",1989-05-24,Accion,7.852
Godzilla,"Gareth Edwards dirige este ""reboot"", que se sitúa antes en el tiempo que la película de 1998 dirigida por Roland Emmerich, que nos llevará a conocer los orígenes del famoso monstruo japonés gigante Godzilla.  Protagonizada por Bryan Cranston, ganador del Globo de Oro por Breaking Bad, que da vida a Joe Brody un científico que descubre que algo terrible está a punto de suceder cuando una serie de tsunamis comienzan a llegar a las costas, anticipando la llegada de numerosos monstruos de gran tamaño mientras el ejército intenta defenderse en vano.",2014-05-14,Accion,6.361
En la Ruta del Crimen,"Tras un enfrentamiento mortal, el agente de la ley Frank Bennett descubre una enorme red de contrabando. Sin servicio de telefonía móvil y sin su camión, Frank se ve obligado a enfrentarse a una peligrosa banda liderada por un ex comandante militar trastornado. Detenerlos antes de que lleguen a la frontera no es sólo su deber, es su única oportunidad de sobrevivir.",2026-05-10,Accion,7.818
Matrix Revolutions,"Quedan veinte horas para la irrupción de las máquinas en Sión, el último bastión de los humanos libres. Mientras el cuerpo de Neo permanece en coma, su consciencia se encuentra en tierra de nadie, en un lugar entre el mundo humano y el de las máquinas.",2003-11-05,Accion,6.754
Matrix Resurrections,"En un mundo compuesto por dos realidades, lo cotidiano y lo oculto tras ella, Thomas Anderson se ve obligado de nuevo a ir tras el conejo blanco. Dicha elección continúa siendo la vía de acceso a Matrix, que esta vez es más poderosa e intrincada que en ocasiones anteriores.",2021-12-16,Accion,6.329
सुल्तान,Sultan Ali Khan es un campeón de lucha libre que lo perdió todo por su ambición. Un día el destino llamará a su puerta dándole una nueva oportunidad en un nuevo deporte de contacto.,2016-07-06,Accion,6.874
Jefes de Estado,"El primer ministro del Reino Unido y el presidente de EE. UU. tienen una rivalidad pública que pone en riesgo la alianza entre sus países. Pero cuando se convierten en el blanco de un poderoso enemigo, se ven obligados a confiar el uno en el otro. Aliados con Noel, una agente del MI6, intenta frustrar una conspiración que amenaza al mundo libre.",2025-06-24,Accion,6.807
Amenaza en el aire,"En este claustrofóbico thriller, un piloto (Mark Wahlberg) transporta en su avioneta a una agente del servicio de MARSHALS de Estados Unidos (Michelle Dockery) que custodia a un testigo (Topher Grace) que va a testificar en un juicio contra la mafia. A medida que atraviesan las montañas de Alaska, las tensiones se disparan, ya que no todo el mundo a bordo es quien parece ser. Y a 3.000 metros de altura no hay escapatoria posible.",2025-01-22,Accion,5.93
The Marvels,"Cuando sus obligaciones la envían a un agujero de gusano vinculado a un revolucionario kree, los poderes de Carol Danvers, la capitana Marvel, se entremezclan con los de Kamala Khan, también conocida como la Sra. Marvel y la sobrina de Carol, ahora astronauta de S.A.B.E.R., Monica Rambeau. Juntas, deberán salvar el universo como ""The Marvels"".",2023-11-08,Accion,5.9
పుష్పా 2 - The Rule,,2024-12-04,Accion,6.303
Jumanji: Bienvenidos a la jungla,"Cuatro estudiantes de secundaria se quedan atrapados en la selva dentro de un videojuego, donde viven una aventura convertidos en avatares adultos arquetípicos.",2017-12-09,Accion,6.82
Transformers: El último caballero,"Dos especies en guerra: una de carne y hueso, la otra de metal. El Último Caballero rompe con el mito original de la franquicia de Transformers y redefine lo que significa ser un héroe. Humanos y Transformers están en guerra y Optimus Prime se ha ido. La llave para salvar nuestro futuro está enterrada en los secretos del pasado, en la historia oculta de los Transformers en la Tierra. Salvar a nuestro mundo está en manos de una alianza única: Cade Yeager (Mark Wahlberg); Bumblebee; un Lord Inglés (Sir Anthony Hopkins); y una profesora de la Universidad de Oxford (Laura Haddock). Hay un momento en la vida de todo ser humano en la que recibimos el llamado para hacer la diferencia. En Transformers: El Último Caballero los perseguidos se convertirán en héroes; los héroes se convertirán en villanos y sólo un mundo sobrevivirá: el de ellos o el nuestro. Quinta película de Transformers dirigida por Michael Bay.",2017-06-16,Accion,6.056
Jack Reacher,"Jack Reacher (Tom Cruise), un antiguo policía militar que vive semiescondido como un vagabundo y que trabaja por su cuenta, decide investigar el caso de un francotirador que ha sido acusado de matar, por puro azar, a cinco personas en un tiroteo. Al ser interrogado, el francotirador se declara inocente y, además, exige la presencia de Jack Reacher.",2012-12-20,Accion,6.668
Oscar Shaw,"Tras retirarse de la policía, un implacable detective atormentado por la trágica pérdida de su mejor amigo emprende una peligrosa búsqueda de venganza, buscando la redención y luchando también por devolver la justicia a las calles que una vez juró proteger.",2026-01-09,Accion,6.8
Los tipos malos,"Cinco villanos notorios: el Sr. Lobo, Sr. Serpiente, Sr. Piraña, Sr. Tiburón y Srta. Tarántula, que han pasado toda una vida juntos realizando grandes atracos.",2022-03-17,Accion,7.53
Abierto hasta el amanecer,"Los hermanos Gecko, Seth y Richard, dos peligrosos criminales, se dirigen a la frontera de México escapando de la policia. En su huida utilizarán la caravana de la familia Fuller, tomando al pastor Jacob y a sus dos hijos como rehenes. Los cinco viajeros,llegan hasta el Titty Twister, un siniestro local donde espera el contacto de los hemanos Gecko.",1996-01-19,Accion,7.043
Ciudad sin ley,"Jang Chen llega de China y trabaja como prestamista en una sórdida zona de Chinatown en Seúl. Está respaldado por sus esbirros sanguinarios Wei Sung-Rak y Yang-Tae. Mientras tanto, Ma Suk-Do es un detective en el área de Chinatown de Seúl. Él trata de mantener la paz, mientras que dos pandillas chino-coreanas luchan por el poder.",2017-10-03,Accion,7.6
Matrix Revolutions,"Quedan veinte horas para la irrupción de las máquinas en Sión, el último bastión de los humanos libres. Mientras el cuerpo de Neo permanece en coma, su consciencia se encuentra en tierra de nadie, en un lugar entre el mundo humano y el de las máquinas.",2003-11-05,Accion,6.754
El retorno del Jedi,"Luke Skywalker y la princesa Leia deben viajar a Tatooine para liberar a Han Solo. Para conseguirlo, deben infiltrarse en la peligrosa guarida de Jabba the Hutt, el gángster más temido de la galaxia. Una vez reunidos, el equipo recluta a tribus de Ewoks para combatir a las fuerzas imperiales en los bosques de la luna de Endor. Mientras tanto, el Emperador y Darth Vader conspiran para convertir a Luke al lado oscuro, pero el joven Skywalker, por su parte, está decidido a reavivar el espíritu del Jedi en su padre. La guerra civil galáctica culmina en un último enfrentamiento entre las fuerzas rebeldes unificadas y una segunda Estrella de la Muerte, indefensa e incompleta, en una batalla que decidirá el destino de la galaxia.",1983-05-25,Accion,7.909
The Equalizer 2,"Robert McCall imparte una justicia inquebrantable a los explotados y oprimidos, pero eso podría cambiar cuando se trata de un ser querido.",2018-07-19,Accion,6.8
Red One,"Tras el secuestro de Papá Noel (nombre en clave: RED ONE), el Jefe de Seguridad del Polo Norte (Dwayne Johnson) debe formar equipo con el cazarrecompensas más infame del mundo (Chris Evans) en una misión trotamundos llena de acción para salvar la Navidad.",2024-10-31,Accion,6.982
El espantatiburones,Oscar es un pececito de verbo rápido que sueña con ser un pez gordo. Pero sus sueños le meten en agua estancada cuando una gran mentira le convierte en un improbable héroe. Al principio los demás peces se tragan el anzuelo de Oscar y le llueve la fama y la fortuna. Todo va con la marea a favor hasta que empieza a quedar claro que la historia que ha propagado Oscar de que es el gran defensor del atolón hace agua por todas partes. El pececito descubre que ser un héroe significa que su vida está de rebajas: su mentira le va a convertir en la pesca del día. Oscar debe aprender a navegar entre dos aguas para volver a encontrar la corriente a su favor.,2004-09-20,Accion,6.042
Creed II: La leyenda de Rocky,"Adonis Creed se debate entre las obligaciones personales y el entrenamiento para su próxima gran pelea, con el desafío de su vida por delante. Enfrentarse a un oponente que tiene vínculos con el pasado de su familia solo intensifica su inminente batalla en el ring. Afortunadamente Rocky Balboa está a su lado a lo largo de todo el camino, y juntos se cuestionarán por lo que vale la pena luchar y descubrirán que nada es más importante que la familia...",2018-11-21,Accion,7.034
Kıyma: Orman Kanunları,,2024-05-23,Accion,4.0
Los mercenarios,"Un grupo de mercenarios es contratado para infiltrarse en un país sudamericano y derrocar a su despiadado y corrupto dictador. Una vez allí, se verán atrapados en una telaraña de engaño y traición. Una vez fracasada la misión, tendrán que enfrentarse a un reto aún más difícil; salvar la unidad del grupo y la amistad que los ha unido durante largos años.",2010-08-07,Accion,6.252
Welcome to the Jungle,,2026-06-25,Accion,0.0
Scarlet,"Una princesa medieval experta en el manejo de la espada se embarca en una peligrosa misión para vengar la muerte de su padre. Tras fracasar en su misión y encontrarse gravemente herida en un 'Otromundo', conoce a un joven idealista de nuestro presente que no solo la ayuda a curarse, sino que le muestra la posibilidad de un futuro libre de amargura y rabia. Cuando se enfrenta de nuevo al asesino de su padre, Scarlet se enfrenta a su batalla más difícil: ¿podrá romper el ciclo del odio y encontrar un sentido a la vida más allá de la venganza?",2025-11-21,Accion,7.3
Baby Driver,"Baby, un joven y talentoso conductor especializado en fugas, depende del ritmo de su banda sonora personal para ser el mejor en lo suyo. Cuando conoce a la chica de sus sueños, Baby ve una oportunidad de abandonar su vida criminal y realizar una huida limpia. Pero después de haber sido forzado a trabajar para un jefe del crimen, deberá dar la cara cuando un malogrado golpe amenaza su vida, su amor y su libertad.",2017-06-28,Accion,7.444
Guardianes de la galaxia,"El temerario aventurero Peter Quill es objeto de un implacable cazarrecompensas después de robar una misteriosa esfera codiciada por Ronan, un poderoso villano cuya ambición amenaza todo el universo. Para poder escapar del incansable Ronan, Quill se ve obligado a pactar una complicada tregua con un cuarteto de disparatados inadaptados: Rocket, un mapache armado con un rifle, Groot, un humanoide con forma de árbol, la letal y enigmática Gamora y el vengativo Drax the Destroyer. Pero cuando Quill descubre el verdadero poder de la esfera, deberá hacer todo lo posible para derrotar a sus extravagantes rivales en un intento desesperado de salvar el destino de la galaxia.",2014-07-30,Accion,7.906
Capitán América: El primer vengador,"Nacido durante la Gran Depresión, Steve Rogers creció como un chico enclenque en una familia pobre. Horrorizado por las noticias que llegaban de Europa sobre los nazis, decidió enrolarse en el ejército; sin embargo, debido a su precaria salud, fue rechazado una y otra vez. Enternecido por sus súplicas, el general Chester Phillips le ofrece la oportunidad de tomar parte en un experimento especial: la Operación Renacimiento. Tras meses de preparación y entrenamiento recibe su primera misión como Capitán América. Armado con un escudo indestructible y su inteligencia para la batalla, el Capitán América emprende la guerra contra el mal, como centinela de la libertad y como líder de los Vengadores.",2011-07-22,Accion,7.008
Predators,"Royce es un mercenario que, a regañadientes, encabeza a un grupo de guerreros de élite que acaban dándose cuenta de que los han llevado juntos a otro planeta… para servir de presa. Con la excepción de un médico desprestigiado, todos ellos son unos desalmados asesinos —mercenarios, yakuzas, presidiarios, miembros de escuadrones de la muerte—, “depredadores” humanos que ahora están siendo cazados y eliminados sistemáticamente por una nueva raza de Depredadores extraterrestres.",2010-07-07,Accion,6.302
Lift: Un robo de primera clase,Un ladrón y su banda se preparan para dar un golpe de altura: robar 500 millones de dólares en oro de una caja fuerte... ¡a bordo de un avión a 9000 m de altitud!,2024-01-10,Accion,6.424
Pokémon Detective Pikachu,"Ryme City, una metrópoli futurista en la que los humanos y los Pokémon conviven en armonía. Tras la misteriosa desaparición de su padre, toda una leyenda en la ciudad, el joven Tim Goodman (Justice Smith) comienza una investigación para buscarle y averiguar lo que le ha sucedido. En esta misión le ayudará el adorable súper-detective Pikachu, un inteligente Pokémon que habla, aunque curiosamente el chico es el único que puede entenderle. Ambos unirán sus fuerzas y trabajarán juntos para resolver este gran misterio, con la ayuda de Lucy (Kathryn Newton), una reportera que trabaja en su primera gran historia. Será una aventura en la que descubrirán a entrañables personajes del universo Pokémon, además de una trama espeluznante que podría amenazar la convivencia pacífica de todo este universo.",2019-05-03,Accion,6.905
Gran Turismo,"Un adolescente jugaba a 'Gran Turismo', videojuego en el que ganó una serie de competiciones patrocinadas por Nissan, y le sirvió de trampolín para acabar convirtiéndose en un piloto de carreras profesional.",2023-08-09,Accion,7.7
The Creator,"En medio de una guerra futura entre la raza humana y las fuerzas de la inteligencia artificial, Joshua, un duro ex-agente de las fuerzas especiales que llora la desaparición de su esposa, es reclutado para cazar y matar al Creador, el escurridizo arquitecto de la IA avanzada que ha desarrollado una misteriosa arma con el poder de acabar con la guerra... y con la propia humanidad.",2023-09-27,Accion,7.041
Toxic,,2026-08-26,Accion,0.0
Ciudad sin ley,"Jang Chen llega de China y trabaja como prestamista en una sórdida zona de Chinatown en Seúl. Está respaldado por sus esbirros sanguinarios Wei Sung-Rak y Yang-Tae. Mientras tanto, Ma Suk-Do es un detective en el área de Chinatown de Seúl. Él trata de mantener la paz, mientras que dos pandillas chino-coreanas luchan por el poder.",2017-10-03,Accion,7.6
Desde París con amor,"A Charlie Wax (John Travolta), un singular agente secreto estadounidense, le ha sido encomendada en París una misión de alto riesgo relacionada con el terrorismo y el tráfico de cocaína. El problema es que tropezará con James Reece (Rhys Meyers), un empleado de la embajada norteamericana, nada acostumbrado a los métodos poco ortodoxos de Wax.",2010-02-04,Accion,6.405
"French Connection, contra el imperio de la droga","Jimmy Doyle y Buddy Rosso son dos policías neoyorquinos que siguen la pista de una red de traficantes de drogas. El primero, que confía en su olfato, sospecha que una confitería de Brooklyn está implicada y convence a su jefe para intervenir la línea telefónica. Poco después, Doyle y sus hombres siguen al dueño de la confitería, que los conduce hasta Nicoly y Charnier, dos franceses que acaban de llegar a Estados Unidos.",1971-10-09,Accion,7.498
The Equalizer 2,"Robert McCall imparte una justicia inquebrantable a los explotados y oprimidos, pero eso podría cambiar cuando se trata de un ser querido.",2018-07-19,Accion,6.8
Red One,"Tras el secuestro de Papá Noel (nombre en clave: RED ONE), el Jefe de Seguridad del Polo Norte (Dwayne Johnson) debe formar equipo con el cazarrecompensas más infame del mundo (Chris Evans) en una misión trotamundos llena de acción para salvar la Navidad.",2024-10-31,Accion,6.982
Creed II: La leyenda de Rocky,"Adonis Creed se debate entre las obligaciones personales y el entrenamiento para su próxima gran pelea, con el desafío de su vida por delante. Enfrentarse a un oponente que tiene vínculos con el pasado de su familia solo intensifica su inminente batalla en el ring. Afortunadamente Rocky Balboa está a su lado a lo largo de todo el camino, y juntos se cuestionarán por lo que vale la pena luchar y descubrirán que nada es más importante que la familia...",2018-11-21,Accion,7.034
Kıyma: Orman Kanunları,,2024-05-23,Accion,4.0
Starship Troopers: Las brigadas del espacio,"Johnny, Carmen, Dizzy y Ace son cuatro jóvenes amigos que finalizan el instituto y hacen planes para el futuro. En él domina el espacio como el lugar más apetecible para aprender un oficio y trabajar. La Tierra se halla en guerra con una raza de insectos alienígenas gigantes, y los cuatro amigos estudiarán disciplinas para destruirlos. Pero cada uno irá a una unidad diferente, según sus capacidades. Johnny se ve separado de su novia, Carmen, ya que él tiene que ir a infantería. El día que Johnny decide marcharse del ejército, los insectos arrasan su ciudad natal. Es la guerra.",1997-11-07,Accion,7.107
Welcome to the Jungle,,2026-06-25,Accion,0.0
Scarlet,"Una princesa medieval experta en el manejo de la espada se embarca en una peligrosa misión para vengar la muerte de su padre. Tras fracasar en su misión y encontrarse gravemente herida en un 'Otromundo', conoce a un joven idealista de nuestro presente que no solo la ayuda a curarse, sino que le muestra la posibilidad de un futuro libre de amargura y rabia. Cuando se enfrenta de nuevo al asesino de su padre, Scarlet se enfrenta a su batalla más difícil: ¿podrá romper el ciclo del odio y encontrar un sentido a la vida más allá de la venganza?",2025-11-21,Accion,7.3
Indiana Jones y el templo maldito,"1935. Shanghai. El intrépido arqueólogo Indiana Jones, tras meterse en jaleos en un local nocturno, consigue escapar junto a una bella cantante y su joven acompañante. Tras un accidentado vuelo, los tres acaban en la India, donde intentarán ayudar a los habitantes de un pequeño poblado, cuyos niños han sido raptados.",1984-05-23,Accion,7.308
Harakiri,"Un samurái pide permiso para practicarse el Seppuku (o Harakiri), ceremonia durante la cual se quitará la vida abriéndose el estómago al tiempo que otro samurái lo decapitará. Solicita también poder contar la historia que le ha llevado a tomar tan trágica decisión.",1962-09-15,Accion,8.4
Baby Driver,"Baby, un joven y talentoso conductor especializado en fugas, depende del ritmo de su banda sonora personal para ser el mejor en lo suyo. Cuando conoce a la chica de sus sueños, Baby ve una oportunidad de abandonar su vida criminal y realizar una huida limpia. Pero después de haber sido forzado a trabajar para un jefe del crimen, deberá dar la cara cuando un malogrado golpe amenaza su vida, su amor y su libertad.",2017-06-28,Accion,7.444
Pokémon Detective Pikachu,"Ryme City, una metrópoli futurista en la que los humanos y los Pokémon conviven en armonía. Tras la misteriosa desaparición de su padre, toda una leyenda en la ciudad, el joven Tim Goodman (Justice Smith) comienza una investigación para buscarle y averiguar lo que le ha sucedido. En esta misión le ayudará el adorable súper-detective Pikachu, un inteligente Pokémon que habla, aunque curiosamente el chico es el único que puede entenderle. Ambos unirán sus fuerzas y trabajarán juntos para resolver este gran misterio, con la ayuda de Lucy (Kathryn Newton), una reportera que trabaja en su primera gran historia. Será una aventura en la que descubrirán a entrañables personajes del universo Pokémon, además de una trama espeluznante que podría amenazar la convivencia pacífica de todo este universo.",2019-05-03,Accion,6.905
El retorno del Jedi,"Luke Skywalker y la princesa Leia deben viajar a Tatooine para liberar a Han Solo. Para conseguirlo, deben infiltrarse en la peligrosa guarida de Jabba the Hutt, el gángster más temido de la galaxia. Una vez reunidos, el equipo recluta a tribus de Ewoks para combatir a las fuerzas imperiales en los bosques de la luna de Endor. Mientras tanto, el Emperador y Darth Vader conspiran para convertir a Luke al lado oscuro, pero el joven Skywalker, por su parte, está decidido a reavivar el espíritu del Jedi en su padre. La guerra civil galáctica culmina en un último enfrentamiento entre las fuerzas rebeldes unificadas y una segunda Estrella de la Muerte, indefensa e incompleta, en una batalla que decidirá el destino de la galaxia.",1983-05-25,Accion,7.909
Guardianes de la galaxia,"El temerario aventurero Peter Quill es objeto de un implacable cazarrecompensas después de robar una misteriosa esfera codiciada por Ronan, un poderoso villano cuya ambición amenaza todo el universo. Para poder escapar del incansable Ronan, Quill se ve obligado a pactar una complicada tregua con un cuarteto de disparatados inadaptados: Rocket, un mapache armado con un rifle, Groot, un humanoide con forma de árbol, la letal y enigmática Gamora y el vengativo Drax the Destroyer. Pero cuando Quill descubre el verdadero poder de la esfera, deberá hacer todo lo posible para derrotar a sus extravagantes rivales en un intento desesperado de salvar el destino de la galaxia.",2014-07-30,Accion,7.906
Lift: Un robo de primera clase,Un ladrón y su banda se preparan para dar un golpe de altura: robar 500 millones de dólares en oro de una caja fuerte... ¡a bordo de un avión a 9000 m de altitud!,2024-01-10,Accion,6.424
Gran Turismo,"Un adolescente jugaba a 'Gran Turismo', videojuego en el que ganó una serie de competiciones patrocinadas por Nissan, y le sirvió de trampolín para acabar convirtiéndose en un piloto de carreras profesional.",2023-08-09,Accion,7.7
The Creator,"En medio de una guerra futura entre la raza humana y las fuerzas de la inteligencia artificial, Joshua, un duro ex-agente de las fuerzas especiales que llora la desaparición de su esposa, es reclutado para cazar y matar al Creador, el escurridizo arquitecto de la IA avanzada que ha desarrollado una misteriosa arma con el poder de acabar con la guerra... y con la propia humanidad.",2023-09-27,Accion,7.041
Toxic,,2026-08-26,Accion,0.0
Península,"Cuatro años después de la epidemia zombie, Corea sigue infestada de monstruos y el soldado Jung-seok, que escapó del país, se ve obligado a regresar a Seúl para recuperar un objeto valioso. Allí descubre que hay, todavía, personas sanas en la ciudad. Continuación de la aclamada película de zombis ""Train to Busan"".",2020-07-15,Accion,6.717
La jungla: Un buen día para morir,"Conservando la destreza y la actitud perseverante características de las anteriores entregas, que le han convertido en el mayor rival de todos los criminales que atentan contra la libertad de la humanidad y que han permitiendo la salvación de ésta en distintas situaciones y circunstancias, John McClane deberá viajar a Rusia para rescatar a su hijo que se encuentra encerrado en una prisión bajo las órdenes de un déspota líder ruso.  Padre e hijo tendrán que unir fuerzas para luchar contra su adversario, conseguir liberarse y mantenerse con vida. Así, los protagonistas se verán envueltos en una sucesión de extrema hostilidad que no solo pondrá su vida en peligro, también la del resto de ciudadanos. Su deber será hacer todo lo posible por conservar algo tan esencial en la sociedad actual como es la democracia, una libertad de la que el perverso y autoritario líder antagonista querrá apoderarse.",2013-02-06,Accion,5.333
Los mercen4rios,"Cuarta entrega de la saga Los Mercenarios. El veterano mercenario Barney “Esquizo” Ross (Sylvester Stallone) y su equipo de estrellas, formado por los hombres más duros (Jason Statham, Dolph Lundgren, 50 Cent, Megan Fox…), afrontan un nuevo desafío, en una trama cargada de acción. Para superarlo y salir airosos, deberán recurrir a su ingenio, experiencia y a la fuerza bruta que los caracteriza.",2023-09-15,Accion,6.1
Le llaman Bodhi,"Johnny Utah, un joven agente del FBI, se infiltra en los ambientes del surf para desenmascarar a una banda de atracadores que, como sello de identidad, usan caretas de presidentes de los Estados Unidos durante sus golpes. Pero Johnny pronto se encapricha de la guapa Tyler y, además, conoce a Bodhi, el jefe de la banda, un hombre que vive al límite y que acaba ejerciendo una gran influencia sobre el joven policía.",1991-07-12,Accion,7.154
V de Vendetta,"En un futuro no muy lejano, Gran Bretaña es un país totalitario dirigido con mano de hierro por un tirano (John Hurt). Una tarde, tras el toque de queda nocturno, la joven Evey (Natalie Portman) es rescatada en plena calle por un misterioso enmascarado cuyo nombre es V (Hugo Weaving). El extraño personaje le explica cuáles son sus planes para combatir la falta de libertad. A partir de ese momento, las acciones de V tendrán como objetivo hacer estallar en todo el país una revolución contra el gobierno fascista.",2006-02-23,Accion,7.902
Armageddon,"Un asteroide del tamaño del estado de Texas apunta directamente hacia la Tierra. En la NASA, tan sólo encuentran una posible solución: enviar a un equipo de astronautas al espacio para que destruya el meteorito antes de que colisione con nuestro planeta. Para ello recurren a Harry S. Stamper, el mayor experto en perforaciones petrolíferas, y a su cualificado equipo de perforadores, para que aterricen en la superficie del asteroide, lo perforen e introduzcan un dispositivo nuclear que al estallar consiga desviar su trayectoria y poder salvar el planeta, evitando así el armagedón.",1998-07-01,Accion,6.834
Misión hostil,"Kinney, un controlador de apoyo aéreo con poca experiencia, se incorpora a un equipo Delta Force en una misión en Filipinas. Cuando el equipo queda atrapado sin armas, las oportunidades de sobrevivir dependen de la habilidad de Reaper, un piloto de drones de las Fuerzas Aéreas.",2024-02-09,Accion,7.251
Agente 007 contra el Dr. No,"James Bond llega a Jamaica con la misión de investigar los asesinatos de un agente especial británico y su secretaria. Pero, al mismo tiempo, descubre la existencia de una siniestra organización en la isla Crab Key. En esta ocasión su enemigo es el Doctor No, que, ayudado por su cómplice, el profesor Dent, se propone ejecutar un siniestro plan: desviar la trayectoria de los cohetes de Cabo Cañaveral.",1962-10-07,Accion,6.983
Batman,"Atormentado por haber visto morir a sus padres delante suyo, Bruce Wayne se enfunda cada noche en el traje de Batman, adopta la terrorífica forma de un murciélago y surca los tejados de Gotham City combatiendo el crimen y manteniendo a raya la corrupción de su ciudad. Pero esta vez Batman tendrá que enfrentarse a su más terrible enemigo, El Joker, que pretende someter a toda la ciudad bajo los deseos de su mente perturbada.",1989-06-21,Accion,7.233
Ajuste de cuentas: La ciudad de los lobos,"Jake Rosser está atormentado por el trastorno de estrés postraumático de sus días como oficial K-9 y se esfuerza por llevar una vida pacífica con su familia y su compañero K-9 retirado, Socks. Pero la tranquilidad se disuelve rápidamente cuando una despiadada banda los persigue en un brutal ataque. Decidido a proteger a sus seres queridos, Jake y su nuevo compañero K-9 «Argos» se adentran en los violentos entresijos de la delincuencia, donde Jake se enfrenta a funcionarios corruptos, descubre una peligrosa red de tráfico de drogas y lucha contra sus propios demonios internos.",2025-11-13,Accion,6.61
Batman y Robin,"Unos experimentos de criogenia han convertido al Dr. Victor Fries en el malvado Mr. Freeze, un villano que necesita mantener su cuerpo a temperaturas gélidas y que, por ello, intentará congelar a todos los habitantes de la ciudad de Gotham. Por otro lado, la tímida botánica Pamela Isley se transformará en el transcurso de un experimento en la terrible Hiedra Venenosa, que querrá asesinar a todos los seres humanos de la tierra, para que las plantas recuperen su hegemonía sobre el planeta. Por este motivo, Batman y Robin deberán enfrentarse a ellos y detener sus siniestros planes.",1997-06-20,Accion,4.394
Los siete magníficos,"Siete forajidos son contratados por los desesperados habitantes del pueblo de Rose Creek para que les defiendan de la amenaza de un despiadado extorsionador llamado Bartholomew Bogue. Mientras preparan el pueblo para la violenta confrontación que saben se avecina inevitablemente, estos siete mercenarios se encontrarán luchando por algo más que el simple dinero.",2016-09-14,Accion,6.492
Desert Warrior,"Un pícaro honorable y misterioso, conocido como Hanzala, se convierte en enemigo del emperador Kisra después de ayudar a un rey y una princesa fugitivos en el desierto.",2026-04-23,Accion,5.7
Plan en familia 2,"Dan ha dejado atrás su pasado como asesino y lo único que quiere esta Navidad es pasar tiempo de calidad con sus hijos. Pero, al ver que su hija tiene otros planes, organiza un viaje familiar a Londres... y los pone a todos en la mira de un enemigo inesperado.",2025-11-11,Accion,6.531
L.E.T.H.A.L. Ladies: Return to Savage Beach,"Un disco compacto robado contiene la ubicación de un tesoro escondido. Depende de las ""Lethal Ladies"" encontrar el tesoro antes que lo hagan los criminales. Duodécima y última película de la serie de films creada por Andy Sidaris llamada ""Lethal Ladies (AKA Bullets, Bombs and Babes)"".",1998-01-27,Accion,6.04
El hombre del norte,"El príncipe Amleth está a punto de convertirse en hombre pero, en ese momento, su tío asesina brutalmente a su padre y secuestra a la madre del niño. Dos décadas después, Amleth es un vikingo que tiene la misión de salvar a su madre.",2022-04-07,Accion,7.0
Venom: habrá matanza,Eddie Brock  y su simbionte Venom todavía están intentando descubrir cómo vivir juntos cuando un preso que está en el corredor de la muerte se infecta con un simbionte propio.,2021-09-30,Accion,6.745
El corredor del laberinto: Las pruebas,"En este nuevo capítulo de la trepidante saga ""El Corredor del Laberinto"", Thomas (Dylan O'Brien) y el resto de clarianos tendrán que enfrentarse a su mayor desafío hasta el momento: buscar pistas sobre la misteriosa y poderosa organización conocida como CRUEL. Este viaje les llevará a “La Quemadura”, un apocalíptico lugar repleto de inimaginables obstáculos. Formando equipo con miembros de la resistencia, los clarianos deberán desenmascarar a las fuerzas superiores de CRUEL y averiguar qué planes tienen para todos ellos.",2015-09-09,Accion,6.729
Ralph rompe Internet,"Ralph sale de los recreativos, y se adentra en el mundo inexplorado, expansivo y emocionante de Internet. Ralph y su compañera Vanellope tendrán que jugárselo todo viajando por las redes en busca de una pieza de repuesto que salve Sugar Rush, el videojuego de Vanellope. Y para complicar más las cosas, ambos dependen de los ciudadanos de Internet, los llamados ‘ciudanets’ para que les ayuden a desenvolverse en ese peligroso mundo. Entre ellos está un empresario de Internet llamado Yesss, que es el algoritmo estrella y el alma de “BuzzTube”, la página web de moda del momento.",2018-11-20,Accion,7.162
El agente invisible,"El agente de la CIA Court Gentry (Ryan Gosling), alias Sierra Seis, fue sacado de una cárcel federal reclutado por su supervisor, Donald Fitzroy (Billy Bob Thornton) Tras 18 años de servicio, Gentry es uno de los mejores activos autorizados por la Agencia, pero las tornas cambian y se convierte en el objetivo, perseguido por Lloyd Hansen (Chris Evans), un antiguo compañero de la CIA de métodos muy cuestionables. La agente Dani Miranda (Ana de Armas) acaba siendo una inesperada y necesaria aliada que le cubrirá las espaldas.",2022-07-13,Accion,6.908
Starship Troopers: Las brigadas del espacio,"Johnny, Carmen, Dizzy y Ace son cuatro jóvenes amigos que finalizan el instituto y hacen planes para el futuro. En él domina el espacio como el lugar más apetecible para aprender un oficio y trabajar. La Tierra se halla en guerra con una raza de insectos alienígenas gigantes, y los cuatro amigos estudiarán disciplinas para destruirlos. Pero cada uno irá a una unidad diferente, según sus capacidades. Johnny se ve separado de su novia, Carmen, ya que él tiene que ir a infantería. El día que Johnny decide marcharse del ejército, los insectos arrasan su ciudad natal. Es la guerra.",1997-11-07,Accion,7.107
Mulán,"El emperador de China emite un decreto para reclutar a un varón por cada familia que deberá servir en el ejército imperial para defender al país de los invasores del norte. Hua Mulán, se presenta para evitar que su anciano padre sea llamado a filas. Se hace pasar por un hombre. Mulan deberá apelar a su fuerza interior y sacar a la luz todo su potencial.",2020-09-04,Accion,6.828
Immortal Combat,"Los guerreros más grandes de la historia, incluidos Gengis Kan y Juana de Arco, son convocados por una organización clandestina para luchar a muerte. Pero, sin que sus captores lo sepan, los combatientes han estado conspirando para cambiar el rumbo de los acontecimientos y desmantelar la letal organización desde dentro.",2026-04-24,Accion,5.1
Welcome to the Jungle,,2026-06-25,Accion,0.0
Indiana Jones y el templo maldito,"1935. Shanghai. El intrépido arqueólogo Indiana Jones, tras meterse en jaleos en un local nocturno, consigue escapar junto a una bella cantante y su joven acompañante. Tras un accidentado vuelo, los tres acaban en la India, donde intentarán ayudar a los habitantes de un pequeño poblado, cuyos niños han sido raptados.",1984-05-23,Accion,7.308
Harakiri,"Un samurái pide permiso para practicarse el Seppuku (o Harakiri), ceremonia durante la cual se quitará la vida abriéndose el estómago al tiempo que otro samurái lo decapitará. Solicita también poder contar la historia que le ha llevado a tomar tan trágica decisión.",1962-09-15,Accion,8.4
La ciudad perdida,Una solitaria novelista romántica de gira con el modelo de la portada de su último libro se ve envuelta en un intento de secuestro que llevará a ambos a una feroz aventura en la jungla.,2022-03-23,Accion,6.456
Pokémon Detective Pikachu,"Ryme City, una metrópoli futurista en la que los humanos y los Pokémon conviven en armonía. Tras la misteriosa desaparición de su padre, toda una leyenda en la ciudad, el joven Tim Goodman (Justice Smith) comienza una investigación para buscarle y averiguar lo que le ha sucedido. En esta misión le ayudará el adorable súper-detective Pikachu, un inteligente Pokémon que habla, aunque curiosamente el chico es el único que puede entenderle. Ambos unirán sus fuerzas y trabajarán juntos para resolver este gran misterio, con la ayuda de Lucy (Kathryn Newton), una reportera que trabaja en su primera gran historia. Será una aventura en la que descubrirán a entrañables personajes del universo Pokémon, además de una trama espeluznante que podría amenazar la convivencia pacífica de todo este universo.",2019-05-03,Accion,6.905
El retorno del Jedi,"Luke Skywalker y la princesa Leia deben viajar a Tatooine para liberar a Han Solo. Para conseguirlo, deben infiltrarse en la peligrosa guarida de Jabba the Hutt, el gángster más temido de la galaxia. Una vez reunidos, el equipo recluta a tribus de Ewoks para combatir a las fuerzas imperiales en los bosques de la luna de Endor. Mientras tanto, el Emperador y Darth Vader conspiran para convertir a Luke al lado oscuro, pero el joven Skywalker, por su parte, está decidido a reavivar el espíritu del Jedi en su padre. La guerra civil galáctica culmina en un último enfrentamiento entre las fuerzas rebeldes unificadas y una segunda Estrella de la Muerte, indefensa e incompleta, en una batalla que decidirá el destino de la galaxia.",1983-05-25,Accion,7.909
Alerta roja,"Cuando la Interpol envía una ""Alerta roja"", significa que los departamentos de Policía de todo el mundo deben estar alerta para capturar a los criminales más buscados. Todas las alarmas saltan cuando un temerario robo une al mejor agente del FBI (Johnson) con dos criminales rivales entre sí (Gadot & Reynolds). Una coincidencia que hará que suceda lo impredecible.",2021-11-04,Accion,6.731
Along with the Gods: Los dos mundos,"Tras morir de forma inesperada, el bombero Ja-hong es llevado al más allá por tres guardianes. Sólo si pasa una serie de juicios durante y demuestra que es inocente en su vida, es apto para reencarnarse. Sus tres guardianes le apoyarán y le defenderán.",2017-12-20,Accion,8.039
El corredor del laberinto: Las pruebas,"En este nuevo capítulo de la trepidante saga ""El Corredor del Laberinto"", Thomas (Dylan O'Brien) y el resto de clarianos tendrán que enfrentarse a su mayor desafío hasta el momento: buscar pistas sobre la misteriosa y poderosa organización conocida como CRUEL. Este viaje les llevará a “La Quemadura”, un apocalíptico lugar repleto de inimaginables obstáculos. Formando equipo con miembros de la resistencia, los clarianos deberán desenmascarar a las fuerzas superiores de CRUEL y averiguar qué planes tienen para todos ellos.",2015-09-09,Accion,6.729
Furia,"Cha Woo Sol fue intimidado por Bae Seok Chan durante sus días de escuela secundaria. Finalmente sintió una sensación de alivio cuando se inscribió en una escuela secundaria diferente a la de Bae Seok Chan, pero Bae Seok Chan se transfirió a la misma escuela secundaria a la que asiste Cha Woo Sol. Cha Woo Sol ya no puede soportar el acoso y ataca a Bae Seok Chan con un cuchillo. Posteriormente, Cha Woo Sol es condenado a 3 años de prisión para menores por el ataque. Mientras tanto, Bae Seok Chan tiene que dejar el boxeo debido a sus heridas por el ataque con cuchillo. Quiere vengarse y espera la liberación de Cha Woo Sol de la prisión de menores. En la prisión de menores, Cha Woo Sol conoce a Jung Do Hyun, quien es un ex campeón de MMA. Está en prisión por matar a tres personas que mataron a su familia. Para sobrevivir en prisión y para cuando se encuentre con Bae Seok Chan nuevamente, Cha Woo Sol le pide a Jung Do Hyun que le enseñe a pelear.",2021-11-26,Accion,7.73
Los ángeles de Charlie,"Una peculiar agencia de detectives dirigida por el multimillonario Charlie tiene en sus filas a Natalie (Cameron Diaz), Dylan (Drew Barrymore) y Alex (Lucy Liu), tres expertas en artes marciales, en disfraces y en la más avanzada tecnología. Juntas tendrán que ocuparse de un caso muy importante: el secuestro del genio de la informática Eric Knox (Sam Rockwell) por su rival Roger Corwin (Tim Curry). Si no consiguen liberarlo, quedaría destruida la intimidad de todo el mundo, incluido Charlie, su misterioso jefe.",2000-11-02,Accion,5.853
Amor a quemarropa,"El joven y solitario Clarence está celebrando su cumpleaños como siempre lo hace, viendo películas de Kun-fú en un destartalado cine de Detroit, cunado una rubia explosiva, Alabama, hace su entrada en la sala derramando palomitas sobre él. De este incidente surgirá una loca aventura de amor que llevará a los dos jóvenes a vivir una verdadera noche de pasión. Alabama es en realidad una prostituta alquilada por el mejor amigo de Clarence como regalo de cumpleaños. Los dos jóvenes se enamoran y contraen matrimonio. Clarence intenta alejar a su mujer de la prostitución y se enfrenta con su chulo al ir a recoger las pertenencias de Alabama, pero al abrir la maleta se encuentran con una considerable cantidad de cocaína que utilizarán como esperanza para realizar todos lo sueños que han deseador.",1993-09-09,Accion,7.5
El origen del planeta de los simios,"Will Rodman es un joven científico que está investigando con monos para obtener un tratamiento contra el alzheimer, una enfermedad que afecta a su padre. Uno de esos primates, al que llaman César, experimenta una evolución en su inteligencia tan notable que el protagonista decide llevárselo a su casa para protegerlo. Le ayudará una bella primatóloga llamada Caroline.",2011-08-03,Accion,7.344
Kaiju No. 8: Misión de reconocimiento,"En un Japón repleto de Kaiju, Kafka Hibino trabaja como limpiador de monstruos. Tras reencontrarse con su amiga de la infancia, Mina Ashiro, una joven promesa de las Fuerzas de Defensa que luchan contra los Kaiju, decide intentar cumplir su antiguo sueño de unirse a las Fuerzas... cuando de repente se transforma en el poderoso Kaiju nº 8. Con la ayuda de un colega más joven, Reno Ichikawa, Kafka oculta su identidad mientras lucha por cumplir el sueño de su vida: aprobar el examen de las Fuerzas de Defensa y así poder estar al lado de Mina. Pero cuando un misterioso Kaiju inteligente ataca una base de las Fuerzas de Defensa, Kafka se enfrenta a una decisión crucial en una situación desesperada... Película recopilatoria que ofrece un resumen repleto de acción de la primera temporada y un nuevo episodio original, ""El día libre de Hoshina"".",2025-03-28,Accion,8.053
Estragos,"Cuando un robo de drogas tiene consecuencias fatales, un policía lucha contra el submundo criminal de una ciudad corrupta para salvar al hijo de un político.",2025-04-25,Accion,6.379
GoldenEye,"En sus vacaciones, el agente Bond se encuentra con la bella y letal Xenia Onatopp, que intenta hacerse con los planos de un nuevo helicóptero invulnerable a las interferencias. Mientras tanto la programadora del ejército ruso Natalya Siminova es la única superviviente de su equipo a un macabro plan del general Ourumov para hacerse con Goldeneye, un arma espacial ultrasecreta que emite pulsos nucleares que inutilizan cualquier equipo electrónico. Bond formará equipo con Natalya para descubrir a los malhechores tras el robo.",1995-11-16,Accion,6.902
RED,"Frank, Joe, Marvin y Victoria son agentes especiales ya retirados, a los que la nueva administración de Washington desea ver muertos. El motivo: eran los mejores agentes de la CIA, pero saben demasiado. Adaptación del cómic de Warren Ellis.",2010-10-13,Accion,6.706
Amenaza en el aire,"En este claustrofóbico thriller, un piloto (Mark Wahlberg) transporta en su avioneta a una agente del servicio de MARSHALS de Estados Unidos (Michelle Dockery) que custodia a un testigo (Topher Grace) que va a testificar en un juicio contra la mafia. A medida que atraviesan las montañas de Alaska, las tensiones se disparan, ya que no todo el mundo a bordo es quien parece ser. Y a 3.000 metros de altura no hay escapatoria posible.",2025-01-22,Accion,5.93
Batman: La LEGO película,"Spin-off de ""La LEGO Película"", protagonizado por Batman. En esta ocasión, el irreverente Batman, que también tiene algo de artista frustrado, intentará salvar la ciudad de Gotham de un peligroso villano, el Joker. Pero no podrá hacerlo solo, y tendrá que aprender a trabajar con sus demás aliados.",2017-02-08,Accion,7.249
Watchmen,"Estados Unidos, años 80. La Guerra Fría está en su apogeo, y los superhéroes, que antes habían sido admirados, ahora son perseguidos por la ley. Un día aparece muerto uno de ellos, ""El Comediante"", que trabajaba para la CIA. Su amigo Rorschach, el único héroe enmascarado en activo, emprenderá la investigación de su muerte, tras la que se oculta algo muy importante. Esperadísima adaptación del cómic de Alan Moore y Dave Gibbons (1986).",2009-03-04,Accion,7.356
The Mechanic,"Arthur Bishop es un asesino profesional de élite, con un estricto código y un talento único para eliminar limpiamente a sus víctimas.",2011-01-13,Accion,6.5
Los ángeles de Charlie,"Una peculiar agencia de detectives dirigida por el multimillonario Charlie tiene en sus filas a Natalie (Cameron Diaz), Dylan (Drew Barrymore) y Alex (Lucy Liu), tres expertas en artes marciales, en disfraces y en la más avanzada tecnología. Juntas tendrán que ocuparse de un caso muy importante: el secuestro del genio de la informática Eric Knox (Sam Rockwell) por su rival Roger Corwin (Tim Curry). Si no consiguen liberarlo, quedaría destruida la intimidad de todo el mundo, incluido Charlie, su misterioso jefe.",2000-11-02,Accion,5.853
Fuerza Bruta: Sin salida,"El detective Ma Seok-do cambia su afiliación de la comisaría de Geumcheon al Equipo de Investigación Metropolitana, para erradicar a los gánsteres japoneses que ingresan a Corea para cometer crímenes atroces.",2023-05-31,Accion,7.2
Superman,"Desde una galaxia remota, un recién nacido es enviado por sus padres al espacio debido a la inminente destrucción del planeta donde viven. La nave aterriza en la Tierra, y el niño es adoptado por unos granjeros que le inculcan los mejores valores humanos. Con los años el joven se irá a Metrópolis y allí usará sus poderes sobrenaturales para luchar contra el mal.",1978-12-14,Accion,7.166
Rompenieves,"Un experimento para solucionar el calentamiento global acabó con la mayoría de vida existente en el planeta. El último tren llamado Snowpiercer (Rompenieves) se mueve en círculos por el mundo, a través de un desierto de hielo y nieve. Los últimos supervivientes de la Tierra se amontonan en sus vagones. El joven Curtis (Chris Evans) iniciará una revolución desde los vagones de cola.",2013-08-01,Accion,6.908
Escuadrón suicida,"Mientras el gobierno de EE.UU no tiene claro cómo responder a una visita alienígena a la Tierra con intenciones malignas, Amanda 'El Muro' Waller, la líder de la agencia secreta A.R.G.U.S., ofrece una curiosa solución: reclutar a los villanos más crueles, con habilidades letales e incluso mágicas, para que trabajen para ellos. Sin demasiadas opciones a dar una negativa, los ocho supervillanos más peligrosos del mundo acceden a colaborar con el Ejecutivo en peligrosas misiones secretas, casi suicidas, para así lograr limpiar su expediente.",2016-08-03,Accion,5.917
Infiltrados en clase,"Dos jóvenes agentes de la ley se hacen pasar por alumnos de instituto para desarticular una red de narcotráfico. Schmidt y Jenko fueron enemigos en el colegio pero, cuando años más tarde se reencuentran en la academia de policía, terminan haciéndose amigos. Puede que no sean los mejores agentes, pero les llega su gran oportunidad de demostrar lo que valen cuando se unen a la unidad de la policía secreta Jump Street, comandada por el capitán Dickson. Entonces cambian sus armas e insignias por las mochilas y utilizan su apariencia juvenil para infiltrarse en un instituto. El problema es que los jóvenes de hoy no se parecen en nada a los de años atrás, y Schmidt y Jenko descubren que todo lo que creían saber sobre la adolescencia, el sexo, las drogas y el rock and roll era completamente erróneo.",2012-03-14,Accion,6.887
Greyhound: Enemigos bajo el mar,El capitán Krause lidera un convoy de 37 buques en una misión crucial a través de las peligrosas aguas del Atlántico atestadas de submarinos alemanes.,2020-07-09,Accion,7.418
Hero,"Hace dos mil años, China estaba dividida en siete reinos. Cada uno de ellos combatía contra los otros para obtener la supremacía, mientras que la población soportaba el sufrimiento y la muerte. De estos siete reinos, Qin era el más violento. El rey de Qin estaba obsesionado con la conquista de China y el deseo de convertirse en su primer Emperador. Los demás reinos enviaron a sus más temibles asesinos para eliminarlo. Solo el nombre de tres de estos asesinos era suficiente para sembrar el terror: Espada Rota, Nieve y Cielo. El rey de Qin prometió poder y fortuna para aquel que lograra matar a estos tres asesinos. Durante diez años, nadie lo consiguió. Cuando el misterioso Sin Nombre se presenta en palacio, portando las armas de los asesinos abatidos, el rey se muestra ansioso por escuchar su historia. Sentado a diez pasos del monarca, Sin Nombre comienza su relato.",2002-12-19,Accion,7.511
Estragos,"Cuando un robo de drogas tiene consecuencias fatales, un policía lucha contra el submundo criminal de una ciudad corrupta para salvar al hijo de un político.",2025-04-25,Accion,6.379
Baywatch: Los vigilantes de la playa,"Mitch Buchannon, un estricto y esforzado socorrista de la antigua escuela, deberá trabajar codo con codo con el rebelde Matt Brody, un joven ex nadador olímpico caído en desgracia al que le gusta saltarse las normas. A pesar de tener personalidades opuestas, los dos socorristas deberán unir fuerzas y formar equipo. Juntos descubrirán una trama criminal, en torno a drogas y asesinos, que amenaza el futuro de la Bahía. Su objetivo será proteger la playa de su destrucción a manos de un magnate del petróleo.",2017-05-25,Accion,6.082
Novocaine,"Cuando la chica de sus sueños es secuestrada, Nate, un chico corriente, convierte su incapacidad para sentir dolor en una fuerza inesperada en su lucha por recuperarla.",2025-03-03,Accion,6.8
Hora punta 3,"El corazón de París esconde un secreto mortal. Al otro lado del mundo, en Los Ángeles, el embajador Han está a punto de divulgar ese secreto. Tiene en su poder información sobre los mecanismos internos de las Tríadas, el sindicato del crimen más poderoso y más conocido del mundo. El embajador ha descubierto la identidad de Shy Shen, elemento clave del vasto anillo del crimen, y está a punto de revelarlo al Tribunal Penal Mundial, hasta que la bala de un asesino lo silencia para siempre. Las Tríadas harán cualquier cosa para asegurarse de que sus secretos permanezcan enterrados, y solamente existe una esperanza para poder detenerlos… El detective Carter, del departamento de policía de Los Ángeles, y el inspector chino Lee viajan a París para detener una conspiración criminal a nivel global y para salvar la vida de un viejo amigo: la hija del embajador Han, Soo Yung.",2007-08-08,Accion,6.497
Misión imposible,"Ethan Hunt es un superespía capaz de resolver cualquier arriesgada situación con la máxima elegancia. Forma parte de un competente equipo dirigido por el agente Jim Phelps, que ha vuelto a reunir a sus hombres para participar en una dificilísima misión: evitar la venta de un disco robado que contiene información secreta de vital importancia.",1996-05-22,Accion,7.025
Ghost Rider: Espíritu de venganza,"Nueva adaptación del cómic ""El motorista fantasma"". Con el fin de controlar sus deseos de venganza, Johnny Blaze (Nicolas Cage), que ve sus poderes como una maldición, vive apartado del mundo y sin relacionarse con nadie, pero acaba siendo localizado por el monje Moreau, que necesita su ayuda para buscar a Nadya y a su hijo Danny antes de que los encuentre Roarke, un viejo conocido de Blaze.",2011-12-10,Accion,5.024
El pacto,"Sigue al sargento John Kinley, uno de los únicos sobrevivientes en su último periodo de servicio en Afganistán, y como decide regresar a zona de guerra para recuperar a su amigo Ahmed y su familia.",2023-04-19,Accion,7.72
The Gentlemen: Los señores de la mafia,Un capo de la droga con un marcado estilo británico intenta vender su imperio a una dinastía de multimillonarios procedentes de Oklahoma.,2020-01-01,Accion,7.7
कॉकटेल २,,2026-06-19,Comedia,5.0
La Boda Maldita,Un hombre hereda un palacio y decide celebrar allí la boda de su hermana... pero el pasado oscuro del lugar amenaza con arruinar la fiesta.,2026-04-16,Comedia,5.4
Toy Story 5,"Buzz, Woody, Jessie y el resto de la pandilla tienen un trabajo exponencialmente más difícil cuando se enfrentan a esta nueva amenaza para la hora de jugar: la tecnología.",2026-06-17,Comedia,7.5
Super Mario Galaxy la película,"Secuela de 'Super Mario Bros: La película', basada en la saga 'Mario Galaxy'. Los hermanos Mario y Luigi y la princesa Peach emprenden una aventura hasta los confines del espacio y a través de la galaxia.",2026-04-01,Comedia,8.218
है जवानी तो इश्क होना है,,2026-06-04,Comedia,5.5
Mensajes de voz para Isabelle,"Una joven deja mensajes de voz bastante explícitos a su difunta hermana, sin saber que los recibe un desconocido que comienza a enamorarse de ella.",2026-06-20,Comedia,7.672
Toy Story,"Los juguetes de Andy, un niño de seis años, temen que haya llegado su hora y que un nuevo regalo de cumpleaños les sustituya en el corazón de su dueño. Woody, un vaquero que ha sido hasta ahora el juguete favorito de Andy, trata de tranquilizarlos hasta que aparece Buzz Lightyear, un héroe espacial dotado de todo tipo de avances tecnológicos. Woody es relegado a un segundo plano, pero su constante rivalidad se transformará en una gran amistad cuando ambos se pierden en la ciudad sin saber cómo volver a casa.",1995-11-22,Comedia,8.0
Maridos en acción,Un detective se une al nuevo marido de su exmujer para buscar a los que la han secuestrado. ¿Podrán dejar a un lado sus diferencias y llevar a cabo este rescate trepidante?,2026-06-18,Comedia,6.737
Hoppers,"Una amante de los animales aprovecha la oportunidad de utilizar una tecnología que coloca su conciencia en un castor robótico, descubriendo misterios dentro del mundo animal que van más allá de lo que podría haber imaginado.",2026-03-04,Comedia,8.2
Toy Story 4,"Woody siempre ha tenido claro cuál es su labor en el mundo y cuál es su prioridad: cuidar a su dueño, ya sea Andy o Bonnie. Sin embargo, Woody descubrirá lo grande que puede ser el mundo para un juguete cuando Forky se convierta en su nuevo compañero de habitación. Los juguetes se embarcarán en una aventura de la que no se olvidarán jamás.",2019-06-19,Comedia,7.5
Turbulencia en la oficina,Jennifer Lopez y Brett Goldstein protagonizan esta comedia romántica sobre un idilio secreto entre dos adictos al trabajo y sus problemas cuando deciden escuchar al corazón.,2026-06-04,Comedia,6.538
Las cálidas noches de Poppea,"La procaz y celebérrima Poppea (Olga Schoberová, alias Olinka Berova) se dedica a seducir a los patricios romanos para tenerlos en su poder. Por desgracia, se enamora de los dos personajes que ya no se soportan y de carácter difícil, Nerón y el joven tribuno Claudio Valerio (Brad Harris), quienes se la disputarán implacablemente... (FILMAFFINITY)",1969-01-01,Comedia,4.7
Zootrópolis 2,"Después de resolver el caso más importante en la historia de Zootrópolis, los policías novatos Judy Hopps y Nick Wilde descubren que su asociación no es tan sólida como pensaban cuando el Jefe Bogo les ordena unirse al programa de consejería ""Compañeros en Crisis"". Pero no pasa mucho tiempo para que su asociación se ponga a prueba al máximo, cuando la llegada de Gary, la serpiente, pone la ciudad patas arriba.",2025-11-26,Comedia,7.7
GOAT: Como cabras,"Will es una pequeña cabra con grandes sueños que recibe una oportunidad única en la vida para unirse a los profesionales y jugar al rugebol, un deporte de alta intensidad, mixto y de contacto total dominado por los animales más rápidos y feroces del mundo. A los nuevos compañeros de equipo de Will no les entusiasma tener a una cabrita en su plantilla, pero Will está decidido a revolucionar el deporte y demostrar de una vez por todas que «¡los pequeños saben jugar!».",2026-02-11,Comedia,8.1
Por encima de tu cadáver,"Una pareja con problemas se dirige a una cabaña remota supuestamente para reconectar, pero cada uno tiene planes secretos para matar al otro. Remake del film noruego de 2021 'El viaje', de Tommy Wirkola.",2026-03-14,Comedia,6.553
Scary Movie,"Tras el asesinato de una bella estudiante, un grupo de adolescentes descubren que hay un asesino entre ellas. La heroína, Cindy, y su grupo de desconcertantes amigos, serán aterrorizados por un singular psicópata enmascarado que pretende vengarse de ellos por haberlo atropellado el pasado Halloween.",2000-07-07,Comedia,6.414
Scary Movie,"Veintiséis años después de conseguir escapar de un asesino enmascarado sospechosamente familiar, el Core Four están de vuelta en el punto de mira del asesino y ninguna película de terror está a salvo.",2026-06-03,Comedia,5.521
Das Mädchen mit der heißen Masche,,1972-03-09,Comedia,4.222
El diablo viste de Prada,"En el vertiginoso mundo de la moda en Nueva York, la revista 'Runway' es el Santo Grial. Dirigida con puño de hierro y elegante manicura por Miranda Priestly, trabajar en ella es un temible reto para todo aquel que quiera triunfar en ese mundo. Hacerlo como ayudante de Miranda podría abrirle cualquier puerta a Andy Sachs, recientemente graduada. Pero ella es una chica que destaca por su desaliño dentro del pequeño ejército de guapísimas redactoras de la revista. Andy comprende muy pronto que para triunfar en ese negocio va a necesitar algo más que iniciativa y determinación. Y la prueba definitiva está delante de ella, vestida de Prada de pies a cabeza.  Es una mierda de película!!",2006-06-29,Comedia,7.4
Blancanieves y los 7 sádicos,"La Blancanieves de Disney convertida en una apetitosa mujer, la madrastra Crimilda es un travesti peligrosa y los 7 enanitos son 7 sádicos, jóvenes y guapos que hacen el amor como locos a Blancanieves. La madrastra es convertida en hombre para destruir a Blancanieves, que es salvada por un principe azul, que además de inútil es tartamudo. Comedia erótica italiana de gran efecto.",1982-04-03,Comedia,4.7
"¡Ay, mamá!","Ante un problema inesperado, una madre y sus hijas, a las que no ve mucho, intentan encubrir un crimen en un vecindario lleno de cotillas donde no hay quien guarde un secreto.",2026-06-04,Comedia,6.7
Toy Story 2,"Cuando Andy se va de campamento dejando solos a los juguetes, Al McWhiggin, un compulsivo coleccionista de juguetes valiosos, secuestra a Woody. Buzz Lightyear y el resto de los juguetes de Andy deberán actuar con rapidez para rescatarlo, poniéndose al frente de una operación de rescate durante la cual se enfrentarán a múltiples peligros y divertidas situaciones.",1999-10-30,Comedia,7.611
Toy Story 3,"Sabiendo que su dueño Andy, que ya no es un niño, se prepara para ir a la universidad, el vaquero Woody, el astronauta Buzz y el resto de sus amigos juguetes comienzan a preocuparse ante su incierto futuro. Efectivamente todos acaban en una guardería, donde por ejemplo la muñeca Barbie conocerá al guapo Ken. Esta reunión de nuestros amigos con otros nuevos juguetes no será sino el inicio de un montón de trepidantes y divertidas aventuras.",2010-06-16,Comedia,7.809
SEND HELP (Enviad ayuda),"Después de que un accidente de avión deje varados en una isla remota a una competente empleada y a su insoportable jefe, ella deberá utilizar sus habilidades de supervivencia para mantenerlos a ambos con vida, a pesar de su difícil relación.",2026-01-22,Comedia,7.051
അതിരടി,,2026-05-14,Comedia,7.2
Te van a matar,"Una mujer acepta un trabajo como ama de llaves en un rascacielos de Nueva York, sin conocer el historial de desapariciones del edificio. Pronto se da cuenta de que la comunidad está rodeada de misterio.",2026-03-25,Comedia,7.014
Scary Movie 5,"Los felizmente casados Dan y Jody empiezan a observar algunos fenómenos extraños en su casa tras volver del hospital con su bebé, Aiden. Pero cuando el caos se apodera del trabajo de Jody como bailarina de ballet y de la carrera de Dan como investigador de monos, la pareja descubre que está siendo acosada por una presencia demoníaca. Juntos, con la ayuda de expertos cualificados y de numerosas cámaras, intentarán deshacerse del maléfico ser antes de que sea demasiado tarde.",2013-04-11,Comedia,4.795
El drama,"Una pareja, en los días previos a su boda, se enfrenta a una crisis cuando unas inesperadas revelaciones desbaratan lo que uno de ellos creía saber sobre el otro.",2026-04-01,Comedia,6.967
Anaconda,"Doug y Griff son muy buenos amigos desde que eran niños y siempre han soñado con hacer un remake de su película favorita de todos los tiempos: el «clásico cinematográfico» Anaconda. Cuando una crisis de mediana edad les anima a lanzarse por fin a la aventura, se adentran en la selva amazónica para empezar a rodar. Pero las cosas se ponen serias cuando aparece una anaconda gigante de verdad, convirtiendo su caótico y cómico plató de rodaje en una situación mortal.",2025-12-24,Comedia,5.9
Never Change!,"En 2008, la promoción del instituto North Meadows vio truncado su último curso a causa de un desastroso tornado. Ahora, a sus treinta y tantos años, se ven obligados a volver a casa y terminar el instituto de una vez por todas.",2026-06-09,Comedia,5.929
சட்டென்று மாறுது வானிலை,,2026-05-15,Comedia,0.0
Shrek,"Hace mucho, mucho tiempo, en una lejanísima ciénaga vivía un intratable ogro llamado Shrek. Pero de repente, un día, su absoluta soledad se ve interrumpida por una invasión de sorprendentes personajes de cuento. Hay ratoncitos ciegos en su comida, un enorme y malísimo lobo en su cama, tres cerditos sin hogar y otros muchos seres increíbles que han sido deportados de su reino por el malvado Lord Farquaad. Para conseguir salvar su terreno, y de paso a sí mismo, Shrek hace un pacto con Farquaad y emprende viaje para conseguir que la preciosa princesa Fiona sea la novia del Lord. En tan importante misión le acompañan un burro chistoso, dispuesto a hacer cualquier cosa por Shrek. Todo, menos estarse calladito. Rescatar a la princesa de una dragona enamoradiza que suelta fuego al respirar va a resultar una tontería comparado con lo que ocurre cuando el oscuro secreto que la joven guardaba es revelado.",2001-05-18,Comedia,7.766
El gato con sombrero,Un astuto gato lleva el caos con sus travesuras a la vida de un par de hermanos que lidian con su mudanza a una nueva ciudad.,2026-11-05,Comedia,0.0
Las guerreras k-pop,"Cuando no están llenando estadios, las superestrellas del K-pop Rumi, Mira y Zoey usan sus poderes secretos para proteger a sus fans de una amenaza sobrenatural.",2025-06-20,Comedia,8.021
El diablo viste de Prada 2,"Sigue la lucha de Miranda Priestly contra Emily Charlton, su ex asistente convertida en ejecutiva rival, mientras compiten por los ingresos por publicidad en medio de la decadencia de los medios impresos y Miranda se acerca a la jubilación.",2026-04-29,Comedia,6.562
Pulp Fiction,"Jules y Vincent, dos asesinos a sueldo con muy pocas luces, trabajan para Marsellus Wallace. Vincent le confiesa a Jules que Marsellus le ha pedido que cuide de Mia, su mujer. Jules le recomienda prudencia porque es muy peligroso sobrepasarse con la novia del jefe. Cuando llega la hora de trabajar, ambos deben ponerse manos a la obra. Su misión: recuperar un misterioso maletín.",1994-09-10,Comedia,8.483
Noche de bodas 2,"Momentos después de sobrevivir a un ataque de la familia Le Domas, Grace descubre que ha alcanzado el siguiente nivel del juego, y esta vez acompañada por su hermana Faith, con quien mantiene una relación distante. Grace tiene una oportunidad para sobrevivir, mantener con vida a su hermana y reclamar el Alto Trono del Consejo que controla el mundo. Cuatro familias rivales la persiguen para hacerse con el trono, y quien gane lo gobernará todo.",2026-03-19,Comedia,7.694
Parásitos,"Tanto Gi Taek (Song Kang-ho) como su familia están sin trabajo. Cuando su hijo mayor, Gi Woo (Choi Woo-sik), empieza a dar clases particulares en casa de Park (Lee Seon-gyun), las dos familias, que tienen mucho en común pese a pertenecer a dos mundos totalmente distintos, comienzan una interrelación de resultados imprevisibles.",2019-05-30,Comedia,8.494
Deadpool y Lobezno,"Un apático Wade Wilson se afana en la vida civil tras dejar atrás sus días como Deadpool, un mercenario moralmente flexible. Pero cuando su mundo natal se enfrenta a una amenaza existencial, Wade debe volver a vestirse a regañadientes con un Lobezno aún más reacio a ayudar.",2024-07-24,Comedia,7.6
Scary Movie 2,"En esta ocasión los hermanos Wayans empiezan la historia con una satírica parodia de El Exorcista, mostrando a James Woods en el papel de un cura poco convencional, el padre McFelly, ocupado en salvar a una Natasha Lyonne de un espíritu de otro mundo. Entonces, retomando la historia donde la dejaron, los hermanos Wayans se vuelven a reunir de forma cómica con la heroína Cindy Campbell, convertida ahora en una buena estudiante universitaria. Un profesor loco la recluta a ella y a su grupo de compañeros deseosos de vivir aventuras y nuevas experiencias, para una salida de fin de semana bajo el pretexto de realizar un experimento científico. Mientras se desarollan las actividades del fin de semana, las continuas sorpresas mantienen la diversión siempre en marcha.",2001-07-04,Comedia,5.836
Los hermanos demolición,"Un improbable dúo de hermanastros, uno un impulsivo detective y el otro un disciplinado, se ven atraídos por el asesinato de su padre en Hawai, lo que les lleva a un peligroso viaje para desenmascarar una conspiración de largo alcance.",2026-01-28,Comedia,7.026
Dime lo que quieres (de verdad),"Diego y Emilia son una pareja conservadora con 16 años de matrimonio que ha perdido la chispa, hasta que Tomás y Betina los rescatan y los introducen en el mundo prohibido, cambiando lo que saben sobre la intimidad, las relaciones y el sexo.",2023-07-27,Comedia,7.773
给阿嬷的情书,,2026-04-30,Comedia,9.2
El pez pucheros,"Cuando se produce una catástrofe, el huraño y susceptible Pez Pucheros y su hiperactivo compañero, el dragón marino Pip, deben embarcarse en una aventura en busca de un pez mítico que les conceda el deseo de salvar sus hogares.",2026-01-01,Comedia,5.8
7 كلاب,,2026-05-27,Comedia,6.4
Chechu y familia,"Chechu, un adolescente de 13 años, se queda solo en casa durante unas vacaciones de verano, con la única compañía de unos peculiares familiares y una atractiva doncella a la que pretenderá conquistar.",1992-06-25,Comedia,5.35
"Monstruos, S.A.","Monsters Inc. es la mayor empresa de miedo del mundo, y James P. Sullivan es uno de sus mejores empleados. Asustar a los niños no es un trabajo fácil, ya que todos creen que los niños son tóxicos y no pueden tener contacto con ellos. Pero un día una niña se cuela sin querer en la empresa, provocando el caos.",2001-11-01,Comedia,7.852
Balls Up: Con un par,"Los ejecutivos de marketing Brad y Elijah lanzan un audaz patrocinio de preservativos de cobertura total directamente a la Copa del Mundo. Después de que su ebria celebración en Brasil desencadene un escándalo mundial, deberán huir de hinchas furiosos, delincuentes y funcionarios sedientos de poder para salvar sus carreras y volver a casa con vida.",2026-04-15,Comedia,5.897
Gru 4. Mi villano favorito,"Gru, Lucy y las niñas -Margo, Edith y Agnes- dan la bienvenida a un nuevo miembro en la familia: Gru Junior, que parece llegar con el propósito de ser un suplicio para su padre. Gru tendrá que enfrentarse en esta ocasión a su nueva némesis Maxime Le Mal y su sofisticada y malévola novia Valentina, lo que obligará a la familia a tener que darse a la fuga. Cuarta entrega de 'Gru, mi villano favorito'.",2024-06-20,Comedia,7.0
"Pussycat, Pussycat, I Love You","Un dramaturgo norteamericano que vive en Roma, consulta a un psiquiatra charlatán para combatir sus miedos sobre la calvicie y salvar su matrimonio a punto de fracasar. En verdad, el hombre está viendose asediado por las mujeres. Basada en ""What's New, Pussycat?"" de Woody Allen.",1970-03-25,Comedia,4.5
Minions & Monsters,"La historia de cómo los Minions conquistaron Hollywood, se convirtieron en estrellas de cine, lo perdieron todo, desataron monstruos en el mundo y luego se unieron para intentar salvar al planeta del caos que acababan de crear.",2026-06-24,Comedia,7.2
கெணத்த காணணோம்,,2026-03-13,Comedia,0.0
Milky☆Subway: The Galactic Limited Express - La película,"Seis delincuentes juveniles deben limpiar un tren como parte de un programa de servicios comunitarios, hasta que este emprende la marcha inesperadamente con ellos dentro.",2026-02-06,Comedia,9.3
Del revés 2 (Inside Out 2),"Riley entra en la adolescencia y el Cuartel General de su cabeza sufre una repentina reforma para hacerle hueco a algo totalmente inesperado propio de la pubertad: ¡nuevas emociones! Alegría, Tristeza, Ira, Miedo y Asco, con años de impecable gestión a sus espaldas (según ellos...) no saben muy bien qué sentir cuando aparece con enorme ímpetu Ansiedad. Y no viene sola: le acompañan envidia, vergüenza y aburrimiento.",2024-06-11,Comedia,7.545
Vaiana 2,"Tras recibir una inesperada llamada de sus antepasados, Vaiana debe viajar a los lejanos mares de Oceanía y adentrarse en peligrosas aguas perdidas para vivir una aventura sin precedentes.",2024-11-21,Comedia,7.008
Oye Bhole Oye 2,,2026-06-12,Comedia,0.0
Las ovejas detectives,"Cada noche, un pastor lee en voz alta un asesinato misterioso, fingiendo que sus ovejas pueden entenderlo. Cuando lo encuentran muerto, las ovejas se dan cuenta enseguida de que ha sido un asesinato y creen saber cómo resolverlo.",2026-04-30,Comedia,7.6
पति पत्नी और वो दो,,2026-05-15,Comedia,5.333
Super Mario Bros: La película,"Mientras trabajan en una avería subterránea, los fontaneros de Brooklyn, Mario y su hermano Luigi, viajan por una misteriosa tubería hasta un nuevo mundo mágico. Pero, cuando los hermanos se separan, Mario deberá emprender una épica misión para encontrar a Luigi. Con la ayuda del champiñón local Toad y unas cuantas nociones de combate de la guerrera líder del Reino Champiñón, la princesa Peach, Mario descubre todo el poder que alberga en su interior.",2023-04-05,Comedia,7.605
Una película de Minecraft,"Cuatro inadaptados se encuentran luchando con problemas ordinarios cuando de repente se ven arrastrados a través de un misterioso portal al Mundo Exterior: un extraño país de las maravillas cúbico que se nutre de la imaginación. Para volver a casa, tendrán que dominar este mundo mientras se embarcan en una búsqueda mágica con un inesperado experto artesano, Steve.",2025-03-31,Comedia,6.255
Kung Fu Panda 4,"Po se prepara para ser el líder espiritual del Valle de la Paz, buscando un sucesor como Guerrero Dragón. Mientras entrena a un nuevo practicante de kung fu, enfrenta al villano llamado ""el Camaleón"", que evoca villanos del pasado, desafiando todo lo que Po y sus amigos han aprendido.",2024-03-02,Comedia,7.007
Scary Movie 4,"Una nueva entrega de la franquicia que parodia los últimos títulos del cine americano. Esta vez, la ingenua Cindy Campbell (Anna Faris) intenta hacer carrera en la atención sanitaria a domicilio, y encuentra trabajo con una horripilante anciana que vive en una horripilante casa embrujada por una presencia fantasmal. Si a esto le añades un vecino guapetón y la amenaza de unos alienígenas que quieren dominar la tierra... el pelo rubísimo de Cindy se erizará presa del miedo más electrizante. Nuestra valiente heroína vuelve a sumergirse en la acción más enloquecida en su intento de descifrar los extraños mensajes que le llegan del más allá. Pero eso no le impide seguir buscando el amor en los sitios más inusitados y de salvar el mundo de la destrucción masiva.",2006-04-12,Comedia,5.493
Dos rubias de pelo en pecho,"Dos ambiciosos -pero con poca fortuna- agentes del FBI (Shawn y Marlon Wayans) se hacen pasar por mujeres, novatas en la alta sociedad, en el exclusivo complejo Hamptons para investigar un círculo de secuestros. Pero mientras preparan su actuación en el mayor acontecimiento social del año se encuentran que irrumpir en la alta sociedad es mucho más duro de lo que parecía.",2004-06-23,Comedia,6.949
Sonic 3: La película,"Sonic, Knuckles y Tails se reúnen para enfrentarse a un nuevo y poderoso adversario, Shadow, un misterioso villano cuyos poderes no se parecen a nada de lo que nuestros héroes han conocido hasta ahora. Con sus facultades superadas en todos los sentidos, el Equipo Sonic tendrá que establecer una insólita alianza con la esperanza de detener a Shadow y proteger el planeta.",2024-12-19,Comedia,7.617
Una película de Minecraft,"Cuatro inadaptados se encuentran luchando con problemas ordinarios cuando de repente se ven arrastrados a través de un misterioso portal al Mundo Exterior: un extraño país de las maravillas cúbico que se nutre de la imaginación. Para volver a casa, tendrán que dominar este mundo mientras se embarcan en una búsqueda mágica con un inesperado experto artesano, Steve.",2025-03-31,Comedia,6.255
7 كلاب,,2026-05-27,Comedia,6.4
Los misterios de Flavia,"Ambientada en la Inglaterra de 1951, sigue a Flavia de Luce, una niña prodigio de 11 años apasionada por la química y los venenos, que se ve obligada a investigar por su cuenta cuando aparece un cadáver en la propiedad familiar. El caso salpica de lleno a su padre, el coronel Havilland de Luce, un hombre viudo y enigmático que, inesperadamente, acaba confesando el crimen.",2026-04-12,Comedia,6.2
Intocable,"Un hombre tetraplégico y millonario contrata como cuidador a domicilio a Driss, un inmigrante de un barrio marginal recién salido de la cárcel. Aunque no parece la persona más indicada, congenian hasta forjar una amistad tan sólida como inesperada.",2011-11-02,Comedia,8.272
Hechizada,"Ella es una joven que vive en un mundo mágico y de fantasía en el que a todos los niños al nacer se les concede un don por parte de una hada superiora. El don de Ella, más que don una maldición, es la obediencia. Como consecuencia de esta circunstancia, Ella no puede negarse a ninguna orden, lo que le traerá más de un problema. En un intento por recuperar el control de su vida, la joven tratará de librarse de la maldición que pesa sobre ella, entrando en un reino lleno de ogros, gigantes y malvadas hermanastras.",2004-04-09,Comedia,6.482
देऊळ बँड 2,,2026-05-21,Comedia,0.0
"Buena suerte, pásalo bien, no mueras","Un hombre que afirma venir del futuro llega a un pequeño restaurante en Los Ángeles. Su misión: reclutar a los humanos descontentos para que, en el transcurso de una noche, formen parte de una misión global: detener a una inteligencia artificial que se ha vuelto rebelde y amenaza la supervivencia del mundo.",2026-02-13,Comedia,7.023
Del revés (Inside Out),"Riley es una chica que disfruta o padece toda clase de sentimientos. Aunque su vida ha estado marcada por la Alegría, también se ve afectada por otro tipo de emociones. Lo que Riley no entiende muy bien es por qué motivo tiene que existir la Tristeza en su vida. Una serie de acontecimientos hacen que Alegría y Tristeza se mezclen en una peligrosa aventura que dará un vuelco al mundo de Riley.",2015-06-17,Comedia,7.909
American Pie,"Una legión de jóvenes inexpertos están intentando apuntarse un tanto con el sexo opuesto. Jim es como cualquier otro chico de su edad, un joven sano y vigoroso que también resulta ser virgen, el principal motivo de su galopante desesperación. Desde que sus padres le sorprendieron viendo películas pornográficas, las cosas han ido a peor. En casa, su bienintencionado padre extiende un celo mortificador en todo lo referente a la educación sexual de su hijo; en el colegio, las cosas no van mucho mejor: sus experiencias con una belleza perteneciente a un programa de intercambio tienen toda la pinta de fracasar. Así que su último recurso se llama Michelle, una integrante de la banda de música que resulta ser todo un prodigio.",1999-07-09,Comedia,6.609
Los incorregibles albóndigas,"Tripper, su novia Roxanna, y su amigo Mickey, son los responsables del campamento de verano Northstar, que acaba de abrir sus puertas. El trío se encarga de entrenar a los monitores. Cuando llegan los adolescentes que pasarán allí las vacaciones, Rudy, un chico de 11 años, se siente marginado por sus compañeros. Decide escaparse, y Tripper debe salir en su busca.  Disparatada comedia de desmesurado éxito en su momento. A pesar de su baja calidad artística, contiene algún momento divertido, gracias al talento para la comedia de Bill Murray. Abrió el camino a posteriores películas gamberras destinadas al público adolescente. Tuvo tres secuelas de inferior calidad si cabe.",1979-06-28,Comedia,5.819
Zootrópolis,"La moderna metrópoli mamífera de Zootrópolis es una ciudad absolutamente única. Está compuesta de barrios con diferentes hábitats como la lujosa Plaza Sahara, el Distrito Selva Tropical y el gélido Distrito Tundra. Es un crisol donde los animales de cada entorno conviven, un lugar donde no importa lo que seas. De hecho puedes ser cualquier cosa, desde un elefante enorme hasta la musaraña más diminuta. Pero cuando llega la optimista agente Judy Hopps, descubre que ser la primera conejita de un cuerpo policial compuesto de animales duros y enormes no es nada fácil. Pero está decidida a demostrar su valía y se mete de cabeza en un caso, a pesar de que eso significa trabajar con Nick Wilde, un zorro parlanchín y estafador, para resolver el misterio.",2016-02-11,Comedia,7.763
Forrest Gump,"Forrest Gump es un chico con deficiencias mentales no muy profundas y con alguna incapacidad motora que, a pesar de todo, llegará a convertirse, entre otras cosas, en un héroe durante la Guerra del Vietnam. Su persistencia y bondad le llevarán a conseguir una gran fortuna, ser objeto del clamor popular y a codearse con las más altas esferas sociales y políticas del país. Siempre sin olvidar a Jenny, su gran amor desde que era niño.",1994-06-23,Comedia,8.465
Socias por accidente,"Alexa, una elegante relacionista pública, y Regina, una entrenadora de carácter fuerte y espíritu independiente, llevan vidas completamente opuestas hasta que un mismo hombre entra en su historia. Tras una coincidencia inesperada, ambas descubren que fueron engañadas por la misma persona y que sus caminos están más entrelazados de lo que imaginaban. Obligadas a unir fuerzas, Alexa y Regina pasarán de la desconfianza a una alianza improbable que pondrá a prueba sus diferencias, sus decisiones y su idea de lo que significa apoyarse entre mujeres.",2026-03-12,Comedia,9.081
Una noche en el coche cama,"En un tren expreso de lujo, con coche cama, viajan una serie de personajes. Sobresale un barón, hombre que fuma puros y pide champán, pero que lo único que intenta es llevarse los lingotes de oro que hay en el vagón contiguo. Para ello cuenta con una cómplice llamada Divina (que sueña con ser actriz), y en tierra, dos individuos que en un determinado momento se harán cargo de la mercancía. Pero la noche se complica, pues con ellos viajan también una pareja de recién casados; y el novio, antes de consumar su matrimonio, se ve presionado por las pasajeras del tren.",1981-01-03,Comedia,4.682
El lobo de Wall Street,"Película basada en hechos reales del corredor de bolsa neoyorquino Jordan Belfort. A mediados de los años 80, Belfort era un joven honrado que perseguía el sueño americano, pero pronto en la agencia de valores aprendió que lo más importante no era hacer ganar a sus clientes, sino ser ambicioso y ganar una buena comisión. Su enorme éxito y fortuna le valió el mote de ""El lobo de Wall Street"". Dinero. Poder. Mujeres. Drogas. Las tentaciones abundaban y el temor a la ley era irrelevante. Jordan y su manada de lobos consideraban que la discreción era una cualidad anticuada; nunca se conformaban con lo que tenían.",2013-12-25,Comedia,8.0
Bob Esponja: Una aventura pirata,"Desesperado por ser un gran tipo, Bob Esponja se propone demostrar su valentía al Sr. Krabs siguiendo a The Flying Dutchman, un misterioso pirata fantasma, en una aventura marítima que lo lleva a las profundidades más profundas del mar profundo, donde ninguna Esponja ha ido antes.",2025-12-16,Comedia,6.839
Forrest Gump,"Forrest Gump es un chico con deficiencias mentales no muy profundas y con alguna incapacidad motora que, a pesar de todo, llegará a convertirse, entre otras cosas, en un héroe durante la Guerra del Vietnam. Su persistencia y bondad le llevarán a conseguir una gran fortuna, ser objeto del clamor popular y a codearse con las más altas esferas sociales y políticas del país. Siempre sin olvidar a Jenny, su gran amor desde que era niño.",1994-06-23,Comedia,8.465
Una noche en el coche cama,"En un tren expreso de lujo, con coche cama, viajan una serie de personajes. Sobresale un barón, hombre que fuma puros y pide champán, pero que lo único que intenta es llevarse los lingotes de oro que hay en el vagón contiguo. Para ello cuenta con una cómplice llamada Divina (que sueña con ser actriz), y en tierra, dos individuos que en un determinado momento se harán cargo de la mercancía. Pero la noche se complica, pues con ellos viajan también una pareja de recién casados; y el novio, antes de consumar su matrimonio, se ve presionado por las pasajeras del tren.",1981-01-03,Comedia,4.682
Big Hero 6,"En la metrópolis de San Fransokio (cruce de San Francisco y Tokio), vive Hiro Hamada, quien aprende a sacar provecho de su capacidad gracias a su brillante hermano Tadashi y sus también brillantes amigos: la buscadora de adrenalina GoGo Tamago, el meticuloso de la limpieza Wasabi-No-Ginger, la genio de la química Honey Lemon y el fanático de los cómics Fred. Cuando tras un devastador giro de los acontecimientos, se ven envueltos en una peligrosa conspiración que tiene lugar en las calles de San Fransokio, Hiro recurre a su amigo más íntimo: un robot llamado Baymax, y transforma al grupo en una banda de héroes de última tecnología decididos a resolver el misterio.",2014-10-24,Comedia,7.725
Bob Esponja: Una aventura pirata,"Desesperado por ser un gran tipo, Bob Esponja se propone demostrar su valentía al Sr. Krabs siguiendo a The Flying Dutchman, un misterioso pirata fantasma, en una aventura marítima que lo lleva a las profundidades más profundas del mar profundo, donde ninguna Esponja ha ido antes.",2025-12-16,Comedia,6.839
El show de Truman,"Truman Burbank es un hombre corriente y algo ingenuo que ha vivido toda su vida en uno de esos pueblos donde nunca pasa nada. Sin embargo, de repente, unos extraños sucesos le hacen sospechar que algo anormal está ocurriendo. Todos sus amigos son actores, toda su ciudad es un plató, toda su vida está siendo filmada y emitida como el reality más ambicioso de la historia.",1998-06-04,Comedia,8.154
Ratatouille,"Remy es una simpática rata que sueña con convertirse en un gran chef francés a pesar de la oposición de su familia y del problema evidente que supone ser una rata en una profesión que detesta a los roedores. El destino lleva entonces a Remy a las alcantarillas de París, pero su situación no podría ser mejor, ya que se encuentra justo debajo de un restaurante que se ha hecho famoso gracias a Auguste Gusteau, una estrella de la cuisine. A pesar del peligro que representa ser un visitante poco común (y desde luego nada deseado) en los fogones de un exquisito restaurante francés, la pasión de Remy por la cocina pone patas arriba el mundo culinario parisino en una trepidante y emocionante aventura.",2007-06-28,Comedia,7.843
Shrek 2,"Cuando Shrek y la princesa Fiona regresan de su luna de miel, los padres de ella los invitan a visitar el reino de Muy Muy Lejano para celebrar la boda. Para Shrek, al que nunca abandona su fiel amigo Asno, esto constituye un gran problema. Los padres de Fiona, por su parte, no esperaban que su yerno tuviera un aspecto semejante y, mucho menos, que su hija hubiera cambiado tanto. Todo esto trastoca los planes del rey respecto al futuro del reino. Pero entonces entran en escena la maquiavélica Hada Madrina, su arrogante hijo el Príncipe Encantador y un minino muy especial: el Gato con Botas, experto cazador de ogros.",2004-05-19,Comedia,7.319
Scary Movie 3,"Después de haberlo pasado fatal -eso siempre según se mire- en las dos anteriores entregas, Cindy Campbell (Anna Faris) está dispuesta a salir adelante. Ahora es una guapa periodista que se propone encontrar una historia con la que poder destacar en un mundo tan duro como el del periodismo televisivo, en el que predomina la basura. Pero en su búsqueda se encuentra con que la Tierra está siendo amenazada por varios casos teroríficos que ponen los pelos de punta a cualquiera.",2003-10-24,Comedia,5.976
Toy Story: El tiempo perdido,"Después del día de Navidad, la pandilla de ""Toy Story"" se encuentra en territorio desconocido cuando Bonnie va a casa de un amigo a jugar a la consola. Allí, Woody y compañía se encuentran con todo un set de figuras de acción que no sabe que en realidad son juguetes. Ahora todo depende de Trixie, el triceratops, para que las cosas no se vuelvan completamente locas.",2014-12-02,Comedia,7.058
Lilo y Stitch,La conmovedora y divertidísima historia de una solitaria niña hawaiana y el extraterrestre fugitivo que la ayuda a reparar su desestructurada familia.,2025-05-17,Comedia,7.208
México 86,"Audacia, locura y puro ingenio mexicano. En 1986, México fue sede del Mundial contra todo pronóstico. ¿Cómo se logró esa increíble hazaña?",2026-05-21,Comedia,7.568
Barbie,"Barbie vive en Barbieland donde todo es ideal y lleno de música y color. Un buen día decide conocer el mundo real. Cuando el CEO de Mattel se entere, tratará de evitarlo a toda costa y devolver a Barbie a una caja.",2023-07-19,Comedia,6.92
Frozen 2,"¿Por qué nació Elsa con poderes mágicos? La respuesta le está llamando y amenaza su reino. Junto con Anna, Kristoff, Olaf y Sven emprenderá un viaje peligroso e inolvidable. En 'Frozen: El Reino del Hielo', Elsa temía que sus poderes fueran demasiado para el mundo. En 'Frozen 2', deseará que sean suficientes.",2019-11-20,Comedia,7.23
Ice Age: La edad de hielo,"Hace muchos, muchos años, tantos como 20.000, una pequeña ardirata de nombre Scrat quería esconder una bellota en el hielo. Pero lo que hace es provocar una semicatástrofe que provoca que todos los animales migren hacia el sur, hacia tierras más cálidas. Bueno, lo que se dice todos, todos, no. Porque hay uno que lleva la contraria: se trata del mamut Manfred, un auténtico lobo solitario vagabundo y soberbio que va hacia el norte sólo porque los demás están yendo hacia el sur.",2002-03-14,Comedia,7.378
El Gato con Botas: El último deseo,El Gato con Botas se embarca en un viaje épico para encontrar al mítico Último Deseo y recuperar sus nueve vidas.,2022-12-07,Comedia,8.208
Ice Age 3: El origen de los dinosaurios,"Tercera parte de las aventuras de Diego, Scrat y compañía. En esta ocasión, les tocará lidiar con varios dinosaurios. Scrat sigue intentando apoderarse de la muy escurridiza bellota; Manny y Ellie esperan el nacimiento de su mini-mamut; Sid, el perezoso, se mete en un buen lío al formar de repente una familia propia tras encontrarse unos huevos de dinosaurio.",2009-06-26,Comedia,6.77
Regreso al futuro,"El adolescente Marty McFly es amigo de Doc, un científico al que todos toman por loco. Cuando Doc crea una máquina para viajar en el tiempo, un error fortuito hace que Marty llegue a 1955, año en el que sus futuros padres aún no se habían conocido. Después de impedir su primer encuentro, deberá conseguir que se conozcan y se casen; de lo contrario, su existencia no sería posible.",1985-07-03,Comedia,8.327
Un grande amore,,1995-01-01,Comedia,5.0
Mike y Nick y Nick y Alice,"Dos gángsters y la mujer a la que aman intentan sobrevivir a la noche más peligrosa de sus vidas, en la que está implicada una máquina del tiempo.",2026-03-14,Comedia,6.696
Vaiana,Versión de imagen real de la película de animación de 2016 'Vaiana'.,2026-07-08,Comedia,0.0
Toy Story: El tiempo perdido,"Después del día de Navidad, la pandilla de ""Toy Story"" se encuentra en territorio desconocido cuando Bonnie va a casa de un amigo a jugar a la consola. Allí, Woody y compañía se encuentran con todo un set de figuras de acción que no sabe que en realidad son juguetes. Ahora todo depende de Trixie, el triceratops, para que las cosas no se vuelvan completamente locas.",2014-12-02,Comedia,7.058
Jugada Maestra,"Becket, un potencial heredero de una fortuna millonaria, solo tiene un pequeño problema: que es el octavo en la línea de sucesión. Lo cual, por supuesto, tiene una fácil solución: matarlos a todos hasta que solo quede él.",2026-02-16,Comedia,7.027
Bingo Bongo,"Bingo Bongo ha sido criado por monos en la jungla. Después de ser capturado, enjaulado y enviado de vuelta a la civilización, empieza a trabajar con una bella antropóloga que le enseña todo lo que necesita saber para hablar, comer bien y enamorarse.",1982-12-23,Comedia,5.707
Up,"Tras atar miles de globos a su casa, Carl Fredricksen, un vendedor de globos jubilado, se embarca en el mundo de los sueños de la infancia. Pero sin que Carl lo sepa, Russell, un explorador de 8 años, se encuentra en el lugar equivocado en el momento equivocado: el porche delantero de la casa. El dúo más improbable conoce a fantásticos amigos como Dug, un perro con un collar especial que le permite hablar, y Kevin, un pájaro de cuatro metros de altura que no vuela. Atrapados en la selva, Carl se da cuenta de que a veces las mayores aventuras de la vida son las que menos esperabas.",2009-05-28,Comedia,7.961
El fantasma de mi mujer,"Fernando vive un matrimonio tranquilo con María mientras tiene un lío con Julia. Una noche recibe la llamada de su amante diciéndole que acaba de atropellar a María. Un accidente, vamos, que no quería matarla, pero que necesita ayuda para deshacerse del cadáver. Desbordado por los acontecimientos, Fernando finge ante la policía que su mujer le ha abandonado, hasta que le entra una llamada de... ¿María? Desde ese momento, Fernando cree escuchar e incluso ver a su mujer a todas horas y en todas partes. ¿Es el infierno de la culpa... o existe otra explicación?",2026-02-20,Comedia,4.7
Madagascar,"Cuenta la historia de cuatro divertidos animales del zoo de Central Park, Nueva York, (Alex el león, Marty la cebra, Gloria la hipopótamo y Melman la jirafa). Llevan toda su vida encerrados en cautividad sin poder experiemtnar el sabor de la libertad y se han propuesto idear un plan para salir de allí juntos. Un día, una serie de casualidades les llevan a lograr lo que tanto ansiaban y huyen de aquel lugar. Terminan en plena naturaleza, concretamente en la idílica isla de Madagascar. Allí descubrirán, a base de apasionantes aventuras, que la vida salvaje es muy diferente a lo que ellos pensaban y que vivir en libertad no es tan fácil como imaginaban.",2005-05-25,Comedia,6.923
Kung Fu Panda,"El protagonista es un oso panda llamado Po, el más vago de todas las criaturas del Valle de la Paz. Con poderosos enemigos acercándose, la esperanza es depositada en una antigua profecía que dice que un héroe se alzará para salvarles. Voces originales de Jack Black, Angelina Jolie, Dustin Hoffman, Lucy Liu & Jackie Chan.",2008-06-04,Comedia,7.325
Una batalla tras otra,"Un ex revolucionario, tras años apartado de la lucha, se ve obligado a volver a la acción para enfrentar a viejos enemigos en un ambiente cargado de tensión política, racismo y violencia militar... Adaptación modernizada de la novela 'Vineland', de Thomas Pynchon (1990), sobre los movimientos radicales de los años sesenta.",2025-09-23,Comedia,7.355
Elemental,"En una ciudad donde los residentes del fuego, el agua, la tierra y el aire viven juntos, una joven apasionada y un chico que se deja llevar por la corriente descubrirán algo elemental: cuánto tienen en común.",2023-06-14,Comedia,7.579
Compañeras de cuarto,"Cuando Devon, tímida y recién llegada a la uni, le pide a la popular Celeste compartir cuarto, su nueva amistad se convierte en una guerra de pasivoagresividad.",2026-04-13,Comedia,6.545
Cars 2,"Rayo McQueen y su amigo, la grúa Mate, viajan al extranjero para participar en el primer Campeonato Mundial en el que se decidirá cuál es el coche más rápido del planeta. La primera etapa es Tokio (Japón), donde Mate tendrá que convertirse en un espía secreto al verse envuelto inesperadamente en un caso de espionaje internacional, que lo llevará a París y a Londres. También vivirán una aventura de proporciones épicas al viajar a Porto Corsa (Italia), para disputar el Campeonato. Sin embargo, los dos tendrán que renunciar a los placeres de la Riviera italiana -yates, playas y pasta al pesto- ya que Mate está muy ocupado con su labor de espía, mientras que McQueen compite contra los mejores coches del mundo.",2011-06-11,Comedia,6.2
Mike y Nick y Nick y Alice,"Dos gángsters y la mujer a la que aman intentan sobrevivir a la noche más peligrosa de sus vidas, en la que está implicada una máquina del tiempo.",2026-03-14,Comedia,6.696
Elio,"Cuenta la historia de Elio, un niño de 11 años, que lucha por encajar hasta que de repente es transportado por extraterrestres y es elegido para ser el embajador galáctico de la Tierra.",2025-06-18,Comedia,6.915
Thor: Ragnarok,"Thor está preso al otro lado del universo sin su poderoso martillo y se enfrenta a una carrera contra el tiempo. Su objetivo es volver a Asgard y parar el Ragnarok porque significaría la destrucción de su planeta natal y el fin de la civilización Asgardiana a manos de una todopoderosa y nueva amenaza, la implacable Hela. Pero, primero deberá sobrevivir a una competición letal de gladiadores que lo enfrentará a su aliado y compañero en los Vengadores, ¡el Increíble Hulk!",2017-10-02,Comedia,7.581
Las damas primero,"Un mujeriego engreído pero encantador despierta en un mundo paralelo donde mandan las mujeres... y su vida de lujo, ligoteo y poder se va al garete.",2026-05-21,Comedia,5.99
रॉकी और रानी की प्रेम कहानी,,2023-07-08,Comedia,6.152
El último vikingo,"Anker sale de prisión tras cumplir una condena de quince años por robo. El dinero del atraco fue enterrado por su hermano Manfred. Solo él sabe dónde está. Por desgracia, desde entonces Manfred ha desarrollado un trastorno mental que le ha hecho olvidarlo todo. Juntos, los hermanos emprenden un viaje inesperado para encontrar el dinero y descubrir quiénes son en realidad.",2025-10-09,Comedia,7.2
Resacón en Las Vegas,"""The Hangover"" es la historia de una desmadrada despedida de soltero en la que el futuro novio y sus tres amigos, dos días antes de la boda, se montan la juerga padre en Las Vegas. Doug viaja a la ciudad del juego con sus mejores amigos Phil y Stu, así como su futuro cuñado Alan. La juerga es de campeonato y, como era de esperar, a la mañana siguiente tienen una resaca monumental. El problema es que, siendo incapaces de recordar nada de lo ocurrido durante la noche anterior, se encuentran con que el prometido ha desaparecido, topándose en su lugar con otras dos sorpresas en la suite del hotel: un tigre y un bebé.",2009-06-02,Comedia,7.333
Los tipos malos 2,"Un genial equipo de animales que no respetan la ley, los ahora muy reformados Tipos Malos, se esfuerzan (mucho, muchísimo) en ser buenos, pero se ven envueltos involuntariamente en un golpe de envergadura mundial planeado por un inesperado grupo de criminales: las Tipas Malas.",2025-07-24,Comedia,7.652
Tusk,"“¡No quiero morir en Canadá!”, suplica Wallace Bryton, un popular podcaster que cruza la frontera de Canadá para entrevistar a Howard Howe, que una vez fue salvado por una morsa. Misántropo extremo, Howe secuestrará a Wallace para sacarle su lado más “animal”.",2014-09-19,Comedia,5.534
Un amor contra viento y marea,"Los Singh son una familia india con grandes convicciones culturales de su nación de origen, que emigraron a Reino Unido antes de nacer sus primeros hijos. Uno de ellos querrá casarse con una mujer ajena a su cultura y para ello deberá hacer todos los esfuerzos por convencer a su familia.",1995-10-20,Comedia,8.5
Los tipos malos 2,"Un genial equipo de animales que no respetan la ley, los ahora muy reformados Tipos Malos, se esfuerzan (mucho, muchísimo) en ser buenos, pero se ven envueltos involuntariamente en un golpe de envergadura mundial planeado por un inesperado grupo de criminales: las Tipas Malas.",2025-07-24,Comedia,7.652
Shaolin Soccer,Un joven seguidor de Shaolin reúne a sus hermanos para formar un equipo de fútbol usando sus habilidades en artes marciales a su favor.,2001-07-05,Comedia,7.17
Deadpool,"Basado en el anti-héroe menos convencional de Marvel, Deadpool narra el origen de un ex agente de las fuerzas especiales llamado Wade Wilson, reconvertido a mercenario, y que tras ser sometido a un cruel experimento para curar su cáncer adquiere poderes de curación rápida, adoptando entonces el alter ego de Deadpool. Armado con sus nuevas habilidades y un oscuro y retorcido sentido del humor, Deadpool intentará dar caza al hombre que casi destruye su vida.",2016-02-09,Comedia,7.624
En tus sueños,"El enamoramiento de dos personas que huyeron del matrimonio y los interesantes acontecimientos que siguieron. Estambul, renovación urbana, amor y sueños se unen en esta película.",2023-02-03,Comedia,7.321
La proposición,"Margaret es una poderosa y estricta editora de gran éxito de Nueva York que, por un problema con su visado, de repente se enfrenta a ser deportada a Canadá, su país de origen. Para evitarlo y poder mantener su visa en Estados Unidos, la astuta ejecutiva declara que está comprometida con su joven asistente Andrew, al que lleva torturando durante años. Andrew acepta participar en la farsa, pero con algunas condiciones. La ""pareja"" se dirige entonces a Alaska a conocer la peculiar familia de él, y la ejecutiva de ciudad, acostumbrada a tener todo bajo control, se encuentra inmersa en situaciones surrealistas que escapan a cualquier lógica conocida. Con planes de boda en camino y un agente de inmigración tras sus pasos, Margaret y Andrew se comprometen a seguir con el plan previsto pese a las consecuencias.",2009-06-02,Comedia,7.2
Rango,"El actor Rango es un solitario camaleón que vive en la inmensidad del desierto Mojave. Quiere ser un representante de la ley en un sediento pueblo llamado Dirt, pero enseguida se da cuenta de que hay una gran diferencia entre actuar y vivir la vida real, así que no tiene más remedio que enfrentarse a algunos aspectos de su identidad y aprender el significado y el valor de la amistad. Su misión consistirá en descubrir la conspiración que está detrás de la desaparición del agua en el pueblo. Film de animación del director de ""Piratas del Caribe"", con las voces originales de Johnny Depp (Rango), Abigail Breslin, Isla Fisher y Bill Nighy.",2011-03-02,Comedia,6.905
Ice Age: El gran cataclismo,"En la nueva historia veremos a Scrat y su mítica bellota en el espacio, donde accidentalmente desencadenará una serie de acontecimientos que amenazarán la Edad de Hielo. Para salvarse, Sid, Manny, Diego y el resto de la manada deberán salir de su hogar y embarcarse en una aventura llena de comedia y aventuras, viajando por tierras exóticas donde se encontrarán con nuevos y peculiares personajes.",2016-06-23,Comedia,6.115
"Shrek, Felices para siempre","En lugar de espantar a los aldeanos como él solía hacerlo, un recluido Shrek ahora accede a autografiar horquillas para siembra. Anhelando los días cuando se sentía un ""ogro real"", Shrek es embaucado al firmar un pacto con el afable negociador Rumpelstiltskin. De pronto Shrek se encuentra en una retorcida versión alterna de Muy Muy Lejano, donde Fiona es un ogro de caza, Rumpelstiltskin es el rey, Burro nunca ha conocido a Shrek, el Gato con Botas es obeso y perezoso, y Shrek y Fiona no se conocían. Ahora, está en las manos de Shrek deshacer todo lo que hizo con la esperanza de salvar a sus amigos, restaurar su mundo y recuperar a su único y verdadero amor.",2010-05-20,Comedia,6.404
Deadpool 2,"Wade Wilson, mejor conocido como Deadpool, su nombre de batalla e identidad antiheroica, está de regreso y en esta ocasión su misión será salvar a un chico llamado Russell de las manos de un poderoso rival llamado Cable. En aras de dar cumplimiento a su tarea el antihéroe formará un grupo al cual pondrá el nombre de X-Force. Secuela de la exitosa película Deadpool (2016), parodia de los superhéroes mutantes.",2018-05-15,Comedia,7.491
Ted 2,"Se trata de una secuela de la exitosa comedia escrita y dirigida por el cómico Seth MacFarlane. Recién casados Ted y Tami-Lynn deciden tener un bebé. John se ofrece en donar su esperma para que su mejor amigo pueda cumplir su sueño de tener un hijo, pero inesperadamente reciben una carta legal que dice que el estado no le permite ser padre ya que no está demostrado que sea una persona. Todos juntos tendrán que unir fuerzas para luchar por sus derechos en un tribunal de justicia.",2015-06-25,Comedia,6.325
El último vikingo,"Anker sale de prisión tras cumplir una condena de quince años por robo. El dinero del atraco fue enterrado por su hermano Manfred. Solo él sabe dónde está. Por desgracia, desde entonces Manfred ha desarrollado un trastorno mental que le ha hecho olvidarlo todo. Juntos, los hermanos emprenden un viaje inesperado para encontrar el dinero y descubrir quiénes son en realidad.",2025-10-09,Comedia,7.2
Érase una vez en… Hollywood,"Los Angeles, 1969. La estrella de televisión Rick Dalton, un actor en horas bajas especializado en westerns, y el doble de acción Cliff Booth, su mejor amigo, tratan de sobrevivir a una industria cinematográfica en constante cambio. Dalton es vecino de la joven y prometedora actriz y modelo Sharon Tate, que acaba de casarse con el prestigioso director polaco Roman Polanski…",2019-07-24,Comedia,7.421
Ice Age 4: La formación de los continentes,"La loca persecución de Scrat por su escurridiza bellota desde el principio de los tiempos, tiene consecuencias que cambiarán el mundo: un cataclismo continental que desencadenará la mayor de las aventuras para Manny, Diego y Sid. En medio de estas agitaciones, Sid se reencuentra con su Abuelita Gruñona y la manada tropieza con una extraña cuadrilla de piratas de altamar decididos a impedirles su regreso a casa.",2012-06-27,Comedia,6.387
रॉकी और रानी की प्रेम कहानी,,2023-07-08,Comedia,6.152
A través de mi ventana,"Raquel lleva toda la vida loca por Ares, su atractivo y misterioso vecino. Lo observa sin ser vista y es que, muy a su pesar, no han intercambiado ni una palabra. Raquel tiene muy claro su objetivo: conseguir que Ares se enamore de ella. Pero ella no es una niña inocente y no está dispuesta a perderlo todo por el camino, y mucho menos a sí misma...",2022-02-04,Comedia,7.352
Cars,"El aspirante a campeón de carreras Rayo McQueen parece que está a punto de conseguir el éxito, la fama y todo lo que había soñado, hasta que por error toma un desvío inesperado en la polvorienta y solitaria Ruta 66. Su actitud arrogante se desvanece cuando llega a una pequeña comunidad olvidada que le enseña las cosas importantes de la vida que había olvidado.",2006-06-08,Comedia,7.0
성판17: 남자들의 17가지 성적 판타지,,2017-11-13,Comedia,6.2
La ciudad de las estrellas (La La Land),"Mia, una joven aspirante a actriz que compagina los castings con su trabajo de camarera, y Sebastian, un pianista de jazz que se gana la vida tocando en sórdidos tugurios, se enamoran. Pero la gran ambición por llegar a la cima en sus carreras artísticas amenaza con separarlos.",2016-12-01,Comedia,7.898
3 Idiots,"Cuenta la historia de Rancho. Un chico con una pasión por estudiar y aprender. En la escuela de ingenieros, entablará amistad con Raju y Farham que acabarán por convertirse en sus dos mejores amigos. Pero al graduarse pierden el contacto y sus dos amigos deciden ir en su búsqueda.",2009-12-23,Comedia,7.999
Aprendiz de caballero,"Italia, durante la época de la peste negra. Un grupo de jóvenes de la ciudad de Florencia se refugia lejos de la plaga. Para pasar el tiempo, se cuentan una serie de historias acerca del amor y la aventura. Lorenzo de Lamberti (Christensen), un joven rufián siempre metido en trifulcas de espadas y devaneos amorosos, se hace pasar por jardinero en un convento para esconderse de Gerbino de la Ratta (Roth), un noble codicioso y despiadado que ha puesto precio a su cabeza. Un beso furtivo con una joven desconocida (Barton) le hará conocer el amor y, desde entonces, su objetivo será encontrar a esa mujer misteriosa de la que no conoce el rostro: sólo los labios... Adaptación libre del clásico de Boccaccio ""El decamerón""",2007-12-17,Comedia,5.0
Hora punta,"Dos detectives diferentes son asignados en un mismo caso. Ambos tendrán que adaptarse a las costumbres del otro para poder concluir su trabajo con éxito, pero no va a ser una tarea fácil. El detective inspector Lee es el rey de las artes marciales y pertenece a la Royal Hong Kong Police. Su pupila preferida es la hija de once años del Cónsul chino, de la cual el inspector Lee es su guardaespaldas y su mejor amigo. Esta muchacha es capturada y llevada a los Estados Unidos por un peligroso grupo criminal. Hasta allí tendrá que viajar el inspector y, donde se unirá a la investigación con un departamento del FBI y, concretamente, al detective James Carter, un arrogante e impulsivo agente de policía. La explosiva pareja tendrá que enfrentarse a una banda de criminales muy peligrosa, y contarán con la ayuda de Tania Johnson, una experta en artefactos explosivos.",1998-09-18,Comedia,7.1
Cruella,"Ambientada en el Londres de los años 70, en plena revolución del punk rock, muestra a una joven estafadora llamada Estella, una chica inteligente y creativa, decidida a convertirse en una exitosa diseñadora de moda, que se asocia con un par de ladrones para sobrevivir en las calles de la capital británica. Pero cuando su talento para la moda llama la atención de la legendaria diseñadora, la Baronesa von Hellman, Estella cambia el rumbo de su vida hasta que una serie de acontecimientos y revelaciones que harán que Estella asuma su lado malvado y se convierta en la estridente, moderna y vengativa Cruella de Vil.",2021-05-26,Comedia,7.972
Ted,"La historia se centra en las aventuras de un hombre que ve cómo su osito de peluche de la infancia adquiere vida debido a un deseo que formuló cuando era pequeño, convirtiéndose el peluche en un gandul deslenguado que alterará por completo su vida y pondrá en peligro su relación amorosa con su pareja, debido a su comportamiento totalmente salvaje y su conducta fuera de toda norma social.",2012-06-29,Comedia,6.454
10 razones para odiarte,"Las hermanas Stratford son muy distintas. La guapa y popular Bianca nunca ha salido con un chico, y Kat, su hermana mayor, es una bruja con muy mal genio, y algo arisca, que se ha propuesto rechazar a cualquier chico que demuestre el más mínimo interés por ella. Desgraciadamente, el estricto reglamento que rige el hogar de los Stratford prohibe a Blanca tener novio hasta que su insoportable hermana tenga uno; situación que parece más que improbable teniendo en cuenta que Kat lleva una vida social desastrosa. Blanca está desesperada por ir al baile de fin de curso. Pero su pretendiente, Cameron, guarda una sorpresa...",1999-03-30,Comedia,7.594
Minions: El origen de Gru,"En los años 70, Gru crece siendo un gran admirador de ""Los salvajes seis"", un supergrupo de villanos. Para demostrarles que puede ser malvado, diseña un plan con la esperanza de formar parte de la banda.",2022-06-29,Comedia,7.3
Mickey 17,"Mickey 17, un miembro de la tripulación 'expendable' (prescindible) enviado a un planeta helado para colonizarlo, se niega a dejar que su clon de reemplazo, Mickey 18, tome su lugar... Adaptación del libro original de Edward Ashton.",2025-02-28,Comedia,6.835
Sonic 2: La película,"Después de establecerse en Green Hills, Sonic se muere por demostrar que tiene madera de auténtico héroe. La prueba de fuego llega con el retorno del malvado Robotnik, en esta ocasión con un nuevo compinche, Knuckles, en busca de una esmeralda que tiene el poder de destruir civilizaciones. Sonic forma equipo con su propio compañero de fatigas, Tails, y juntos se lanzan a una aventura que les llevará por todo el mundo en busca de la preciada piedra para evitar que caiga en manos equivocadas.",2022-03-30,Comedia,7.4
Thor: Love and Thunder,"El Dios del Trueno emprende un viaje que no se parece en nada a lo que se ha enfrentado hasta ahora: una búsqueda de la paz interior. Pero el retiro de Thor se ve interrumpido por un asesino galáctico conocido como Gorr el Carnicero de Dioses. Para hacer frente a la amenaza, Thor solicita la ayuda de Valkiria, de Korg y de su ex novia Jane Foster que, para sorpresa de Thor, empuña su martillo mágico, Mjolnir, como la Poderosa Thor. Juntos, se embarcan en una aventura cósmica en la que tendrán que descubrir el misterio de la venganza del Carnicero de Dioses y detenerlo antes de que sea demasiado tarde.",2022-07-06,Comedia,6.368
El escuadrón suicida,"Un grupo de super villanos se encuentran encerrados en Belle Reve, una prisión de alta seguridad con la tasa de mortalidad más alta de Estados Unidos. Para salir de allí harán cualquier cosa, incluso unirse al grupo Task Force X, dedicado a llevar a cabo misiones suicidas bajo las órdenes de Amanda Waller. Fuertemente armados son enviados a la isla Corto Maltese, una jungla repleta de enemigos.",2021-07-28,Comedia,7.459
Escenas de Amor,"Stéphane es un actor con dificultades profesionales que, en su intento por impresionar a Fanny, una actriz establecida encarnada por Elisa Erka, decide fingir ser el protagonista de la prestigiosa obra *El Cid*. Este audaz engaño lo lleva a enfrentar situaciones hilarantes y a sus propias inseguridades.",2025-06-18,Comedia,6.2
Kung Fu Sion,"Ambientada en el caos de la China prerrevolucionaria, un ladrón de poca monta, Sing (Ste-phen Chow), aspira a ser uno de los crueles y sofisticados miembros de la Banda del Hacha cuyas actividades ilegales ensombrecen la ciudad. Sing intenta extorsionar a uno de los habitantes de un complejo de apartamentos llamado 'Pig Sty Alley', pero los vecinos no son lo que parecen. Sin pretenderlo, los cómicos intentos de intimidación de Sing atraen a la Banda del Hacha, desencadenando una serie de sucesos que enfrentan cara a cara los dos mundos tan diferentes. Mientras los habitantes de Pig Sty luchan por sus vidas, el choque de titanes de kung fu que sigue desentierra algunos maestros legendarios de artes marciales.",2004-02-10,Comedia,7.498
El maníaco invisible,"Un científico trata de presentar su teoría de la invisibilidad, sobre la cual estuvo trabajando durante mucho tiempo. Sus compañeros se burlan de su teoría y, en un ataque desenfrenado de furia, les mata. Lo encierran en un centro mental, pero logra huir y llevando a cabo su teoría logra hacerse invisible, pero sus ansias de matar crecen.",1990-07-13,Comedia,4.4
లైలా,,2025-02-14,Comedia,5.25
Paranormal Movie 2,"Después de haber exorcizado los demonios de su ex, Malcolm comienza de nuevo con su nueva novia y sus dos hijos. Después de mudarse a la casa de sus sueños, sin embargo, Malcolm está rodeado una vez más por extraños acontecimientos paranormales.",2014-04-17,Comedia,6.188
Tusk,"“¡No quiero morir en Canadá!”, suplica Wallace Bryton, un popular podcaster que cruza la frontera de Canadá para entrevistar a Howard Howe, que una vez fue salvado por una morsa. Misántropo extremo, Howe secuestrará a Wallace para sacarle su lado más “animal”.",2014-09-19,Comedia,5.534
Ice Age 2: El deshielo,"¡Tus héroes favoritos han vuelto con otra magnífica aventura en esta gélida secuela del magnífico éxito mundial Ice Age! Y esta vez la cosa se calienta como la temperatura ambiente para Manny, Sid, Diego y Scrat, que abandonan su valle para escapar a una auténtica inundación de problemas y emprenden un divertidísimo viaje por un paisaje en pleno deshielo durante el cual conocen a Ellie.",2006-03-29,Comedia,6.7
Fast & Furious: Hobbs & Shaw,"Desde que Hobbs, agente del Servicio de Seguridad Diplomática de Estados Unidos, y el británico Shaw, proscrito sin ley, se enfrentaron por primera vez, solo han intercambiado bofetadas y malas palabras. Pero cuando las despiadadas acciones de Brixton, un anarquista cibergenéticamente mejorado, amenazan el futuro de la humanidad, ambos se unen para derrotarlo.",2019-07-31,Comedia,6.831
Encanto,"Los Madrigal son una familia extraordinaria que vive en una casa mágica de un pueblo vibrante en las montañas de Colombia, escondidas en un 'Encanto'. La magia ha bendecido a cada niño de la familia con un don único, desde la superfuerza hasta el poder de sanar. A todos, excepto Mirabel, quien desea ser tan especial como el resto de su familia.  Pero cuando la magia que rodea al Encanto está en peligro, Mirabel decide que ella, la única Madrigal sin ningún tipo de don único, puede ser la única esperanza de su excepcional familia.",2021-10-13,Comedia,7.57
Anora,"Anora, una joven prostituta de Brooklyn, tiene la oportunidad de vivir una historia de Cenicienta cuando conoce e impulsivamente se casa con el hijo de un oligarca. Cuando la noticia llega a Rusia, su cuento de hadas se ve amenazado, ya que los padres parten hacia Nueva York para intentar conseguir la anulación del matrimonio.",2024-10-14,Comedia,7.071
Amor y otras drogas,"Maggie es una mujer independiente que ha decidido vivir sin ataduras. Pero conoce a Jamie, un joven cuyo irresistible encanto funciona no sólo con las mujeres, sino también dentro del despiadado mundo de las ventas farmacéuticas. La relación entre Maggie y Jamie, para sorpresa de ambos, desemboca en amor. La película se basa en una historia real: la de Jamie Reidy, un vendedor de Pfizer (laboratorio que desarrolló la Viagra), quien sacó a la luz algunas prácticas dudosas empleadas por estas compañías farmacéuticas.",2010-11-22,Comedia,7.043
లైలా,,2025-02-14,Comedia,5.25
Ghost in the Cell,,2026-04-16,Comedia,7.962
Lilo & Stitch,"Lilo es una niña hawaiana que se siente sola y decide adoptar un ""perro"" muy feo al que llama Stitch. Stitch sería la mascota perfecta... si no fuera en realidad un experimento genético que ha escapado de un planeta alienígena y que ha aterrizado por casualidad en la tierra.",2002-06-21,Comedia,7.561
Los pingüinos de Madagascar,"Skypper, Kowalsky, Rico y Cabo, los superagentes pingüinos, tienen que salvar el mundo en una misión para la que llevan prepárandose toda la vida. Dicha misión tendrán que realizarla junto al denominado equipo ""Viento del norte"", un comando de élite especializado en salvar animales que no pueden defenderse por si solos.",2014-11-22,Comedia,6.535
Encanto,"Los Madrigal son una familia extraordinaria que vive en una casa mágica de un pueblo vibrante en las montañas de Colombia, escondidas en un 'Encanto'. La magia ha bendecido a cada niño de la familia con un don único, desde la superfuerza hasta el poder de sanar. A todos, excepto Mirabel, quien desea ser tan especial como el resto de su familia.  Pero cuando la magia que rodea al Encanto está en peligro, Mirabel decide que ella, la única Madrigal sin ningún tipo de don único, puede ser la única esperanza de su excepcional familia.",2021-10-13,Comedia,7.57
La vecina de al lado,"Matthew, un ambicioso joven de un instituto con aspiraciones a ser político en el futuro, se enamora de la chica de sus sueños: la bella y joven vecina de la puerta de al lado. Ambos comienzan un idílico romance, pero un sorprendente descubrimiento pondrá a prueba su relación: ella es un famosa actriz porno.",2004-04-09,Comedia,6.748
Men in Black,Un agente de policía se une a una organización secreta que controla y monitoriza la actividad extraterrestre en la Tierra.,1997-07-02,Comedia,7.224
Charlie y la fábrica de chocolate,"Charlie Bucket (Freddie Highmore), un niño muy bueno de una familia muy pobre, gana un concurso, junto a otros cuatro niños de diferentes partes del mundo, para disfrutar de una visita durante todo un día a la gigantesca fábrica de chocolate dirigida por el excéntrico Willy Wonka (Johnny Depp) y su equipo de Oompa-Loompas. La fábrica se parece a un mundo fantástico y mágico lleno de diferentes sabores, todos muy dulces.",2005-07-13,Comedia,7.038
Operación Fortune: El gran engaño,La historia de un agente que es reclutado por una alianza de inteligencia global para rastrear y detener la venta de nuevas tecnologías de armas mortales.,2023-01-04,Comedia,6.465
Carry On Jatta 4,,2026-06-26,Comedia,0.0
Sonic: La película,"Sonic, el descarado erizo azul basado en la famosa serie de videojuegos de Sega, vivirá aventuras y desventuras cuando conoce a su amigo humano y policía, Tom Wachowski. Sonic y Tom unirán sus fuerzas para tratar de detener los planes del malvado Dr. Robotnik, que intenta atrapar a Sonic con el fin de emplear sus inmensos poderes para dominar el mundo.",2020-02-12,Comedia,7.281
Marsupilami,,2026-02-04,Comedia,6.331
Anora,"Anora, una joven prostituta de Brooklyn, tiene la oportunidad de vivir una historia de Cenicienta cuando conoce e impulsivamente se casa con el hijo de un oligarca. Cuando la noticia llega a Rusia, su cuento de hadas se ve amenazado, ya que los padres parten hacia Nueva York para intentar conseguir la anulación del matrimonio.",2024-10-14,Comedia,7.071
Paranormal Movie 2,"Después de haber exorcizado los demonios de su ex, Malcolm comienza de nuevo con su nueva novia y sus dos hijos. Después de mudarse a la casa de sus sueños, sin embargo, Malcolm está rodeado una vez más por extraños acontecimientos paranormales.",2014-04-17,Comedia,6.188
Kingsman: Servicio secreto,"Un veterano agente secreto inglés (Colin Firth) debe entrenar a un joven sin refinar (Taron Egerton), pero que promete convertirse en un competitivo agente gracias a un ultra-programa de entrenamiento, al mismo tiempo que una amenaza global emerge procedente de un genio retorcido. Adaptación del cómic de Mark Millar y Dave Gibbons.",2015-01-24,Comedia,7.62
La ciudad de las estrellas (La La Land),"Mia, una joven aspirante a actriz que compagina los castings con su trabajo de camarera, y Sebastian, un pianista de jazz que se gana la vida tocando en sórdidos tugurios, se enamoran. Pero la gran ambición por llegar a la cima en sus carreras artísticas amenaza con separarlos.",2016-12-01,Comedia,7.898
Enfermera para todo,"Una atractiva enfermera de noche es contratada para cuidar de un aventurero que se hace pasar por un paciente enfermo, que acaba de llegar de una expedición en África. El impostor está buscando en realidad un enorme diamante escondido en la casa, pero se da cuenta de que no hay un solo momento de paz, no solo por la compañía de su provocativa enfermera, sino por el resto de los admiradores que ésta empieza a tener merodeando por la casa.",1979-02-07,Comedia,5.231
Fast & Furious: Hobbs & Shaw,"Desde que Hobbs, agente del Servicio de Seguridad Diplomática de Estados Unidos, y el británico Shaw, proscrito sin ley, se enfrentaron por primera vez, solo han intercambiado bofetadas y malas palabras. Pero cuando las despiadadas acciones de Brixton, un anarquista cibergenéticamente mejorado, amenazan el futuro de la humanidad, ambos se unen para derrotarlo.",2019-07-31,Comedia,6.831
"Muerte, muerte, muerte","Cuando un grupo de veinteañeros adinerados planea una fiesta del huracán en una remota mansión familiar, un juego se vuelve mortal en esta historia de puñaladas por la espalda, falsos amigos y una velada que sale muy, muy mal.",2022-08-05,Comedia,6.151
ది రాజాసాబ్,,2026-01-08,Comedia,5.226
Tú a Londres y yo a California,"Hallie y Annie, dos gemelas que se parecen como dos gotas de agua, fueron separadas poco después de nacer, a causa del divorcio de sus padres. Hallie vive en Napa Valley con su padre, que es viticultor. Por su parte, Annie vive en Londres con su madre, una famosa diseñadora de trajes de novia. Ninguna de las dos conoce la existencia de la otra, pero el destino hace que se encuentren por casualidad en Maine, en un campamento de verano. Antes de volver a casa, las niñas urden un plan para conseguir reunir a sus padres, pero hay un inconveniente con el que no contaban: su padre proyecta casarse con otra mujer.",1998-07-28,Comedia,7.217
Senario XX,,2005-05-19,Comedia,0.0
Cualquiera menos tú,"Bea y Ben se conocen y parecen la pareja perfecta, pero tras una increíble primera cita sucede algo que enfría su fuerte atracción, hasta que meses después ambos se encuentran inesperadamente en una boda en Australia. Obligados a verse, y a pesar de su rechazo mutuo, por conveniencia para ambos deciden fingir que son una pareja.",2023-12-21,Comedia,6.768
Free Guy,"Guy trabaja como cajero de un banco, y es un tipo alegre y solitario al que nada la amarga el día. Incluso si le utilizan como rehén durante un atraco a su banco, él sigue sonriendo como si nada. Pero un día se da cuenta de que Free City no es exactamente la ciudad que él creía. Guy va a descubrir que en realidad es un personaje no jugable dentro de un brutal videojuego.",2021-08-11,Comedia,7.452
വാഴ II,,2026-04-02,Comedia,7.318
Puñales por la espalda,"Cuando el renombrado novelista de misterio Harlan Thrombey es encontrado muerto en su mansión justo después de su 85 cumpleaños, el inquisitivo y cortés detective Benoit Blanc es misteriosamente reclutado para investigar. Se moverá entre una red de pistas falsas y mentiras interesadas para tratar de descubrir la verdad tras la prematura muerte del escritor.",2019-11-27,Comedia,7.841
Chotto Kawaii Iron Maiden,"Adaptación cinematográfica del popular cómic del mismo título por su extraordinaria premisa. El prometedor Yoshida Kota, conocido por su estilo humorístico y sensual en películas como Usotsuki Paradox, crea un drama único de la mayoría de edad sobre el amor entre dos chicas, con elementos de deportes y perseverancia en todas partes. El ""Club de la tortura"" es una actividad oficial después de la escuela en la escuela privada Saint Honesty Gakuen. Yuzuki (Kijima Noriko) no tiene idea sobre el club cuando se inscribe, y los miembros del club la secuestran y la retiran del salón del club. Allí, ella descubre que la estudiante de clase alta Aoi (Yoshizumi Haruna), su ídolo secreto, está en el club, y decide unirse, pero ...",2014-07-19,Comedia,5.235
Niños grandes 2,"Lenny se ha trasladado con su familia a la pequeña ciudad donde tanto él como sus amigos se criaron. En esta ocasión, los adultos serán quienes reciban toda una lección de sus propios hijos.",2013-07-11,Comedia,6.177
La vida es bella,"En 1939, a punto de estallar la Segunda Guerra Mundial (1939-1945), el extravagante Guido llega a Arezzo, en la Toscana, con la intención de abrir una librería. Allí conoce a la encantadora Dora y, a pesar de que es la prometida del fascista Rodolfo, se casa con ella y tiene un hijo. Al estallar la guerra, los tres son internados en un campo de exterminio, donde Guido hará lo imposible para hacer creer a su hijo que la terrible situación que están padeciendo es tan sólo un juego.",1997-12-20,Comedia,8.439
"Nosotros, lejos del ruido","En el vibrante caos de Bombay, dos millennials socialmente inadaptados se descubren y se enamoran. Enfrentados a sus miedos internos y a las agobiantes expectativas de la sociedad, se embarcan en una escapada emocional y geográfica a las montañas, en busca de un espacio donde finalmente puedan ser ellos mismos.",2026-02-20,Comedia,6.75
Los Colegas del Barrio,"Ashtray es un joven negro que se va a Los Angeles a vivir con su padre y con su peculiar abuela. Allí se encuentra con su primo Loc Dog, que se pasa el día con su pandilla de amigos por el barrio.",1996-01-12,Comedia,7.048
Megamind,"Megamind es el supervillano más brillante que el mundo haya conocido. Y el que menos éxito tiene. Durante años, ha estado intentando conquistar Metro City por todos los medios posibles. Cada intento constituye un fracaso, por culpa de Metro Man, un héroe invencible hasta que Megamind consigue matarlo. De repente, la vida de Megamind carece de sentido. ¿Qué puede hacer un supervillano sin un superhéroe con el que enfrentarse?. Crear a Titán, un nuevo héroe más fuerte que Metro Man. Pero Titán empieza a pensar que es mucho más divertido ser malo que ser bueno. Además, Titán no se propone conquistar el mundo, sino destruirlo. ¿Podrá derrotar Megamind a su diabólica criatura?",2010-10-28,Comedia,7.029
La máscara,"Stanley es un ingenuo empleado de banca incapaz de enterarse de cuándo se aprovechan de él, al que su jefe mangonea, al que su casera humilla, y al que solamente su perro parece ser capaz de aguantar. Su amigo Charlie le invita a ir al cabaret Coco Bongo para intentar estimularle y conseguir que espabile, pero antes de que eso ocurra, aparece la bella Tina Carlyle, que entra en el banco para hablar con Stanley y de paso fotografiar la caja fuerte con una mini cámara. Es entonces cuando Stanley encuentra una máscara que le da grandes poderes y que también le quita todos sus miedos: ahora es libre de actuar como quiera.",1994-07-29,Comedia,6.991
ฟัด จัง โตะ,,2013-12-25,Comedia,5.5
Nadie 2,"Cuatro años después de enfrentarse involuntariamente a la mafia rusa, Hutch Mansell sigue intentando saldar una deuda de 30 millones de dólares con golpes a criminales internacionales. Agotado y distanciado de su familia, organiza unas vacaciones con su esposa e hijos en Plummerville, el lugar donde solía ir con su hermano de niño. Pero un pequeño altercado los convierte en el objetivo de un peligroso mafioso local y de su corrupto sheriff, poniendo en riesgo toda la familia.",2025-08-13,Comedia,6.937
Hércules,"Hércules, el hijo de Hera y el dios Zeus, es robado del Olimpo por los secuaces de Hades, que tienen la misión de despojarle de su inmortalidad. Hércules crecerá en un mundo de mortales hasta que le llegue la hora de regresar al Olimpo.",1997-06-13,Comedia,7.496
¡Canta! 2,Buster Moon y sus amigos deben persuadir a la estrella del rock Clay Calloway para que se una a ellos en el estreno de un nuevo espectáculo.,2021-12-01,Comedia,7.835
Almas en pena de Inisherin,"Pádraic y Colm son dos amigos de toda la vida que se encuentran en un callejón sin salida cuando Colm pone inesperadamente fin a su amistad. Un aturdido Pádraic, ayudado por su hermana Siobhán y el problemático joven isleño Dominic se esfuerza por reparar la relación, negándose a aceptar un no por respuesta. Pero los repetidos esfuerzos de Pádraic no hacen más que reforzar la determinación de su antiguo amigo, y cuando Colm le da un ultimátum desesperado los acontecimientos se intensifican rápidamente, con consecuencias impactantes.",2022-10-20,Comedia,7.464
Green Book,"Años 60. Cuando Tony Lip, un rudo italoamericano del Bronx, es contratado como chófer del virtuoso pianista negro Don Shirley durante una gira de conciertos por el Sur de Estados Unidos, deberá confiar en ""El libro verde"", una guía de los pocos establecimientos seguros para los afroamericanos, para encontrar alojamiento. Son dos personas que tendrán que hacer frente al racismo y los prejuicios, pero a las que la bondad y el sentido del humor unirán, obligándoles a dejar de lado las diferencias para sobrevivir y prosperar en el viaje de su vida.",2018-11-16,Comedia,8.226
La máscara,"Stanley es un ingenuo empleado de banca incapaz de enterarse de cuándo se aprovechan de él, al que su jefe mangonea, al que su casera humilla, y al que solamente su perro parece ser capaz de aguantar. Su amigo Charlie le invita a ir al cabaret Coco Bongo para intentar estimularle y conseguir que espabile, pero antes de que eso ocurra, aparece la bella Tina Carlyle, que entra en el banco para hablar con Stanley y de paso fotografiar la caja fuerte con una mini cámara. Es entonces cuando Stanley encuentra una máscara que le da grandes poderes y que también le quita todos sus miedos: ahora es libre de actuar como quiera.",1994-07-29,Comedia,6.991
ฟัด จัง โตะ,,2013-12-25,Comedia,5.5
Nadie 2,"Cuatro años después de enfrentarse involuntariamente a la mafia rusa, Hutch Mansell sigue intentando saldar una deuda de 30 millones de dólares con golpes a criminales internacionales. Agotado y distanciado de su familia, organiza unas vacaciones con su esposa e hijos en Plummerville, el lugar donde solía ir con su hermano de niño. Pero un pequeño altercado los convierte en el objetivo de un peligroso mafioso local y de su corrupto sheriff, poniendo en riesgo toda la familia.",2025-08-13,Comedia,6.937
Hércules,"Hércules, el hijo de Hera y el dios Zeus, es robado del Olimpo por los secuaces de Hades, que tienen la misión de despojarle de su inmortalidad. Hércules crecerá en un mundo de mortales hasta que le llegue la hora de regresar al Olimpo.",1997-06-13,Comedia,7.496
Bad Boys: Ride or Die,"Los policías más famosos del mundo regresan con su icónica mezcla de acción al límite y comedia escandalosa, pero esta vez con un giro inesperado: ¡Los mejores de Miami se dan a la fuga! Cuarta entrega de la saga 'Dos policías rebeldes'.",2024-06-05,Comedia,7.323
വാഴ II,,2026-04-02,Comedia,7.318
¡Canta! 2,Buster Moon y sus amigos deben persuadir a la estrella del rock Clay Calloway para que se una a ellos en el estreno de un nuevo espectáculo.,2021-12-01,Comedia,7.8
Niños grandes 2,"Lenny se ha trasladado con su familia a la pequeña ciudad donde tanto él como sus amigos se criaron. En esta ocasión, los adultos serán quienes reciban toda una lección de sus propios hijos.",2013-07-11,Comedia,6.177
Sex Tape. Algo pasa en la nube,"Cuando Jay (Jason Segel) y Annie (Cameron Diaz) entablaron relación, la atracción entre ambos era muy intensa. Diez años y dos hijos después, se dan cuenta de que hay que reavivar la llama de la pasión. Deciden entonces grabarse en vídeo mientras mantienen una maratoniana sesión sexual de tres horas. El problema surge cuando descubren que el vídeo ha sido enviado por error a sus amigos y familiares.",2014-07-17,Comedia,5.407
Chicas malas,"Una joven adolescente, Cady, acostumbrada a vivir en África con sus padres, zoólogos, se encuentra una nueva jungla cuando se muda a Illinois. Allí acude a la escuela pública, donde se enamorará del ex-novio de la chica más popular del colegio. Las chicas comenzarán a hacer la vida imposible a Cady, y ésta no tendrá otro remedio que usar sus mismas tácticas para mantenerse a flote.",2004-04-30,Comedia,7.226
Gru 2. Mi villano favorito,"La película de animación de los estudios Universal, giraba en torno a una apacible y colorida población en la que vivía el malvado Gru. Ayudado por su batallón de Minions, unos pequeños seres de color amarillo, intentaron robar la Luna, aunque no todo acabó como esperaban. Tres niñas curiosas y algo traviesas se cruzaron en su camino, entorpeciéndole todos sus planes y conviertiendo su objetivo en una alocada hazaña interestelar.  Ahora, 'Gru, mi villano favorito 2', narra una nueva aventura en la que Gru volverá a estar acompañado de simpáticos humanoides.",2013-06-26,Comedia,6.945
Madagascar 3: De marcha por Europa,"Alex el león, Marty la cebra, Melman la jirafa y Gloria la hipopótamo están decididos a regresar como sea al Zoo de Central Park en Nueva York. Tras abandonar África, toman un desvío y emergen, literalmente, en Europa, persiguiendo a los pingüinos y chimpancés que se las han arreglado para hacer saltar la banca de un casino de Montecarlo. Pronto, los animales son descubiertos por la capitana Chantel DuBois, una testaruda francesa encargada del control de animales, y a la que no le gusta nada que unos animales del zoo anden sueltos por su ciudad.",2012-06-06,Comedia,6.638
Grease,"Sandy y Danny han pasado un romántico y maravilloso verano juntos, pero las vacaciones se acabaron y sus caminos se separaron. Al regresar al instituto Rydell, ambos vuelven a encontrarse de manera sorpresiva, pero el problema es que la imagen y actitud de Danny no es la misma que durante el verano: ya no es el encantador y atento chico que encandiló a Sandy, sino alguien engreído e insensible que sólo quiere presumir de duro delante de sus amigos.",1978-06-16,Comedia,7.369
Almas en pena de Inisherin,"Pádraic y Colm son dos amigos de toda la vida que se encuentran en un callejón sin salida cuando Colm pone inesperadamente fin a su amistad. Un aturdido Pádraic, ayudado por su hermana Siobhán y el problemático joven isleño Dominic se esfuerza por reparar la relación, negándose a aceptar un no por respuesta. Pero los repetidos esfuerzos de Pádraic no hacen más que reforzar la determinación de su antiguo amigo, y cuando Colm le da un ultimátum desesperado los acontecimientos se intensifican rápidamente, con consecuencias impactantes.",2022-10-20,Comedia,7.464
Paranormal Movie,"Una joven pareja, Malcolm (Marlon Wayans) y Kisha (Essence Atkins), se acaban de mudar a la casa de sus sueño. Al instalarse, descubren que no están solos en ella. Pero no es la casa la que está embrujada, sino la novia de Malcolm, que parece estar poseída por un demonio.  Malcolm contrata a un sacerdote para librarla de este intruso, decidido a no dejar que el espíritu maligno arruine su relación... o, más importante aún, su vida sexual...",2013-01-11,Comedia,5.951
Pixels,"Pixels cuenta como unos extraterrestres malinterpretan las imágenes de las máquinas recreativas como una declaración de guerra y deciden atacar la tierra, empleando dichos juegos como modelos para el asalto. El presidente de EEUU, Will Cooper (Kevin James), recurre entonces a su gran amigo de la infancia y campeón de las maquinitas de los años 80, Sam Brenner (Adam Sandler), quien actualmente trabaja como instalador de sistemas de home cinema, para encabezar un equipo de expertos jugadores de su época (Dinklage y Gad) cuya misión será derrotar a los extraterrestres y salvar al planeta. Monaghan interpreta al experto en armas del equipo.",2015-07-16,Comedia,5.782
Turno de noche,"Cuando un hongo mutante altamente contagioso escapa de una instalación sellada, dos jóvenes empleados, acompañados por un veterano agente de bioterrorismo, deben sobrevivir al turno de noche más alocado de la historia para salvar a la humanidad de la extinción, mientras el microorganismo se propaga y destruye todo a su paso.",2026-01-22,Comedia,6.78
Se acabó el negocio,"Antonio conoce a María, que vive recluida en un asilo regentado por monjas. Vive así porque está avergonzada de cómo es: tiene pelos en cara y brazos. Antonio la convence para que se vaya con ella, ha visto un gran negocio: exhibirla como si fuera una mujer simia que encontró en la selva africana. (FILMAFFINITY)",1964-01-31,Comedia,7.3
Puñales por la espalda: De entre los muertos,El detective Benoit Blanc se une a un joven y honesto sacerdote para investigar un crimen totalmente imposible en la iglesia de un pequeño pueblo con una oscura historia.,2025-11-26,Comedia,7.2
Red One,"Tras el secuestro de Papá Noel (nombre en clave: RED ONE), el Jefe de Seguridad del Polo Norte (Dwayne Johnson) debe formar equipo con el cazarrecompensas más infame del mundo (Chris Evans) en una misión trotamundos llena de acción para salvar la Navidad.",2024-10-31,Comedia,6.982
Juegos de niños,"Brian acaba de ser despedido de su trabajo, y se convierte en un padre que se queda en casa. Acepta una invitación para jugar de otro padre, que resulta ser un bala perdida.",2025-11-04,Comedia,6.099
¡Canta! 2,Buster Moon y sus amigos deben persuadir a la estrella del rock Clay Calloway para que se una a ellos en el estreno de un nuevo espectáculo.,2021-12-01,Comedia,7.835
Dungeons & Dragons: Honor entre ladrones,"Un ladrón encantador y una banda de aventureros increíbles emprenden un atraco épico para recuperar una reliquia perdida, pero las cosas salen rematadamente mal cuando se topan con las personas equivocadas. Adaptación cinematográfica del primer juego de rol de la historia, publicado por primera vez en 1974.",2023-03-23,Comedia,7.352
Solo en casa 2: Perdido en Nueva York,"En plenas fiestas navideñas, el pequeño Kevin y su familia están a punto de coger un avión para disfrutar de unas pequeñas vacaciones, pero Kevin se equivoca y embarca en un avión que lo lleva a Nueva York, donde vuelve a encontrarse solo y desprotegido.",1992-11-15,Comedia,6.788
Nadie 2,"Cuatro años después de enfrentarse involuntariamente a la mafia rusa, Hutch Mansell sigue intentando saldar una deuda de 30 millones de dólares con golpes a criminales internacionales. Agotado y distanciado de su familia, organiza unas vacaciones con su esposa e hijos en Plummerville, el lugar donde solía ir con su hermano de niño. Pero un pequeño altercado los convierte en el objetivo de un peligroso mafioso local y de su corrupto sheriff, poniendo en riesgo toda la familia.",2025-08-13,Comedia,6.937
14 and Under,"Esta película episódica esta estrechamente relacionada con las producciones de ""Schoolgirl Report"" del producto Wolf C. Hartwig, en la medida de que está hecha por la misma gente y, con un estilo y temática similar. No obstante, esta se centra especialmente en los que se llama ""coming-of-age"" (crecimiento psicológico y moral de la protagonista), en la medida en que también aborda cuestiones delicadas, como la pedofilia.",1973-08-16,Comedia,5.427
Los Colegas del Barrio,"Ashtray es un joven negro que se va a Los Angeles a vivir con su padre y con su peculiar abuela. Allí se encuentra con su primo Loc Dog, que se pasa el día con su pandilla de amigos por el barrio.",1996-01-12,Comedia,7.048
Bad Boys: Ride or Die,"Los policías más famosos del mundo regresan con su icónica mezcla de acción al límite y comedia escandalosa, pero esta vez con un giro inesperado: ¡Los mejores de Miami se dan a la fuga! Cuarta entrega de la saga 'Dos policías rebeldes'.",2024-06-05,Comedia,7.323
¿Quieres ser mi novia?,"La relación de Javi y Lu enfrenta pruebas cuando surgen tentaciones: una joven con quien Javi tiene química, y un hombre maduro que persigue a Lu. Entre humor y enredos, su amor es puesto a prueba",2026-02-12,Comedia,8.691
Migración. Un viaje patas arriba,"La familia Mallard se ha quedado 'estancada'. Mientras papá Mack se siente realizado cuidando de su familia en su estanque de Nueva Inglaterra, mamá Pam se muere de ganas de vivir la vida y hacer descubrir a sus hijos –el adolescente Dax y la patita Gwen– el mundo en toda su amplitud. Después de que una familia de patos migratorios llegue a su estanque con maravillosas historias de lugares lejanos, Pam consigue convencer a Mack de que deben viajar a la tropical Jamaica pasando por Nueva York. Los Mallard emprenden el viaje hacia el sur para pasar el invierno, pero nada sale como estaba previsto. La experiencia les ayudará a descubrir horizontes desconocidos, a hacer nuevos amigos, a vivir experiencias que jamás imaginaron, y de paso, a conocerse mejor.",2023-12-06,Comedia,7.353
Love Lesson,Drama que sigue a una escritora de música (Kim Seon-yeong) y un hombre joven de diecinueve años llamado Seung-ho (Byung Joon-seok). Los dos se encuentran por casualidad en los ascensores y una relación tórrida se desarrolla mientras que Hee-soo le enseña acerca de la música y el amor.,2013-12-05,Comedia,6.8
El quarterback y yo,"Cuando Dallas, una joven y ambiciosa bailarina que sueña con escapar de su pueblo, conoce al quarterback y estrella del equipo, las chispas saltan y la tensión aumenta. Decidida a conseguir una codiciada beca para estudiar danza en una prestigiosa escuela de baile, ella se centra en su futuro, mientras que él se enfrenta a sus propias incertidumbres tras la universidad. A pesar de su innegable química, sus ambiciones enfrentadas y la inminente separación les obligan a enfrentarse a la pregunta más difícil de todas: ¿puede sobrevivir el amor cuando el futuro parece decidido a separarlos?",2025-02-06,Comedia,6.247
Megamind,"Megamind es el supervillano más brillante que el mundo haya conocido. Y el que menos éxito tiene. Durante años, ha estado intentando conquistar Metro City por todos los medios posibles. Cada intento constituye un fracaso, por culpa de Metro Man, un héroe invencible hasta que Megamind consigue matarlo. De repente, la vida de Megamind carece de sentido. ¿Qué puede hacer un supervillano sin un superhéroe con el que enfrentarse?. Crear a Titán, un nuevo héroe más fuerte que Metro Man. Pero Titán empieza a pensar que es mucho más divertido ser malo que ser bueno. Además, Titán no se propone conquistar el mundo, sino destruirlo. ¿Podrá derrotar Megamind a su diabólica criatura?",2010-10-28,Comedia,7.029
Monstruos University,"Desde que era pequeño, Mike Wazowski ha soñado con ser asustador y sabe que los mejores asustadores estudian en Monstruos University (MU). Pero durante su primer semestre en MU, los planes de Mike se desmoronan cuando se cruza con el listillo de James P. Sullivan, un asustador nato. El descontrolado espíritu competitivo de la pareja hace que los dos sean expulsados del programa de asustadores de la Universidad. Entonces se dan cuenta de que si quieren cumplir sus sueños, tienen que trabajar en equipo junto con un grupo de monstruos marginados.",2013-06-19,Comedia,7.052
Paranormal Movie,"Una joven pareja, Malcolm (Marlon Wayans) y Kisha (Essence Atkins), se acaban de mudar a la casa de sus sueño. Al instalarse, descubren que no están solos en ella. Pero no es la casa la que está embrujada, sino la novia de Malcolm, que parece estar poseída por un demonio.  Malcolm contrata a un sacerdote para librarla de este intruso, decidido a no dejar que el espíritu maligno arruine su relación... o, más importante aún, su vida sexual...",2013-01-11,Comedia,5.951
귀신과 함께 춤을,,2018-09-27,Comedia,6.5
Zombie camp,"Tres Scouts, en la víspera de su último campamento, descubre el verdadero significado de la amistad cuando tratan de salvar a su pueblo de un brote de zombis.",2015-10-23,Comedia,6.574
Lluvia de albóndigas,"Adaptación del libro homónimo de Judi Barrett, una parodia animada de los films de catástrofes, como Armageddon, Twister o Independence Day. El protagonista es Flint, un joven científico que sueña con inventar algo que le mejore la vida a todos sus vecinos. Tras muchos intentos consigue crear algo que realmente funciona: una máquina que hace caer comida del cielo.",2009-09-17,Comedia,6.658
Bob Esponja: La película,"Hay problemas en Fondo de Bikini: la corona del Rey Neptuno ha desaparecido y las sospechas recaen en el señor Cangrejo. Junto a Patricio, su mejor amigo, Bob Esponja marcha a la peligrosa Concha City para recuperar la corona de Neptuno y salvar al señor Cangrejo.",2004-11-19,Comedia,7.089
Chicken Little,"Ha transcurrido un año desde el ""desafortunado incidente de la bellota"" cuando Chicken Little causó un gran revuelo en su pueblo natal de Oakey Oaks al proclamar que el cielo se estaba cayendo tras ser golpeado en la cabeza por lo que aparentemente era una bellota. Sin contemplaciones, el valiente pollito se une al equipo local de béisbol con la esperanza de restablecer su reputación y ganarse el respeto de su padre, Buck Cluck. Cuando él conduce al pueblo a una inesperada victoria, se convierte en el centro de toda la atención. Pero tan pronto como el pollito campeón es redimido, vuelve a recibir otro golpe en la cabeza. ¡Y esta vez el cielo sí se está cayendo! Temeroso de ser tachado una vez más de loco, se niega a decirle a nadie lo que ha sucedido. En lugar de eso, recluta la ayuda de sus amigos más cercanos - Runt el benjamón, Abby Patosa (alias Patito Feo), y Pez fuera del agua - en un intento por salvar el mundo sin hacer que todo el pueblo entre nuevamente en pánico.",2005-11-04,Comedia,5.915
Novio por una noche,"Charlie (Dane Cook) sufrió cuando era niño una maldición que ahora se ha convertido para algunas en un ""don"": después de acostarse con una mujer, ésta siempre encuentra a su amor verdadero en el siguiente hombre y se casa con él. Así Charlie, al que llaman ""Lucky Chuck"", es solicitado por multitud de mujeres solteras. Pero cuando Charlie encuentra a la mujer perfecta (Jessica Alba) tendrá un ""pequeño problema"": no puede acostarse con ella... porque si lo hace ella encontrará a otro hombre y la perderá para siempre.",2007-09-21,Comedia,5.9
Los que se quedan,"A nadie le gusta el profesor Paul Hunham (Giamatti), ni a sus alumnos, ni a sus compañeros, ni al director de la escuela secundaria donde trabaja, a todos les resulta exasperante su pomposidad y rigidez. Sin familia y sin ningún lugar a donde ir durante las vacaciones de Navidad de 1970, Paul se queda en la escuela para supervisar a los estudiantes que no han podido viajar a casa. Después de unos días, solo queda allí un estudiante: un problemático chico de 15 años llamado Angus, un buen estudiante cuyo mal comportamiento siempre amenaza con expulsarlo. Junto a Paul y Angus está la cocinera Mary (Randolph), una mujer afroamericana que atiende a hijos privilegiados y cuyo propio hijo perdió la vida recientemente en Vietnam. Estos tres náufragos tan diferentes formarán una improbable familia durante dos semanas muy nevadas en Nueva Inglaterra.",2023-10-27,Comedia,7.645
Wonka,"Basada en el personaje que protagoniza ""Charlie y la fábrica de chocolate"", el libro infantil más emblemático de Roald Dahl y uno de los más vendidos de todos los tiempos, ""Wonka"" cuenta la historia de cómo el mayor inventor, mago y chocolatero del mundo se convirtió en el querido Willy Wonka que conocemos hoy en día.",2023-12-06,Comedia,7.0
Hora punta 2,"El detective James Carter se encuentra de vacaciones en Hong Kong con su buen amigo el detective Lee. Mientras Carter está ansioso por dedicarse a la juerga y las mujeres, Lee tiene que enfrentarse con un jefe de las Tríadas, responsable del asesinato de dos funcionarios de la embajada norteamericana. Conforme avancen en la investigación, descubrirán una trama de distribución de billetes falsos.",2001-08-03,Comedia,6.768
Sr. y Sra. Smith,"Jane y John Smith forman una pareja de vida acomodada dentro de un ordinario y monótono matrimonio suburbano. Además ambos ocultan algo por lo que su pareja mataría por saber: los dos son agentes secretos, asesinos increíblemente eficientes que trabajan para organizaciones que compiten entre sí. Además, un día el Sr. y la Sra. Smith descubren una nueva fuente de emoción en su matrimonio cuando se les contrata para asesinarse mutuamente, pues será entonces cuando comienza la verdadera diversión...",2005-06-07,Comedia,6.695
No hay otra opción,"La historia sigue a un hombre de mediana edad llamado Man-su que se embarca decidido en una búsqueda de trabajo tras ser despedido inesperadamente de la compañía de papel en la que trabajó durante 25 años. ""Si no hay una vacante para mí, tendré que crear una para que me contraten. No hay otra opción"". Adaptación de la novela ""The Ax"" de Donald E. Westlake, que ya fue llevada al cine en la película ""Arcadia"", dirigida por Costa-Gavras en 2005.",2025-09-24,Comedia,7.504
Love Lesson,Drama que sigue a una escritora de música (Kim Seon-yeong) y un hombre joven de diecinueve años llamado Seung-ho (Byung Joon-seok). Los dos se encuentran por casualidad en los ascensores y una relación tórrida se desarrolla mientras que Hee-soo le enseña acerca de la música y el amor.,2013-12-05,Comedia,6.8
Supersalidos,"En una de sus últimas noches como estudiantes del instituto, los amigos e inadaptados Evan y Seth experimentarán una legendaria odisea durante una tarde en la que intentan comprar bebida para una fiesta en la que estarán las chicas de sus sueños. En su peripecia les acompañará el indescriptible McLovin, otro amigo inadaptado que acaba de comprarse un carnet falso: su pasaporte para comprar el alcohol.",2007-08-17,Comedia,7.27
Una Cenicienta moderna,"Adaptación moderna del famoso cuento de ""Cenicienta"". La adolescente Sam Montgomery vive a disposición de su egocéntrica madrastra Fiona y de sus odiosas hermanastras, quienes la tratan más como una sirvienta que como un miembro de la familia. Sam sueña con ingresar en Princeton, pero de pronto su vida social se complica cuando conoce a su Príncipe Azul en Internet. Pero cuando su amigo de la red termina siendo el chico más popular de la escuela, Austin Ames, Sam despierta a la realidad olvidando su móvil cuando suena la medianoche. Temiendo ser rechazada si él supiera quien es ella en realidad, Sam hace todo lo posible para que Austin no descubra quién es su princesa. Aunque Austin tiene un plan para encontrarla...",2004-07-16,Comedia,6.596
Pequeño pero matón,"Tras salir de prisión, el enano criminal Calvin Sims se une a su hermano Percy, el imbécil, para robar un enorme y costoso diamante de una joyería para el mafioso Walken. La policía los persigue, y Calvin esconde la piedra en el bolso de la ejecutiva Vanessa Edwards, cuyo esposo, Darryl Edwards, desea tener un hijo. Percy convence a Calvin de que se vista como un bebé y lo dejen frente a la casa de los Edwards para entrar y recuperar el diamante. Darryl y Vanessa se quedan con Calvin durante el fin de semana y deciden adoptarlo, mientras Walken amenaza a Darryl para recuperar la piedra.",2006-08-31,Comedia,5.951
Vecinos invasores,"Cuando R.J. (un travieso mapache estafador), Verne (una tímida tortuga), y sus amigos del bosque descubren que alguien ha construido unas casas en su territorio, la primera reacción de la tortuga es meterse en su caparazón y retroceder, pero el mapache oportunista se da cuenta de las posibilidades que ofrecen sus nuevos e ingenuos vecinos. Verne y R.J. formarán una inesperada asociación mientras aprenden a coexistir con este extraño mundo llamado “urbanización”, e incluso a explotarlo.",2006-05-17,Comedia,6.6
Garfield: La película,"El mundialmente famoso Garfield, el gato casero que odia los lunes y que adora la lasaña, está a punto de vivir una aventura ¡en el salvaje mundo exterior! Tras una inesperada reunión con su largamente perdido padre – el desaliñado gato callejero Vic – Garfield y su amigo canino Odie se ven forzados a abandonar sus perfectas y consentidas vidas al unirse a Vic en un hilarante y muy arriesgado atraco.",2024-04-30,Comedia,7.0
Bob Esponja: La película,"Hay problemas en Fondo de Bikini: la corona del Rey Neptuno ha desaparecido y las sospechas recaen en el señor Cangrejo. Junto a Patricio, su mejor amigo, Bob Esponja marcha a la peligrosa Concha City para recuperar la corona de Neptuno y salvar al señor Cangrejo.",2004-11-19,Comedia,7.089
Outcome,"Reef Hawk, emblema de Hollywood desde los seis años, está en crisis. Ante un chantaje relacionado con un misterioso vídeo, Reef decide emprender una gira de redención para enmendar sus errores, enfrentarse a sus demonios y evitar ser cancelado.",2026-04-06,Comedia,5.395
Operación Fortune: El gran engaño,La historia de un agente que es reclutado por una alianza de inteligencia global para rastrear y detener la venta de nuevas tecnologías de armas mortales.,2023-01-04,Comedia,6.465
Fuerza bruta: Castigo,"Mientras investigan una aplicación de tráfico de drogas, Ma Seok-do y su equipo descubren una conexión entre el desarrollador de la aplicación, asesinado en Filipinas, y una organización de apuestas ilegales online. Mientras tanto, en Filipinas, Baek Chang-gi controla el mercado coreano de apuestas ilegales y siembra el terror con secuestros, agresiones y asesinatos. Su socio, el genio informático Chang Dong-cheol, planea un plan aún mayor en la propia Corea. Para poner fin a la creciente amenaza, el detective Ma amplía su operación proponiendo una alianza inesperada... Cuarta entrega de la exitosa franquicia de acción surcoreana 'The Roundup'.",2024-04-24,Comedia,7.211
Kung Fu Panda 3,"Cuando el durante mucho tiempo perdido padre de Po aparece de repente, el dúo ya reunido viaja a un paraíso secreto de pandas para conocer a montones de nuevos e hilarantes osos. Pero cuando el villano sobrenatural Kai comienza a recorrer toda China venciendo a todos los maestros de kung fu, Po deberá hacer lo imposible: aprender a entrenar a una comunidad repleta de divertidos y torpes hermanos para formar el equipo definitivo de Kung Fu Pandas.",2016-01-23,Comedia,6.928
Hotel Transilvania: Transformanía,"Drac y la pandilla vuelven, como nunca los habías visto antes en Hotel Transilvania: Transformanía. Volveremos a encontrarnos con nuestros monstruos favoritos en una aventura completamente nueva en la que Drac se enfrentará a una de las situaciones más aterradoras vividas hasta el momento. Cuando el misterioso invento de Van Helsing, el ""Rayo Monstrificador"", se vuelve totalmente fuera de control, Drac y sus monstruosos amigos se transforman en humanos, ¡y Johnny se convierte en un monstruo!",2022-01-31,Comedia,7.0
Crónicas sexuales de una familia francesa,"Como cualquier adolescente virgen de 18 años Romain se siente sólo y deprimido. Al vivir una experiencia traumática en la escuela su madre Claire decide que a partir de ahora las cosas deben cambiar en el seno de la familia y adoptar una visión mucho más abierta sobre el tema tabú en la familia: el sexo. Romain busca una amante desesperadamente, su hermano y su hermana mayor buscan nuevas experiencias sexuales que alimenten su cruel rutina, su abuelo viudo visita con regularidad a una prostituta en busca de sexo salvaje y duro olvido y Claire y su padre buscan a través de la sexualidad intentar romper con la monotonía, aquella que cuando eran jóvenes jamás pensaban que alcanzarían algún dia. Pascal Arnold y Jean-Marc Barr, directores del filme, buscan innovar con una nueva manera de ver el sexo. En lugar de verlo como algo prohibido y censurado, muestran las relaciones humanas de una familia junto con aquello considerado tabú para casi cualquier entorno familiar: la sexualidad en sí.",2012-05-09,Comedia,5.4
El gran hotel Budapest,"El Sr. Gustave H., un legendario conserje de un famoso hotel europeo de entreguerras, entabla amistad con Zero Moustafa, un joven empleado al que convierte en su protegido. La historia trata sobre el robo y la recuperación de una pintura renacentista de valor incalculable y sobre la batalla que enfrenta a los miembros de una familia por una inmensa fortuna. Como telón de fondo, los levantamientos que transformaron Europa durante la primera mitad del siglo XX.",2014-02-26,Comedia,8.028
Los Croods,"La película está ambientada en la prehistoria, donde Crug lidera a su familia más allá de la comodidad de su hogar después de que este sea destruido por un gran terremoto. Mientras intentan viajar por el desconocido y aterrador mundo, se encuentran con un nómada que cautiva a su clan, en especial a su hermana mayor, con su mente moderna.",2013-03-15,Comedia,6.941
(500) días juntos,"Tom aún sigue creyendo, incluso en este cínico mundo moderno, en la noción de un amor transformador, predestinado por el cosmos y que golpea como un rayo sólo una vez. Summer no cree lo mismo, para nada. La mecha se enciende desde el primer día, cuando Tom, un arquitecto en ciernes convertido en un sensiblero escritor de tarjetas de felicitación, se encuentra con Summer, la bella y fresca nueva secretaria de su jefe. Aunque aparentemente está fuera de su alcance, Tom pronto descubre que tienen un montón de cosas en común. La historia de Tom y Summer cubre desde el enamoramiento, las citas y el sexo hasta la separación, las recriminaciones y la redención, todo lo cual se suma al caleidoscópico retrato del por qué y el cómo seguimos esforzándonos de modo tan risible y rastrero para encontrar sentido al amor… y esperar convertirlo en realidad.",2009-07-17,Comedia,7.301
El emperador y sus locuras,"El arrogante y egoísta emperador Cuzco es traicionado y convertido en llama por la ambiciosa Yzma y su guardaespaldas Kronk. El emperador, que una vez lo tuvo todo, se verá abocado a confiar en un llano y simpático campesino llamado Pacha, para encontrarse a sí mismo.",2000-12-15,Comedia,7.561
El becario,"La joven dueña de un exitoso negocio online dedicado a la moda no se toma demasiado bien el hecho de que la compañía contrate como becario a un hombre de 70 años, pero eso irá cambiando progresivamente, ya que poco a poco el hombre comienza a convertirse en alguien indispensable.",2015-09-23,Comedia,7.231
Entre pillos anda el juego,"Dos hombres de negocios sostienen distintas tesis sobre las condiciones de la naturaleza humana. Para uno es cuestión de genética, para el otro es cuestión de educación. Para corroborar sus teorías hacen una apuesta para lo cual cambian los destinos de dos personas socialmente antagónicas.",1983-06-07,Comedia,7.227
Pretty Woman,"Un acaudalado y frío hombre de negocios conoce en Hollywood Boulevard a una joven y atractiva prostituta a la que alquila durante una semana para que sea su acompañante en sus cenas con los clientes. Para ello la chica se verá sometida a todo un cambio de look tras el que nadie podrá ver, a simple vista, que es una chica de la calle.",1990-03-23,Comedia,7.449
कॉकटेल,,2012-07-13,Comedia,6.1
Plan en familia 2,"Dan ha dejado atrás su pasado como asesino y lo único que quiere esta Navidad es pasar tiempo de calidad con sus hijos. Pero, al ver que su hija tiene otros planes, organiza un viaje familiar a Londres... y los pone a todos en la mira de un enemigo inesperado.",2025-11-11,Comedia,6.531
Pobres criaturas,"Bella Baxter es una joven revivida por el brillante y poco ortodoxo científico Dr. Godwin Baxter. Bajo la protección de Baxter, Bella está ansiosa por aprender. Hambrienta de la mundanidad que le falta, Bella se escapa con Duncan Wedderburn, un sofisticado y perverso abogado, en una aventura vertiginosa a través de los continentes. Libre de los prejuicios de su época, Bella se vuelve firme en su propósito de defender la igualdad y la liberación.",2023-12-07,Comedia,7.639
Tesoro del Amazonas,"Para pagar una deuda, un cazador de recompensas (The Rock) viaja a Helldorado, una ciudad en lo profundo de la jungla del Amazonas, para capturar a un convicto (Scott). Pero cuando llega, descubre que a quien tiene que detener es sólo un muchacho ávido de emociones que busca riqueza, y ambos formarán equipo para intentar encontrar una mina llena de oro.",2003-09-26,Comedia,6.449
Idiocracia,"Tras un experimento militar fallido, el oficial Joe Bawers y la prostituta Rita despiertan quinientos años adelante en el futuro, en un mundo distópico en el que la selección natural ha favorecido a los más idiotas, debido a que se reproducen más. Esto ha resultado en una humanidad estúpida e ignorante, de modo que Joe descubre que es el hombre más inteligente del planeta. Pronto se convierte en un cercano consejero del Presidente de los Estados Unidos, el excéntrico Camacho.",2006-09-01,Comedia,6.373
"Muerte, muerte, muerte","Cuando un grupo de veinteañeros adinerados planea una fiesta del huracán en una remota mansión familiar, un juego se vuelve mortal en esta historia de puñaladas por la espalda, falsos amigos y una velada que sale muy, muy mal.",2022-08-05,Comedia,6.151
La hermanastra fea,"Elvira lucha contra su hermosa hermanastra en un reino donde la belleza reina suprema. Ella recurre a medidas extremas para cautivar al príncipe, en medio de una despiadada competición por la perfección física.",2025-03-07,Comedia,7.321
Luck,"Sam Greenfield es la persona con menos suerte del mundo. Cuando de repente se encuentra en la desconocida Tierra de la Suerte, debe aliarse con los seres mágicos que la habitan para que su suerte cambie.",2022-08-05,Comedia,7.713
¡Shazam!,"Todos llevamos un superhéroe dentro, solo se necesita un poco de magia para sacarlo a la luz. Cuando Billy Batson, un niño de acogida de 14 años que ha crecido en las calles, grita la palabra 'SHAZAM!' se convierte en el Superhéroe adulto Shazam, por cortesía de un antiguo mago. Dentro de un cuerpo musculoso y divino, Shazam esconde un corazón de niño. Pero lo mejor es que en esta versión de adulto consigue realizar todo lo que le gustaría hacer a cualquier adolescente con superpoderes: ¡divertirse con ellos! ¿Volar? ¿Tener visión de rayos X? ¿Disparar un rayo con las manos? ¿Saltarse el examen de sociales? Shazam va a poner a prueba los límites de sus habilidades con la inconsciencia propia de un niño. Pero necesitará dominar rápidamente esos poderes para luchar contra las letales fuerzas del mal que controla el Dr. Thaddeus Sivana.",2019-03-29,Comedia,6.976
Río,"Blu es un guacamayo que ha crecido en un pequeño pueblo de Minnesota en EEUU, un buen día se entera que es el último espécimen macho de su especie. Es entonces cuando Blu y su dueña, compañera y protectora Linda, deciden tomar rumbo a Rio de Janeiro para conocer a Tulio, un excéntrico experto en pájaros, y a Perla, quien es la última hembra de su especie. Juntos se embarcan en una serie de aventuras para sobrevivir junto a otros amigos que conocen a medida que se desarrolla la historia",2011-04-03,Comedia,6.766
El Grinch,"Cada año, en Navidad, los lugareños perturban su pacífica soledad con celebraciones cada vez más desmesuradas, luminosas y ruidosas. Cuando los Quién declaran que ese año van a preparar una Navidad el triple de grande, el Grinch se da cuenta de que solo hay un modo de recuperar algo de paz y silencio: robar la Navidad. Para ello, decide hacerse pasar por Santa Claus en Nochebuena, haciéndose con un reno muy peculiar para tirar de su trineo. Mientras tanto, en Villa Quién, una dulce niña llamada Cindy-Lou, desbordante de espíritu navideño, planea con sus amigos atrapar a Papá Noel durante su visita en Nochebuena para darle las gracias por ayudar a su trabajadora madre. Sin embargo, a medida que se acerca la noche mágica, sus buenas intenciones amenazan con chocar con las del Grinch, mucho más perversas.",2000-11-17,Comedia,6.78
Terminagolf 2,"Happy, ya retirado del golf profesional, regresa al circuito no por gloria sino para financiar la escuela de danza de su hija, Viena.",2025-07-25,Comedia,6.5
¡Canta!,"Buster es un koala que posee y dirige un gran teatro que está pasando por un momento muy delicado. Para arreglar la situación y recuperar la gloria perdida, organizará el concurso de canto más grande del mundo, que atrae a multitud de animales que buscan convertirse en estrellas. Entre ellos encontramos a un bromista y arrogante ratón, una elefanta adolescente que tiene pánico escénico, una cerda que padece estrés debido a su camada de 25 lechones, un joven gorila proveniente de una familia de gánsteres y una puercoespín que tiene su propia banda de rock alternativo.",2016-11-23,Comedia,7.125
Jefes de Estado,"El primer ministro del Reino Unido y el presidente de EE. UU. tienen una rivalidad pública que pone en riesgo la alianza entre sus países. Pero cuando se convierten en el blanco de un poderoso enemigo, se ven obligados a confiar el uno en el otro. Aliados con Noel, una agente del MI6, intenta frustrar una conspiración que amenaza al mundo libre.",2025-06-24,Comedia,6.807
En sueños,Stevie y su hermano pequeño Elliot viajan al absurdo mundo de sus sueños para pedirle a Sandman que les conceda un deseo: la familia perfecta.,2025-11-07,Comedia,6.982
El diario de Greg,"¡El divertidísimo superventas cobra vida con esta comedia familiar de éxito! Greg Heffley hará grandes cosas, pero primero tendrá que sobrevivir a la experiencia más humillante y que más miedo da en la vida de un niño: ¡la secundaria! No será fácil considerando que está rodeado de idiotas peludos con pecas, abusones que tiran de los calzoncillos y una loncha de queso con piojos nucleares.",2010-03-19,Comedia,6.275
Slanted,"Una insegura adolescente chino-estadounidense se somete a cirugía experimental para parecer blanca, con la esperanza de asegurarse el título de reina del baile y la aceptación de sus compañeros.",2026-03-13,Comedia,6.107
Más sexi todavía,"Maddalena finalmente parece haber encontrado su lugar: es una escritora aclamada, felizmente comprometida con Vanni, una editorial amorosa y brillante. Pero cuando Valentina reaparece, se encuentra cuestionando todo.",2026-06-12,Comedia,5.211
Mi primer beso,"Elle nunca imaginó que el primer beso daría para tanto. Pero, a pesar de que ha conseguido salir con el chico más guapo del instituto, está a punto de perder a su mejor amigo de toda la vida.",2018-05-11,Comedia,7.163
दे दे प्यार दे २,,2025-11-13,Comedia,6.536
¡Shazam!,"Todos llevamos un superhéroe dentro, solo se necesita un poco de magia para sacarlo a la luz. Cuando Billy Batson, un niño de acogida de 14 años que ha crecido en las calles, grita la palabra 'SHAZAM!' se convierte en el Superhéroe adulto Shazam, por cortesía de un antiguo mago. Dentro de un cuerpo musculoso y divino, Shazam esconde un corazón de niño. Pero lo mejor es que en esta versión de adulto consigue realizar todo lo que le gustaría hacer a cualquier adolescente con superpoderes: ¡divertirse con ellos! ¿Volar? ¿Tener visión de rayos X? ¿Disparar un rayo con las manos? ¿Saltarse el examen de sociales? Shazam va a poner a prueba los límites de sus habilidades con la inconsciencia propia de un niño. Pero necesitará dominar rápidamente esos poderes para luchar contra las letales fuerzas del mal que controla el Dr. Thaddeus Sivana.",2019-03-29,Comedia,6.976
Los descendientes: Corazón rebelde,"Cuando la Reina de Corazones da un golpe de Estado en Auradon, su rebelde hija Red y la perfeccionista hija de Cenicienta, Chloe, unen sus fuerzas y viajan al pasado para intentar impedir el traumático suceso que llevó a la madre de Red a convertirse en una villana.",2024-07-11,Comedia,6.741
Toy Story Toons: Pequeño gran Buzz,"Un niño olvida en la hamburguesería a Buzz Lightyear. Mientras Woody y la pandilla buscan la forma de rescatar a su amigo, Buzz intenta escaparse de la sesión del grupo de ayuda de los juguetes olvidados.",2011-11-23,Comedia,6.9
Jumanji: Bienvenidos a la jungla,"Cuatro estudiantes de secundaria se quedan atrapados en la selva dentro de un videojuego, donde viven una aventura convertidos en avatares adultos arquetípicos.",2017-12-09,Comedia,6.82
Ninja Turtles,"Nueva York está en peligro debido a que Shredder y El Clan del Pie, dominan la ciudad y ejercen un férreo control sobre todo, incluyendo policía y políticos. Pero cuatro héroes, Leonardo, Michelangelo, Donatello y Raphael, saldrán de las alcantarillas y con la ayuda de la reportera April y su compañero Vern Fenwick intentarán salvar la ciudad.",2014-08-07,Comedia,5.9
American Pie presenta: Una fiesta de pelotas,"Cuando Erik Stifler se da cuenta de que es el único miembro de la familia Stifler que podría acabar el instituto sin haber perdido la virginidad, decide que tiene que estar a la altura del legado recibido. Después de algunos consejos bienintencionados del padre de Jim, Erik está listo para arriesgarse en la anual e infame carrera universitaria desinhibidas provocarán el fin de semana más escandaloso jamás vivido.",2006-12-04,Comedia,5.483
"Rojo, blanco y sangre azul","Tras la elección de su madre como presidenta, el joven Alex Claremont-Diaz es rápidamente elegido como el equivalente estadounidense de un joven miembro de la realeza.",2023-07-27,Comedia,7.932
Matilda,"Matilda Wormwood es una jovencita extremadamente curiosa e inteligente, todo lo contrario que sus chabacanos padres, que a menudo la ignoran. A medida que crece va descubriendo que posee poderes telequinéticos, hasta que un día un profesor le enseña que puede usar esos poderes para ayudar a sus amigos. Además las personas que hasta ese momento le han hecho la vida imposible sufrirán las consecuencias.",1996-08-02,Comedia,7.18
Hook (El capitán Garfio),"Peter Pan es un prestigioso abogado y tiene una encantadora familia, pero ha perdido el contacto con algo maravilloso: su infancia. Sin embargo, cuando sus hijos son secuestrados por su antiguo enemigo, el Capitán Garfio, y llevados al País de Nunca Jamás, también él tendrá que viajar a ese reino encantado, donde, con la ayuda de Campanilla, podrá recuperar no sólo a sus hijos, sino también al niño que un día fue.",1991-04-10,Comedia,6.846
Sin malos rollos,"A punto de perder el hogar de su infancia, Maddie descubre una oferta de trabajo intrigante: padres adinerados que buscan a alguien con quien ""salir"" con su introvertido hijo de 19 años, Percy, antes de que se vaya a la universidad. Para su sorpresa, Maddie pronto descubre que el incómodo Percy no es algo seguro.",2023-06-15,Comedia,6.677
Luck,"Sam Greenfield es la persona con menos suerte del mundo. Cuando de repente se encuentra en la desconocida Tierra de la Suerte, debe aliarse con los seres mágicos que la habitan para que su suerte cambie.",2022-08-05,Comedia,7.713
El menú,"Una joven pareja viaja a uno de los destinos más exclusivos del mundo para cenar en un restaurante que ofrece una experiencia culinaria única. Sin embargo, el chef ha preparado un ingrediente secreto que tendrá un resultado sorprendente en los dos enamorados.",2022-11-17,Comedia,7.179
El espantatiburones,Oscar es un pececito de verbo rápido que sueña con ser un pez gordo. Pero sus sueños le meten en agua estancada cuando una gran mentira le convierte en un improbable héroe. Al principio los demás peces se tragan el anzuelo de Oscar y le llueve la fama y la fortuna. Todo va con la marea a favor hasta que empieza a quedar claro que la historia que ha propagado Oscar de que es el gran defensor del atolón hace agua por todas partes. El pececito descubre que ser un héroe significa que su vida está de rebajas: su mentira le va a convertir en la pesca del día. Oscar debe aprender a navegar entre dos aguas para volver a encontrar la corriente a su favor.,2004-09-20,Comedia,6.042
Una rubia muy legal,"Elle Woods es una rubia auténtica, además de muy popular, buena estudiante, presidenta de su hermandad y Miss Junio en el calendario de la Universidad. Ha disfrutado de una vida maravillosa y está enamorada de Warner Huntington III. Pero todo se derrumba cuando su novio decide romper con ella debido a que es demasiado rubia y no lo suficientemente formal para su futura carrera en el mundo de la política. Decidida a salir adelante, Elle se matricula en la Facultad de Derecho de la Universidad de Harvard, asumiendo un reto aún mayor de lo que esperaba.",2001-07-13,Comedia,6.819
Red One,"Tras el secuestro de Papá Noel (nombre en clave: RED ONE), el Jefe de Seguridad del Polo Norte (Dwayne Johnson) debe formar equipo con el cazarrecompensas más infame del mundo (Chris Evans) en una misión trotamundos llena de acción para salvar la Navidad.",2024-10-31,Comedia,6.982
Jennifer's Body,"Devil's Kettle es una pequeña ciudad de los Estados Unidos, donde Jennifer y Needy son amigas desde la infancia y viven juntas. Un día, las chicas van a un bar donde toca un nuevo grupo de rock, y allí se produce un inesperado accidente. Tras provocarse un gran incendio, muchos de los asistentes no consiguen sobrevivir, pero las chicas logran escapar. A partir de entonces, Jennifer será poseída por unas fuerzas malévolas que la impulsarán a cometer asesinatos... principalmente a aquellos que intenten seducirla.",2009-09-18,Comedia,6.0
El espantatiburones,Oscar es un pececito de verbo rápido que sueña con ser un pez gordo. Pero sus sueños le meten en agua estancada cuando una gran mentira le convierte en un improbable héroe. Al principio los demás peces se tragan el anzuelo de Oscar y le llueve la fama y la fortuna. Todo va con la marea a favor hasta que empieza a quedar claro que la historia que ha propagado Oscar de que es el gran defensor del atolón hace agua por todas partes. El pececito descubre que ser un héroe significa que su vida está de rebajas: su mentira le va a convertir en la pesca del día. Oscar debe aprender a navegar entre dos aguas para volver a encontrar la corriente a su favor.,2004-09-20,Comedia,6.042
Busboys,,2026-04-17,Comedia,4.2
Wonka,"Basada en el personaje que protagoniza ""Charlie y la fábrica de chocolate"", el libro infantil más emblemático de Roald Dahl y uno de los más vendidos de todos los tiempos, ""Wonka"" cuenta la historia de cómo el mayor inventor, mago y chocolatero del mundo se convirtió en el querido Willy Wonka que conocemos hoy en día.",2023-12-06,Comedia,7.0
Kıyma: Orman Kanunları,,2024-05-23,Comedia,4.0
La Patrulla Canina: La superpelícula,"Cuando un meteorito mágico se estrella en Ciudad Aventura, los cachorros de la Patrulla Canina consiguen unos superpoderes que los transforman en ¡Los PODEROSOS CACHORROS! Para Skye, la más pequeña del equipo, sus nuevos poderes son un sueño hecho realidad. Pero las cosas se complican cuando Humdinger, el archienemigo de los cachorros que acaba de fugarse de la cárcel, se une a Victoria Vance, una desquiciada científica obsesionada con los meteoritos, y forman una alianza para robar los superpoderes y convertirse en supervillanos. Con el destino de Ciudad Aventura al filo del abismo, los Poderosos Cachorros tendrán que detener a los supervillanos antes de que sea demasiado tarde, y Skye descubrirá que hasta la más pequeña del equipo puede ser la que determine el resultado.",2023-09-21,Comedia,6.9
Gravity Falls: Between the Pines,,2016-02-08,Comedia,8.8
Crónicas sexuales de una familia francesa,"Como cualquier adolescente virgen de 18 años Romain se siente sólo y deprimido. Al vivir una experiencia traumática en la escuela su madre Claire decide que a partir de ahora las cosas deben cambiar en el seno de la familia y adoptar una visión mucho más abierta sobre el tema tabú en la familia: el sexo. Romain busca una amante desesperadamente, su hermano y su hermana mayor buscan nuevas experiencias sexuales que alimenten su cruel rutina, su abuelo viudo visita con regularidad a una prostituta en busca de sexo salvaje y duro olvido y Claire y su padre buscan a través de la sexualidad intentar romper con la monotonía, aquella que cuando eran jóvenes jamás pensaban que alcanzarían algún dia. Pascal Arnold y Jean-Marc Barr, directores del filme, buscan innovar con una nueva manera de ver el sexo. En lugar de verlo como algo prohibido y censurado, muestran las relaciones humanas de una familia junto con aquello considerado tabú para casi cualquier entorno familiar: la sexualidad en sí.",2012-05-09,Comedia,5.4
Lift: Un robo de primera clase,Un ladrón y su banda se preparan para dar un golpe de altura: robar 500 millones de dólares en oro de una caja fuerte... ¡a bordo de un avión a 9000 m de altitud!,2024-01-10,Comedia,6.424
玉蒲團III官人我要,,1998-04-23,Comedia,6.183
蜜桃成熟時33D,,2011-10-06,Comedia,5.7
(500) días juntos,"Tom aún sigue creyendo, incluso en este cínico mundo moderno, en la noción de un amor transformador, predestinado por el cosmos y que golpea como un rayo sólo una vez. Summer no cree lo mismo, para nada. La mecha se enciende desde el primer día, cuando Tom, un arquitecto en ciernes convertido en un sensiblero escritor de tarjetas de felicitación, se encuentra con Summer, la bella y fresca nueva secretaria de su jefe. Aunque aparentemente está fuera de su alcance, Tom pronto descubre que tienen un montón de cosas en común. La historia de Tom y Summer cubre desde el enamoramiento, las citas y el sexo hasta la separación, las recriminaciones y la redención, todo lo cual se suma al caleidoscópico retrato del por qué y el cómo seguimos esforzándonos de modo tan risible y rastrero para encontrar sentido al amor… y esperar convertirlo en realidad.",2009-07-17,Comedia,7.301
Pretty Woman,"Un acaudalado y frío hombre de negocios conoce en Hollywood Boulevard a una joven y atractiva prostituta a la que alquila durante una semana para que sea su acompañante en sus cenas con los clientes. Para ello la chica se verá sometida a todo un cambio de look tras el que nadie podrá ver, a simple vista, que es una chica de la calle.",1990-03-23,Comedia,7.449
La LEGO película,"Película basada en los clásicos juguetes LEGO. Emmet, el protagonista de la película, trabaja como constructor en la ciudad Lego, pero sus conocimientos de construcción no van más allá de colocar las fichas atendiendo pormenorizadamente las instrucciones de edificación. Sin embargo, sin saber cómo ni por qué, Emmet es confundido con un 'MasterBuilder' e introducido como cabecilla de una misión que tiene por objetivo evitar que un malvado acabe con la ciudad de bloques. Por suerte, los habitantes de tan atípico lugar no están solos. Los mismísimos Superman y Batman han tomado la forma de muñecos Lego para tomar parte de esta gran aventura.",2014-02-06,Comedia,7.43
蜜桃成熟時,,1993-04-17,Comedia,6.413
Somos los Miller,Un traficante de marihuana se crea una familia ficticia con una stripper y dos jóvenes como parte de su plan para pasar un gran cargamento de Estados Unidos a México.,2013-08-07,Comedia,6.844
La hermanastra fea,"Elvira lucha contra su hermosa hermanastra en un reino donde la belleza reina suprema. Ella recurre a medidas extremas para cautivar al príncipe, en medio de una despiadada competición por la perfección física.",2025-03-07,Comedia,7.321
El gran Lebowski,"El Nota es un hombre fracasado y en paro que un día es confundido con otra persona con su mismo nombre. Dos matones irrumpen en su apartamento y destrozan su alfombra creyendo que están ante Jeff Lebowski un millonario de Pasadena. El primer error de El Nota es visitar a su opulento tocayo con la esperanza de que le reponga su vieja alfombra.Sin embargo, nuestro reticente héroe y su compinche Water se ven atrapados en un thriller con toques humorísticos muy al estilo de los hermanos Coen donde se mezclan la extorsión, la traición, la decepción, el chantaje, el sexo y las drogas.",1998-03-06,Comedia,7.838
Aterriza como puedas,"El vuelo 209 de la Trans American sale de Los Ángeles con destino a Chicago. Entre el pasaje se encuentran una serie de curiosos personajes. Entre ellos, un ex-piloto de combate que, en pleno vuelo, se verá obligado a hacerse con el mando del avión comercial, tras quedar los pilotos indispuestos por una comida en mal estado.",1980-06-27,Comedia,7.307
Princesa por sorpresa,"La vida de Mia Thermopolis, una tímida adolescente que vive en San Francisco, da un vuelco cuando averigua que es la heredera del trono del diminuto principado europeo de Genovia. Su estricta y sabia abuela, la Reina Clarisse Renaldi, irrumpe entonces en su vida con la intención de prepararla para ser princesa, pero Mia no tiene la menor intención de dejar su vida para gobernar un país tan lejano. La reticente princesa se enfrenta al dilema más importante de su vida: seguir con su familia o aceptar sus responsabilidades como princesa.",2001-08-03,Comedia,7.0
Lift: Un robo de primera clase,Un ladrón y su banda se preparan para dar un golpe de altura: robar 500 millones de dólares en oro de una caja fuerte... ¡a bordo de un avión a 9000 m de altitud!,2024-01-10,Comedia,6.424
Angry Birds: La película,"Basada en la colección de videojuegos ""Angry Birds"", la historia se desarrolla en una isla poblada por aves felices que no vuelan. En este paraíso, Red, un pájaro con muy mal genio, el veloz Chuck y el volátil Bomb nunca han terminado de encajar. Pero cuando llegan a la isla unos misteriosos cerdos verdes, serán estos tres marginados los que averigüen qué traman los extraños visitantes.",2016-05-11,Comedia,6.27
La Patrulla Canina: La superpelícula,"Cuando un meteorito mágico se estrella en Ciudad Aventura, los cachorros de la Patrulla Canina consiguen unos superpoderes que los transforman en ¡Los PODEROSOS CACHORROS! Para Skye, la más pequeña del equipo, sus nuevos poderes son un sueño hecho realidad. Pero las cosas se complican cuando Humdinger, el archienemigo de los cachorros que acaba de fugarse de la cárcel, se une a Victoria Vance, una desquiciada científica obsesionada con los meteoritos, y forman una alianza para robar los superpoderes y convertirse en supervillanos. Con el destino de Ciudad Aventura al filo del abismo, los Poderosos Cachorros tendrán que detener a los supervillanos antes de que sea demasiado tarde, y Skye descubrirá que hasta la más pequeña del equipo puede ser la que determine el resultado.",2023-09-21,Comedia,6.9
蜜桃成熟時,,1993-04-17,Comedia,6.413
Juntos y revueltos,"Un hombre y una mujer va un resort con sus respectivas familias y no pueden ocultar su sorpresa al verse el uno al otro. Ya se conocían, había tenido una cita a ciegas hace algún tiempo, una cita cuyo resultado no había sido para nada satisfactorio. No obstante, contra todo pronóstico, la tracción que entonces no sintieron hace ahora su aparición. Pero ellos no son los únicos que se ven beneficiados por esto, sus hijos también saben sacar partido a la situación, convirtiendo la creciente relación en algo de lo que pueden sacar provecho.",2014-05-21,Comedia,6.896
Kissing Is the Easy Part,"Sean, uno de los mejores estudiantes, acepta ser tutor de la rebelde Flora para obtener una carta de recomendación universitaria. Su creciente atracción complica más que solo sus metas académicas.",2026-02-13,Comedia,7.7
Hora punta 3,"El corazón de París esconde un secreto mortal. Al otro lado del mundo, en Los Ángeles, el embajador Han está a punto de divulgar ese secreto. Tiene en su poder información sobre los mecanismos internos de las Tríadas, el sindicato del crimen más poderoso y más conocido del mundo. El embajador ha descubierto la identidad de Shy Shen, elemento clave del vasto anillo del crimen, y está a punto de revelarlo al Tribunal Penal Mundial, hasta que la bala de un asesino lo silencia para siempre. Las Tríadas harán cualquier cosa para asegurarse de que sus secretos permanezcan enterrados, y solamente existe una esperanza para poder detenerlos… El detective Carter, del departamento de policía de Los Ángeles, y el inspector chino Lee viajan a París para detener una conspiración criminal a nivel global y para salvar la vida de un viejo amigo: la hija del embajador Han, Soo Yung.",2007-08-08,Comedia,6.497
La LEGO película,"Película basada en los clásicos juguetes LEGO. Emmet, el protagonista de la película, trabaja como constructor en la ciudad Lego, pero sus conocimientos de construcción no van más allá de colocar las fichas atendiendo pormenorizadamente las instrucciones de edificación. Sin embargo, sin saber cómo ni por qué, Emmet es confundido con un 'MasterBuilder' e introducido como cabecilla de una misión que tiene por objetivo evitar que un malvado acabe con la ciudad de bloques. Por suerte, los habitantes de tan atípico lugar no están solos. Los mismísimos Superman y Batman han tomado la forma de muñecos Lego para tomar parte de esta gran aventura.",2014-02-06,Comedia,7.43
"¡Silencio, por favor!","Spike (a veces llamado Killer o Butch), el perro enemigo de Tom, intenta dormir la siesta, pero las ruidosas persecuciones del gato y el ratón se lo impiden. Spike le advierte a Tom que si lo vuelven a despertar lo despellejará vivo.",1945-12-22,Comedia,7.3
Kobayashi-san Chi no Maid Dragon: Samishigariya no Ryuu,"La vida pacífica de la señorita Kobayashi, Tohru, Kanna e Iruru se ve truncada cuando el padre de Kanna, Kamun Kamui, líder de las Fuerzas del Caos, llega y la obliga a regresar al Mundo Dragón para enmendar un error del pasado. Con una guerra inminente entre el Caos y la Armonía, Kanna debe encontrar la forma de unir ambos mundos, pero se debate entre su lealtad a sus amigos y las exigencias de su padre. La señorita Kobayashi, sin embargo, se niega a dejarla ir e intenta reparar el vínculo roto entre Kanna y Kamui. Mientras los dragones se enfrentan, Iruru descubre una fuerza oculta que manipula la guerra. ¿Podrán detenerla antes de que consuma ambos mundos?",2025-06-27,Comedia,8.6
El bebé jefazo: Negocios de familia,"Los hermanos Templeton se han convertido en adultos y se han alejado el uno del otro, pero un nuevo jefe bebé con un enfoque de vanguardia está a punto de unirlos nuevamente e inspirar un nuevo negocio familiar.",2021-07-01,Comedia,7.3
Jennifer's Body,"Devil's Kettle es una pequeña ciudad de los Estados Unidos, donde Jennifer y Needy son amigas desde la infancia y viven juntas. Un día, las chicas van a un bar donde toca un nuevo grupo de rock, y allí se produce un inesperado accidente. Tras provocarse un gran incendio, muchos de los asistentes no consiguen sobrevivir, pero las chicas logran escapar. A partir de entonces, Jennifer será poseída por unas fuerzas malévolas que la impulsarán a cometer asesinatos... principalmente a aquellos que intenten seducirla.",2009-09-18,Comedia,6.0
El Grinch,"El Grinch, la película de animación basada en el popular clásico navideño del Dr. Seuss, cuenta la historia de un cínico cascarrabias que se propone robar la Navidad hasta que el desbordante espíritu navideño de una niña le hace cambiar de opinión. Divertida, enternecedora y visualmente impactante, se trata de una historia universal sobre el indómito poder del optimismo.",2018-11-08,Comedia,6.865
No mires arriba,Dos astrónomos emprenden una gira mediática para avisar a la humanidad de un cometa que va a impactar con la Tierra. ¿Cuál es la respuesta de un mundo apático? «¡Bah!».,2021-12-08,Comedia,7.064
Fuerza Bruta: Sin salida,"El detective Ma Seok-do cambia su afiliación de la comisaría de Geumcheon al Equipo de Investigación Metropolitana, para erradicar a los gánsteres japoneses que ingresan a Corea para cometer crímenes atroces.",2023-05-31,Comedia,7.2
Bee Movie,"Una abeja llamada Barry B. Benson (Jerry Seinfeld) acaba de graduarse en la Universidad, pero le invade la desilusión cuando comprende que solo tiene una opción profesional, la miel. Sale por primera vez de la colmena y transgrede una de las reglas cardinales del mundo de las abejas al hablar con un ser humano, una florista de Nueva York llamada Vanessa (Renée Zellweger). Se queda atónito al descubrir que los humanos llevan siglos robando la miel de las abejas y entiende que su auténtica vocación es restablecer el orden de las cosas y demandar a las raza humana por robar la miel.",2007-10-28,Comedia,6.047
齊天大 “性”：大鬧女兒國,,2003-09-12,Comedia,5.5
Welcome to the Jungle,,2026-06-25,Comedia,0.0
La ciudad perdida,Una solitaria novelista romántica de gira con el modelo de la portada de su último libro se ve envuelta en un intento de secuestro que llevará a ambos a una feroz aventura en la jungla.,2022-03-23,Comedia,6.456
Dhamaal 4,,2026-07-10,Comedia,0.0
La ciudad perdida,Una solitaria novelista romántica de gira con el modelo de la portada de su último libro se ve envuelta en un intento de secuestro que llevará a ambos a una feroz aventura en la jungla.,2022-03-23,Comedia,6.456
El Grinch,"El Grinch, la película de animación basada en el popular clásico navideño del Dr. Seuss, cuenta la historia de un cínico cascarrabias que se propone robar la Navidad hasta que el desbordante espíritu navideño de una niña le hace cambiar de opinión. Divertida, enternecedora y visualmente impactante, se trata de una historia universal sobre el indómito poder del optimismo.",2018-11-08,Comedia,6.865
Hombres de negro II,El agente J es enviado para encontrar al agente K y devolverle la memoria tras la reaparición de un caso del pasado de K.,2002-07-03,Comedia,6.388
Ice Age. Las aventuras de Buck,"Continúa contando las hilarantes aventuras de uno de los mamíferos favoritos de la prehistoria. Tras un distanciamiento con su hermana mayor, Ellie, los hermanos Crash y Eddie parten a la búsqueda de un lugar propio, pero rápidamente acaban atrapados en una caverna subterránea. El aventurero Buck Wild acudirá a su rescate y juntos, tendrán que enfrentarse a los dinosaurios del Mundo Perdido.",2022-01-28,Comedia,6.6
滅門慘案之孽殺,La policía sospecha de un joven adolescente que fue maltratado horriblemente por su familia y violado por su padre de por fin asesinarlos y matarlos a todos.,1993-10-28,Comedia,5.5
Aterriza como puedas,"El vuelo 209 de la Trans American sale de Los Ángeles con destino a Chicago. Entre el pasaje se encuentran una serie de curiosos personajes. Entre ellos, un ex-piloto de combate que, en pleno vuelo, se verá obligado a hacerse con el mando del avión comercial, tras quedar los pilotos indispuestos por una comida en mal estado.",1980-06-27,Comedia,7.3
Juntos y revueltos,"Un hombre y una mujer va un resort con sus respectivas familias y no pueden ocultar su sorpresa al verse el uno al otro. Ya se conocían, había tenido una cita a ciegas hace algún tiempo, una cita cuyo resultado no había sido para nada satisfactorio. No obstante, contra todo pronóstico, la tracción que entonces no sintieron hace ahora su aparición. Pero ellos no son los únicos que se ven beneficiados por esto, sus hijos también saben sacar partido a la situación, convirtiendo la creciente relación en algo de lo que pueden sacar provecho.",2014-05-21,Comedia,6.896
George de la jungla,"En lo más profundo de la jungla africana los gorilas han criado a un bebé, George. Crecerá para ser el más valiente rey de la jungla. George va de un árbol a otro llevándose por delante todo lo que está en su camino. Pero cuando una bella mujer llamada Úrsula, procedente de la civilización, irrumpe en el mundo de George, éste perderá definitivamente el control. Dejando atrás la jungla y todos sus salvajes amigos, incluidos Mono, un gorila que habla, y Shep, un elefante que aspira a ser un perro, George aterrizará en la ciudad de San Francisco.",1997-07-15,Comedia,5.664
Secretary,"Lee Holloway  tiene el peor de los currículum cuando decide solicitar un empleo de secretaria en el bufete de abogados de E. Edward Grey. Basta con decir que acaba de salir de una institución psiquiátrica y que, tan sólo un día después de volver a estar con su disfuncional familia de barrio periférico, ha recaído ya en su hábito secreto e inconfesable. Pese a que nunca en su vida ha tenido trabajo, Lee resulta finalmente contratada por el Sr. Grey, un misterioso abogado. Al principio el trabajo parece normal: mecanografiar cartas, archivar documentos y hacer el café; pero Lee y el Sr. Grey no tardan en embarcarse en una relación mucho más estrecha e íntima; una relación que haría sonrojar a cualquier jefe de personal.",2002-09-20,Comedia,6.8
Las aventuras de Bo Peep,Bo Peep tiene un gran regreso y finalmente contesta las preguntas sobre dónde ha estado desde la última vez que la vimos en 'Toy Story 2'.,2020-01-31,Comedia,7.1
El ministerio de la Guerra Sucia,El ejército británico recluta a un pequeño grupo de soldados de élite para atacar a los nazis detrás de las líneas enemigas durante la Segunda Guerra Mundial.,2024-04-18,Comedia,7.016
Como Dios,"Tras pasar el peor día de su vida, el descontento reportero de televisión Bruce Nolan consigue un poder divino, pues recrimina a Dios a que no tiene ni idea de cómo está llevando ""el asunto"". Ante tal desafío, Dios decide darle todos sus poderes para ver si es capaz de hacerlo mejor que Él.",2003-05-23,Comedia,6.727
La loca historia de las galaxias,"La princesa Vespa (Daphne Zuniga) decide huir justo antes de su boda con el príncipe Valium (JM J. Bullock), para ello se lleva a su robot Dot Matrix (Lorene Yarnell) y una pequeña nave espacial. Ante esto su padre, el rey Roland de Druidia (Dick Van Patten) ofrece una recompensa a quien encuentre a su hija. La recompensa interesa mucho a Lone Starr (Bill Pullman) y a su ayudante Vomito Barf (John Candy) que deben mucho dinero a un delincuente llamado Pizza el Hutt (Dom DeLuise). En su huida la princesa Vespa es interceptada por la nave del malvado Lord Casco Oscuro (Rick Moranis) que trabaja para el presidente del planeta Spaceballs (Mel Brooks), que ansía el aire puro del planeta Druidia. Lone Starr, con la ayuda del maestro Yogurt (Mel Brooks), que le enseña a usar la suerte, debe rescatar a la princesa y acabar con los Spaceball",1987-06-24,Comedia,6.9
Encantada: La historia de Giselle,"Narra la odisea que debe vivir la bella princesa Giselle, que es transportada por un hechizo de la malvada reina desde su mágico mundo a la moderna y caótica Manhattan actual. Inmersa en un entorno en el que el ""fueron felices y comieron perdices"" no funciona, deambula por un mundo caótico que necesita urgentemente unos cuantos hechizos. Sin embargo, Giselle se enamora de un abogado divorciado, encantador pero nada perfecto que decide ayudarla. A pesar de que en su mundo está prometida al príncipe de cuento de hadas, la joven princesa se hará la siguiente pregunta: ¿Su visión del amor ideal tiene futuro en el mundo real?",2007-11-20,Comedia,6.8
Puñales por la espalda: El misterio de Glass Onion,"Cuando el multimillonario Miles Bron invita a algunos de sus allegados a una escapada a su isla griega privada, pronto queda claro que no todo es perfecto en el paraíso. Y cuando alguien aparece muerto, ¿quién mejor que Benoit Blanc para desentrañar todas las capas del misterio?",2022-11-23,Comedia,7.031
La teta y la luna,"Tete es un niño extraño y enigmático al que le gusta hablar con la luna. Ya que no soporta a su nuevo hermano, sueña con beber otra vez de la leche del pecho de su madre en su lugar. Le pedirá entonces a la luna que le brinde una teta sólo para él.",1994-03-29,Comedia,6.255
Cómo perder a un chico en 10 días,"Andie Anderson es una periodista que debe terminar un reportaje poco usual y dispone tan sólo de diez días. Se trata de escribir, basándose en experiencias de primera mano, sobre las cosas que las mujeres hacen sin querer y que provocan el alejamiento de los hombres. Para ello tiene que conseguir que un chico se enamore de ella y luego cometer todos los errores posibles para que la deje. El hombre elegido es el cotizado soltero Benjamin Barry, que precisamente acaba de apostar con el director de la agencia de publicidad en la que trabaja que es capaz de hacer que una mujer se enamore de él en diez días.",2003-02-07,Comedia,6.868
Terminagolf 2,"Happy, ya retirado del golf profesional, regresa al circuito no por gloria sino para financiar la escuela de danza de su hija, Viena.",2025-07-25,Comedia,6.5
Noche en el museo: El secreto del faraón,"La tabla de Ahkmenrah, la que hace que las estatuas de los museos cobren vida, está perdiendo su magia. En un intento desesperado para proteger el valioso tesoro, Larry Daley viajará junto a sus amigos Theodore Roosevelt -Robin Williams en su última película-, el faraón Ahkmenrah, Atila, Jebediah Smith, Augustus Octavius y Sacagawea desde Nueva York hasta Londres. Allí intentarán contactar con alguien del Museo de Londres que les ayude a restaurar la magia y conocerán a Sir Lancelot y otros personajes del antiguo Egipto.",2014-12-17,Comedia,6.2
Ratónpolis,"No cabe duda de que Roddy es una «rata de la alta sociedad» que vive como un rey en un piso de Kensington atendido por dos mayordomos, los hámsteres Gilbert y Sullivan. Pero cuando una vulgar rata de alcantarilla llamada Sid aparece por la pila de la cocina y decide que esto es jauja, a Roddy no le queda más remedio que deshacerse del intruso atrayéndole hacia el «remolino».",2006-10-22,Comedia,6.3
La vida secreta de Walter Mitty,"Remake de ""La vida secreta de Walter Mitty"", película estrenada en 1947 y que fue dirigida por Norman Z. McLeod. La historia se basaba en un relato de James Thurber que giraba en torno al tímido empleado de una editorial que consigue evadirse de su gris existencia imaginando que es el héroe de grandes aventuras; un día, su sueño se hace realidad cuando conoce a una misteriosa mujer que le implica en una peligrosa misión.",2013-12-18,Comedia,7.225
El becario,"La joven dueña de un exitoso negocio online dedicado a la moda no se toma demasiado bien el hecho de que la compañía contrate como becario a un hombre de 70 años, pero eso irá cambiando progresivamente, ya que poco a poco el hombre comienza a convertirse en alguien indispensable.",2015-09-23,Comedia,7.231
No mires arriba,Dos astrónomos emprenden una gira mediática para avisar a la humanidad de un cometa que va a impactar con la Tierra. ¿Cuál es la respuesta de un mundo apático? «¡Bah!».,2021-12-08,Comedia,7.064
Resacón 2: ¡Ahora en Tailandia!,"Phil, Stu, Alan y Doug viajan a la exótica Tailandia para la boda de Stu. Con el recuerdo de la desastrosa despedida de soltero en Las Vegas aún vivo en su memoria - o al menos bien documentado -, Stu no deja nada al azar. Ha optado por un brunch preboda seguro y tranquilo con tortitas, café, y sin alcohol... Sin embargo, las cosas no siempre salen como se piensa. Dos noches antes del gran día, en un fabuloso resort de Tailandia, Stu cede. Una cerveza para cada uno. En botellas cerradas, ¿qué podría pasar?Lo que ocurre en Las Vegas se queda en Las Vegas, pero lo que ocurre en Bangkok resulta difícil de imaginar.",2011-05-25,Comedia,6.508
Porno,"Cinco adolescentes empleados de un cine en una pequeña localidad cristiana descubren una misteriosa película oculta en el sótano que desata un súcubo que les enseña educación sexual, escrita en sangre.",2019-06-28,Comedia,5.993
El gato con botas,"Mucho antes de que conociera a Shrek, el conocido espadachín, amante y fuera de la ley Gato con Botas se convierte en un héroe al emprender una aventura junto a la dura y espabilada Kitty Zarpassuaves y el astuto Humpty Dumpty para salvar a su pueblo. Complicándoles las cosas por el camino están los infames forajidos Jack y Jill, que harán cualquier cosa para que Gato y su banda no lo consigan.",2011-10-27,Comedia,6.601
La iniciación (Las hazañas de un joven Don Juan),La película describe el despertar sexual y las aventuras de un adolescente Roger durante la época del estallido de la Primera Guerra Mundial.,1986-11-04,Comedia,6.102
Click,"Michael Newman (Adam Sandler), un arquitecto muy ocupado que trata de progresar y tener tiempo para su mujer Donna (Kate Beckinsale) y sus dos hijos, compra un mando a distancia que parece que no sólo le permite controlar su televisión y su estéreo, sino, virtualmente, toda su vida. Rápidamente, Michael se vuelve adicto a este torrente de poder...",2006-06-23,Comedia,6.308
Batman: La LEGO película,"Spin-off de ""La LEGO Película"", protagonizado por Batman. En esta ocasión, el irreverente Batman, que también tiene algo de artista frustrado, intentará salvar la ciudad de Gotham de un peligroso villano, el Joker. Pero no podrá hacerlo solo, y tendrá que aprender a trabajar con sus demás aliados.",2017-02-08,Comedia,7.249
Los ángeles de Charlie,"Una peculiar agencia de detectives dirigida por el multimillonario Charlie tiene en sus filas a Natalie (Cameron Diaz), Dylan (Drew Barrymore) y Alex (Lucy Liu), tres expertas en artes marciales, en disfraces y en la más avanzada tecnología. Juntas tendrán que ocuparse de un caso muy importante: el secuestro del genio de la informática Eric Knox (Sam Rockwell) por su rival Roger Corwin (Tim Curry). Si no consiguen liberarlo, quedaría destruida la intimidad de todo el mundo, incluido Charlie, su misterioso jefe.",2000-11-02,Comedia,5.853
Encantada: La historia de Giselle,"Narra la odisea que debe vivir la bella princesa Giselle, que es transportada por un hechizo de la malvada reina desde su mágico mundo a la moderna y caótica Manhattan actual. Inmersa en un entorno en el que el ""fueron felices y comieron perdices"" no funciona, deambula por un mundo caótico que necesita urgentemente unos cuantos hechizos. Sin embargo, Giselle se enamora de un abogado divorciado, encantador pero nada perfecto que decide ayudarla. A pesar de que en su mundo está prometida al príncipe de cuento de hadas, la joven princesa se hará la siguiente pregunta: ¿Su visión del amor ideal tiene futuro en el mundo real?",2007-11-20,Comedia,6.8
Fuerza Bruta: Sin salida,"El detective Ma Seok-do cambia su afiliación de la comisaría de Geumcheon al Equipo de Investigación Metropolitana, para erradicar a los gánsteres japoneses que ingresan a Corea para cometer crímenes atroces.",2023-05-31,Comedia,7.2
La muerte del unicornio,"Padre e hija, Ridley y Elliot, atropellan a un unicornio con su coche y lo llevan al refugio, en medio de la naturaleza, de un multimillonario director de una farmacéutica.",2025-03-17,Comedia,6.403
50 primeras citas,"Henry Roth (Adam Sandler) es un veterinario marino que vive en Hawái y sale con muchas mujeres. Un día conoce a Lucy Whitmore (Drew Barrymore), una artista que tiene amnesia y no recuerda nada al día siguiente. Henry se enamora de ella y trata de hacer que se enamore de él cada día, inventando nuevas formas de llamar su atención. Pero tendrá que enfrentarse a varios obstáculos, como el ex novio de Lucy, el padre de ella y el olvido de la chica.",2004-02-13,Comedia,6.875
Bienvenidos a Zombieland,"En un mundo plagado de zombis, Columbus es un gallina, un joven que se encuentra aterrorizado por la situación, pero cuando te juegas el ser comido por los zombies, el miedo puede mantenerte vivo. De hecho su cobardía precisamente le ha permitido que sus sesos aún se mantengan en su cabeza. Entonces un día conoce a Tallahassse, un macarra caza zombies cuya única determinación en su vida es lograr el último Twinkie (dulce americano) en la tierra. Cuando ambos unen fuerzas con Wichita y Little Rock, que también han encontrado una manera original de sobrevivir en ese caos, tendrán que elegir qué es peor: si confiar los unos en los otros para sobrevivir o sucumbir ante los zombies.",2009-10-02,Comedia,7.259
มนต์รักวัวชน,,2022-06-29,Comedia,3.7
Kissing Is the Easy Part,"Sean, uno de los mejores estudiantes, acepta ser tutor de la rebelde Flora para obtener una carta de recomendación universitaria. Su creciente atracción complica más que solo sus metas académicas.",2026-02-13,Comedia,7.7
Infiltrados en clase,"Dos jóvenes agentes de la ley se hacen pasar por alumnos de instituto para desarticular una red de narcotráfico. Schmidt y Jenko fueron enemigos en el colegio pero, cuando años más tarde se reencuentran en la academia de policía, terminan haciéndose amigos. Puede que no sean los mejores agentes, pero les llega su gran oportunidad de demostrar lo que valen cuando se unen a la unidad de la policía secreta Jump Street, comandada por el capitán Dickson. Entonces cambian sus armas e insignias por las mochilas y utilizan su apariencia juvenil para infiltrarse en un instituto. El problema es que los jóvenes de hoy no se parecen en nada a los de años atrás, y Schmidt y Jenko descubren que todo lo que creían saber sobre la adolescencia, el sexo, las drogas y el rock and roll era completamente erróneo.",2012-03-14,Comedia,6.887
लक्ष्मी,,2020-11-09,Comedia,4.414
Ella es el chico,"Viola Hastings es una gran futbolista, pero el equipo femenino ha sido cancelado y pide jugar en el masculino. Cuando su solicitud es rechazada de malas formas, decide hacerse pasar por su hermano gemelo, Sebastian, para entrar al equipo masculino de la escuela rival en la que ella solía jugar. Una vez allí, las complicaciones no paran de llegar. Se enamora de su apuesto compañero de cuarto, Duke, que adora a la bella Olivia, que se ha enamorado de Sebastian, el cual es la misma Viola disfrazada de su hermano. Como si eso no fuera suficiente, Sebastian regresa antes de lo previsto, pero no tiene ni idea de que su hermana ya lo ha reemplazado en el campus.",2006-03-17,Comedia,6.817
राहु केतु,,2026-01-16,Comedia,3.75
Bienvenidos a Zombieland,"En un mundo plagado de zombis, Columbus es un gallina, un joven que se encuentra aterrorizado por la situación, pero cuando te juegas el ser comido por los zombies, el miedo puede mantenerte vivo. De hecho su cobardía precisamente le ha permitido que sus sesos aún se mantengan en su cabeza. Entonces un día conoce a Tallahassse, un macarra caza zombies cuya única determinación en su vida es lograr el último Twinkie (dulce americano) en la tierra. Cuando ambos unen fuerzas con Wichita y Little Rock, que también han encontrado una manera original de sobrevivir en ese caos, tendrán que elegir qué es peor: si confiar los unos en los otros para sobrevivir o sucumbir ante los zombies.",2009-10-02,Comedia,7.259
American Pie presenta: Band Camp,"Matt, el hermano pequeño de Stifler, es condenado a pasar un verano en el inmundo campamento de la banda de música, donde hace de las suyas con cámaras ocultas y ardientes tutores. Pero, cuando se queda prendado de su compañera de banda, Elyse, su empeño por maquillar sus rudos modales tiene resultados imprevistos. El padre de Jim vuelve como estrafalario tutor para intentar devolver al redil al descarriado hermano menor de Stifler.",2005-11-23,Comedia,5.468
The Gentlemen: Los señores de la mafia,Un capo de la droga con un marcado estilo británico intenta vender su imperio a una dinastía de multimillonarios procedentes de Oklahoma.,2020-01-01,Comedia,7.7
Angry Birds 2: La película,"En esta nueva aventura, tanto los cerdos como los pájaros tendrán que aunar sus fuerzas para hacer frente a Zeta. Zeta ha venido desde su isla helada en busca de un lugar más cómodo para vivir, pero su llegada está a punto de poner la vida de Red, Chuck, Bomb, Leonard y compañía patas arriba.",2019-08-02,Comedia,7.054
Sex is zero,"Narra la historia de Eun-shik, un estudiante locamente enamorado de una chica, y que, a pesar de todos sus esfuerzos para estar con ella, se encuentra siempre en situaciones de lo más enrevesadas, todo ello ayudado de su grupo de amigos, a cada cual más loco y pervertido.",2002-12-12,Comedia,6.203
"Tropic Thunder, ¡una guerra muy perra!","En la selva del sureste de Asia se rueda una superproducción sobre la guerra de Vietnam en la que intervienen varias estrellas: Kirk Lazarus, un actor que ha ganado tres Oscar; Jeff Portnoy, estrella de una popular y grosera saga de películas, Alpa Chino, estrella del hip-hop metido a actor, y el novato Kevin Sandusky. A medida que avanza el rodaje, las cosas van de mal en peor, sobre todo para Damien, el director de la cinta. Llega un momento en que los actores, perdidos en mitad de la jungla, llegan a creer que Damien sigue rodando con cámaras ocultas; lo cierto es que están realmente perdidos y tienen que enfrentarse a una verdadera guerra y actuar como si fueran auténticos soldados si quieren salir con vida de ese infierno.",2008-08-09,Comedia,6.718
Agak Laen: Menyala Pantiku!,,2025-11-27,Comedia,8.7
Kingsman: El círculo de oro,"Cuando se produce un ataque contra el cuartel general de Kingsman y un nuevo villano se levanta, Eggsy y Merlin se ven obligados a trabajar junto con la agencia americana conocida como el Statesman para salvar al mundo.",2017-09-20,Comedia,6.945
Sex Weather,,2018-10-01,Comedia,5.592
Italiana,"Anna, una joven que ha dejado atrás su sueño de ser chef, viaja impulsivamente a la Toscana tras conocer a Matteo, dueño de una villa vacía. Cuando la madre de él aparece inesperadamente, Anna finge ser su prometida. La mentira se complica aún más con la llegada de Michael, cuyo inesperado vínculo con Anna podría cambiarlo todo.",2026-04-09,Comedia,7.429
El gato con botas,"Mucho antes de que conociera a Shrek, el conocido espadachín, amante y fuera de la ley Gato con Botas se convierte en un héroe al emprender una aventura junto a la dura y espabilada Kitty Zarpassuaves y el astuto Humpty Dumpty para salvar a su pueblo. Complicándoles las cosas por el camino están los infames forajidos Jack y Jill, que harán cualquier cosa para que Gato y su banda no lo consigan.",2011-10-27,Comedia,6.601
Ratónpolis,"No cabe duda de que Roddy es una «rata de la alta sociedad» que vive como un rey en un piso de Kensington atendido por dos mayordomos, los hámsteres Gilbert y Sullivan. Pero cuando una vulgar rata de alcantarilla llamada Sid aparece por la pila de la cocina y decide que esto es jauja, a Roddy no le queda más remedio que deshacerse del intruso atrayéndole hacia el «remolino».",2006-10-22,Comedia,6.3
¡Shazam! La furia de los dioses,"Billy Batson y sus hermanos adoptivos, que se transforman en superhéroes al decir ""¡Shazam!"", se ven obligados a volver a la acción y luchar contra las Hijas de Atlas, a quienes deben evitar que use un arma que podría destruir el mundo.",2023-03-15,Comedia,6.418
Resacón 2: ¡Ahora en Tailandia!,"Phil, Stu, Alan y Doug viajan a la exótica Tailandia para la boda de Stu. Con el recuerdo de la desastrosa despedida de soltero en Las Vegas aún vivo en su memoria - o al menos bien documentado -, Stu no deja nada al azar. Ha optado por un brunch preboda seguro y tranquilo con tortitas, café, y sin alcohol... Sin embargo, las cosas no siempre salen como se piensa. Dos noches antes del gran día, en un fabuloso resort de Tailandia, Stu cede. Una cerveza para cada uno. En botellas cerradas, ¿qué podría pasar?Lo que ocurre en Las Vegas se queda en Las Vegas, pero lo que ocurre en Bangkok resulta difícil de imaginar.",2011-05-25,Comedia,6.508
El príncipe de Zamunda,El principe Akeen del africano reino de Zamunda cumple veintiún años. Su futura esposa ya ha sido elegida por el rey y es presentada en la corte. Akeen decide ir a Norteamérica para buscar novia de su gusto. Un barrio marginal de Nueva York será su morada.,1988-06-29,Comedia,6.9
Mamma Mia! La película,"Versión cinematográfica del popular musical de ABBA. Una joven que ha crecido en una pequeña isla griega, ha sido educada por una madre rebelde y poco convencional, que siempre se ha negado a revelarle la identidad de su padre. Cuando, por fin, parece que la joven está a punto de saberlo, aparecen tres posibles candidatos.",2008-07-03,Comedia,6.969
La muerte del unicornio,"Padre e hija, Ridley y Elliot, atropellan a un unicornio con su coche y lo llevan al refugio, en medio de la naturaleza, de un multimillonario director de una farmacéutica.",2025-03-17,Comedia,6.403
Chungking Express,"Dos historias de amor independientes que se desarrollan en el popular barrio turístico de Tsimhatsui, en Hong Kong. La primera describe el fugaz encuentro entre un joven policía en plena crisis amorosa y una misteriosa mujer fatal traficante de drogas. La segunda se centra en el singular romance entre un solitario y sencillo agente de policia y la joven camarera del pobre bar donde aquél suele comer.",1994-07-14,Comedia,8.0
Bolt,"Para el super-perro Bolt todos los días están llenos de aventuras, peligros e intriga -al menos hasta que las cámaras dejan de grabar, ya que es el protagonista de un famoso programa de televisión-. Pero cuando la estrella canina del gran éxito televisivo es enviada accidentalmente desde sus estudios de Hollywood a Nueva York, comienza su mayor aventura en un viaje campo a través por el mundo real. Bolt está convencido de que todos sus increíbles poderes y hazañas son reales.",2008-11-21,Comedia,6.543
¿En qué piensan las mujeres?,"El ejecutivo de publicidad Nick Marshall es un arrogante machista, pero ¿qué pasa con un hombre machista, cuando de repente escucha lo que piensan las mujeres? Nick no consiguió un ascenso que daba por seguro, porque se lo dieron a una mujer: Darcy. Pero después de un accidente, es capaz de oír los pensamientos de las mujeres, y utiliza este talento para trabajar contra Darcy, su nueva jefa.",2000-12-15,Comedia,6.453
ఉస్తాద్ భగత్ సింగ్,,2026-03-18,Comedia,5.75
Atrapado en el tiempo,"Phil, hombre del tiempo de una cadena de televisión, es enviado un año más a Punxstawnwey, a cubrir la información del festival de El día de la marmota. En el viaje de regreso, Phil y su equipo se ven sorprendidos por una tormenta que les obliga a regresar a la pequeña ciudad. A la mañana siguiente, al levantarse, Phil escucha en el radiodespertador el mismo programa que la mañana anterior.",1993-02-11,Comedia,7.6
Malicia,"En un piso de Catania, en los años cincuenta se reúnen muchas personas de luto por la muerte de la esposa de Ignazio La Brocca, dueño de una próspera sastrería y padre de tres hijos.Entre los presentes hay una joven, Angela La Barbera, que precisamente ese día iba a empezar a trabajar como interina para la familia. El viudo y los tres hijos pronto se acostumbran a los cuidados dulces y atentos de la nueva presencia femenina.El viudo no consigue resistir a la tentación y decide casarse con ella a pesar del poco tiempo transcurrido desde la muerte de su mujer. Además de la presencia dominante de un gran retrato de la primera esposa, otro obstáculo para la unión es el hijo Nino, totalmente obsesionado por la mujer. Entre los dos se va instaurando una relación maliciosa y cruel, en la que Angela se presta a los juegos eróticos del adolescente con tal de conseguir el consenso para casarse con su padre.",1973-03-29,Comedia,7.322
Rosebush Pruning,,2026-04-23,Comedia,7.4
Lost in Translation,"Bob Harris y Charlotte son dos norteamericanos que se encuentran en Tokio. Bob es una estrella de cine de mediana edad que ha venido a rodar un anuncio. Charlotte es una mujer joven que acompaña a todas partes a su marido, un fanático del trabajo. Incapaces de dormir, los caminos de Bob y Charlotte se cruzan por casualidad y no tardará en nacer entre ellos una sorprendente amistad. Se aventuran juntos en la vida nocturna de Tokio, comparten inolvidables experiencias con los habitantes de la ciudad y terminan descubriendo una nueva manera de ver la vida.",2003-09-18,Comedia,7.382
Gremlins,"Rand es un viajante que un día regala a su hijo Billy una tierna y extraña criatura, un mogwai. El inocente regalo, sin embargo, será el origen de toda una ola de gamberradas y fechorías en un pequeño pueblo de Estados Unidos. Todo empieza cuando son infringidas, una tras otra, las tres reglas básicas que deben seguirse para cuidar a un mogwai: no darle de comer después de medianoche, no mojarlo y evitar que le dé la luz del Sol.",1984-06-08,Comedia,7.143
Scott Pilgrim contra el mundo,Scott Pilgrim deberá derrotar a los malévolos siete ex novios de su nueva novia para ganarse su corazón.,2010-08-12,Comedia,7.486
Dos buenos tipos,"Ambientada en Los Ángeles durante los años 70. El detective Holland March y el matón a sueldo Jackson Healy se ven obligados a colaborar para resolver varios casos: la desaparición de una joven, la muerte de una estrella porno y una conspiración criminal que llega hasta las altas esferas.",2016-05-15,Comedia,7.1
Aquellas Juergas Universitarias,"Un trío de amigos treintañeros, ansiosos por recuperar los tiempos de diversión escandalosa e irresponsable de sus años de universidad, decide empezar, de nuevo, su propia fraternidad fuera del campus. Estos tres amigos son Mitch, Frank y Beanie, cuyas vidas no son exactamente lo que se esperaban; Mitch tiene una novia ninfómana que se mete en la cama con el primero que agarra. Frank se ha casado y su matrimonio nada tiene que ver con las juergas salvajes que organizaba años atrás. Y Beanie es un padre de familia que se muere por recuperar su alocada juventud. Pero las cosas cambian cuando Beanie sugiere que creen su propia fraternidad, en la nueva casa que Mitch tiene junto al campus de la universidad. Una ocasión para revivir tiempos gloriosos, hacer nuevos amigos y de volver a sus viejas, salvajes y desmadradas juergas de estudiantes.",2003-02-21,Comedia,6.634
Roofman: Un ladrón en el tejado,"La historia real de Jeffrey Manchester (Tatum), un criminal que asaltó más de 60 McDonald's entrando por un agujero que hacía en el techo en medio de la noche. Tras ser arrestado, escapó de prisión y vivió escondido en una tienda de Toys R Us durante aproximadamente seis meses.",2025-10-06,Comedia,7.1
Zombies Party,"La vida de Shaun es un callejón sin salida. Se pasa la vida en la taberna local con su amigo íntimo Ed, discute con su madre y descuida a su novia, Liz. Cuando Liz le deja plantado. Shaun decide, finalmente, poner su vida en orden. Tiene que reconquistar el corazón de su novia, enmendar sus relaciones con su madre y enfrentarse a las responsabilidades de un adulto.",2004-04-09,Comedia,7.544
भाभीजी घर पर हैं! फ़न ऑन द रन,,2026-02-06,Comedia,3.5
젊은 엄마,,2013-07-31,Comedia,5.0
Todo en un viernes (Friday),"A Craig (Ice Cube) lo han echado del trabajo por un presunto robo, de modo que su único plan para el viernes es pasarse las horas muertas en el porche de su casa con su amigo Smokey (Chris Tucker), que no hace más que fumarse la marihuana que ha de vender. (FILMAFFINITY)",1995-04-26,Comedia,7.147
Vampires of the Velvet Lounge,"Un seductor aquelarre de vampiros utiliza aplicaciones de citas para atraer a solteros desprevenidos a su decadente bar, hasta que coinciden accidentalmente con cazadores de vampiros. A medida que la noche se convierte en un caos sangriento, la seducción y la supervivencia chocan.",2026-03-20,Comedia,5.875
Robots,"Rodney Hojalata es un joven y genial inventor que sueña con hacer del mundo un lugar mejor. Cappy es una atractiva ejecutiva robot de la que Rodney se queda prendado al instante. Ratchet es el tirano corporativo; y luego está el Gran Soldador, un magistral inventor que ha perdido el norte … hasta que tropieza con el irreprimible soñador de Rodney. Además está un grupo de robots inadaptados conocidos como los Oxidados liderados por Manivela.",2005-03-10,Comedia,6.487
¡Shazam! La furia de los dioses,"Billy Batson y sus hermanos adoptivos, que se transforman en superhéroes al decir ""¡Shazam!"", se ven obligados a volver a la acción y luchar contra las Hijas de Atlas, a quienes deben evitar que use un arma que podría destruir el mundo.",2023-03-15,Comedia,6.418
Mary Poppins,"Reinado de Eduardo VII (1901-1910). Una familia inglesa formada por un padre banquero, una madre sufragista y dos niños rebeldes -que pretenden llamar la atención de su padre haciendo la vida imposible a todas las niñeras-, se verá alterada con la llegada de Mary Poppins, una institutriz muy especial, que desciende de las nubes empleando su paraguas como paracaídas. Debut y Oscar para Julie Andrews en este clásico del cine familiar que en su día batió récords de taquilla. Una niñera mágica y canciones pegadizas que harán las delicias de los más pequeños de la casa.",1964-12-17,Comedia,7.545
The Breadwinner,,2026-05-29,Comedia,6.667
Paul,"Un viajero espacial muy listillo llamado Paul (SETH ROGEN, The Green Hornet, Lío embarazoso) lleva sesenta años encerrado en una base militar ultrasecreta, aconsejando a los líderes mundiales acerca de otros alienígenas. Cuando empieza a darse cuenta de que ya no es tan útil y de que la mesa de disección se acerca peligrosamente, Paul decide escapar en la primera autocaravana que se detiene cerca de la base militar en el Área 51. Por suerte para él, en dicha autocaravana van dos terrícolas perfectamente dispuestos a rescatar y albergar a un alienígena con problemas.",2011-02-14,Comedia,6.744
Hotel Transilvania 2,"Todo parece mejorar en el Hotel Transilvania. La rígida norma establecida por Drácula de “sólo para monstruos” se ha suprimido y se aceptan también huéspedes humanos. Lo que preocupa al conde es que que su adorable nieto Dennis, medio humano y medio vampiro, no dé señal alguna de vampirismo. Aprovechando que Mavis ha ido a visitar a sus suegros humanos, Drácula recluta a sus amigos Frank, Murray, Wayne y Griffin para hacer que Dennis pase por un campamento de “entrenamiento de monstruos”. Lo que ignoran es que Vlad, el gruñón padre de Drácula, está a punto de llegar al hotel. Y cuando descubra que su bisnieto no es de sangre pura y que los humanos pueden frecuentar el establecimiento las cosas se complicarán.",2015-09-21,Comedia,6.765
El sueño americano,,2026-02-18,Comedia,7.46
La casa de muñecas de Gabby: La película,"Gabby decide irse de viaje con su abuela Gigi rumbo a la maravillosa ciudad de Cat Francisco. Pero cuando la casa de muñecas de Gabby, su posesión más preciada, acaba en manos de Vera, una excéntrica dama obsesionada con los gatos, Gabby emprende una aventura por el mundo real para volver a reunir a sus mininos y salvar la casa de muñecas antes de que sea demasiado tarde.",2025-09-13,Comedia,6.8
जवानी जान,,2020-01-31,Comedia,6.0
Hotel Transilvania 3: Unas vacaciones monstruosas,"Nuestra familia de monstruos favorita se embarca en un crucero de lujo para que por fin Drac pueda tomarse un descanso de proveer de vacaciones al resto en el hotel. Es una navegación tranquila para la pandilla de Drac, ya que los monstruos se entregan a toda la diversión a bordo que ofrece el crucero, desde el voleibol de monstruos y las excursiones exóticas, a ponerse al día con sus bronceados de luna. Pero las vacaciones de ensueño se convierten en una pesadilla cuando Mavis se da cuenta de que Drac se ha enamorado de la misteriosa capitana de la nave, Ericka, quien esconde un peligroso secreto que podría destruir a todos los monstruos.",2018-06-28,Comedia,6.9
Fantástico Sr. Fox,"Un astuto zorro llamado Fox (voz original de George Clooney) parece llevar una vida idílica con su esposa (Meryl Streep) y con su hijo Ash (Jason Schwartzman). Pero, por las noches, el señor Fox se dedica a robar gallinas, patos y pavos en las granjas vecinas. Los granjeros deciden acabar con la situación cazando a Mr. Fox. Basada en el famoso libro para niños de Roald Dahl.",2009-10-14,Comedia,7.826
Sexo en Nueva York,"Carrie Bradshaw, columnista del ""New York Star"", nos cuenta su propia historia. Por su parte, las demás siguen viviendo al límite, compaginando trabajo e intensas relaciones, mientras descubren los secretos de la maternidad y el matrimonio.",2008-05-12,Comedia,6.5
Alvin y las ardillas,"La vida de Dave Seville, un compositor sin éxito, es monótona y frustrante, hasta que encuentra con tres ardillas (Alvin, Simon y Theodore) que vienen del bosque. Dave las expulsa de su casa al no encontrar natural que las ardillas hablen, pero cambia de opinión cuando las oye cantar y los invita a cantar sus letras. Dave acude a su discográfica para mostrar las ardillas a su jefe, pero este las engaña para que se queden con él.",2007-12-13,Comedia,5.839
Extreme Makeover: Homer Edition,"La divertida noche de citas para parejas de Homer y Marge se descarrila cuando Marge se entera de que Homer dejó a los niños sin supervisión con solo la cámara del timbre como niñera. Frustrada con su imperfecto marido, una borracha Marge despierta una trilogía de fantasías de un Homer diferente.",2026-06-17,Comedia,7.8
लूटकेस,,2020-07-31,Comedia,6.402
Italiana,"Anna, una joven que ha dejado atrás su sueño de ser chef, viaja impulsivamente a la Toscana tras conocer a Matteo, dueño de una villa vacía. Cuando la madre de él aparece inesperadamente, Anna finge ser su prometida. La mentira se complica aún más con la llegada de Michael, cuyo inesperado vínculo con Anna podría cambiarlo todo.",2026-04-09,Comedia,7.429
齊天大 “性”：大鬧女兒國,,2003-09-12,Comedia,5.5
La gran apuesta,"Cuando cuatro tipos fuera del sistema descubren que los grandes bancos, los medios de comunicación y el gobierno se niegan a reconocer el colapso de la economía, tienen una idea: 'La Gran Apuesta'…  pero sus inversiones de riesgo les conducen al lado oscuro de la banca moderna, donde deben poner en duda todo y a todos...",2015-12-11,Comedia,7.367
Hard to Die,,1990-10-09,Comedia,6.1
Bitelchús,"¿Qué debería hacer una pareja de fantasmas si su estrafalario hogar de Nueva Inglaterra se llenara de elegantes visitantes neoyorquinos? Pedir ayuda a un exorcista para aterrorizar a los intrusos con el fin de que abandonen la casa. Bitelchús es una criatura de ultratumba repugnante y terrorífica, un fenómeno asustando y bromeando que se gira y se transforma en grotescas formas, traga insectos y no puede dejar a las mujeres (vivas o muertas) en paz.",1988-03-30,Comedia,7.371
Sonic 4: La película,,2027-03-11,Comedia,0.0
The Twins Effect II. Las Crónicas de Huadu,"En el antiguo reino de Huadu, los hombres son tratados como esclavos y vendidos como ganados por las mujeres bajo el mandato de la cruel emperatriz. Su reinado tan solo se ve perturbado por la profecia que augura que un muchacho se alzara para convertirse en emperador y recuperar la hegemonia masculina. Ajenos a todo esto, dos jovenes actores ambulantes se topan un mapa grabado en una tablilla y emprenden la busqueda de un tesoro legendario a la que pronto se unen dos muchachas tan encantadoras como leales. Los cuatro dejaran de un lado la guerra de sexos, para superar juntos los numerosos obstaculos de un viaje epico repleto de romance, comedia y artes marciales destinado a devolver el equilibrio entre dos generos.",2004-08-12,Comedia,5.287
Las veinteañeras,Dos atractivas hippies se van de casa para practicar el sexo libre y experimentar. La actitud constantemente provocativa de Tina y Lia acabará trayéndoles problemas.,1978-07-14,Comedia,5.9
El sueño americano,,2026-02-18,Comedia,7.46
Infiltrados en clase,"Dos jóvenes agentes de la ley se hacen pasar por alumnos de instituto para desarticular una red de narcotráfico. Schmidt y Jenko fueron enemigos en el colegio pero, cuando años más tarde se reencuentran en la academia de policía, terminan haciéndose amigos. Puede que no sean los mejores agentes, pero les llega su gran oportunidad de demostrar lo que valen cuando se unen a la unidad de la policía secreta Jump Street, comandada por el capitán Dickson. Entonces cambian sus armas e insignias por las mochilas y utilizan su apariencia juvenil para infiltrarse en un instituto. El problema es que los jóvenes de hoy no se parecen en nada a los de años atrás, y Schmidt y Jenko descubren que todo lo que creían saber sobre la adolescencia, el sexo, las drogas y el rock and roll era completamente erróneo.",2012-03-14,Comedia,6.887
Sin compromiso,"Emma (Natalie Portman) y Adam (Ashton Kutcher) son, desde hace mucho tiempo, dos buenos amigos, pero casi arruinan su relación por pasar una noche juntos. Deciden, entonces, preservar su amistad por encima de todo, aunque tengan relaciones íntimas. Muy pronto descubrirán que es muy difícil mantener una relación estrictamente física sin contraer compromiso alguno y al margen de los sentimientos",2011-01-21,Comedia,6.296
Fantástico Sr. Fox,"Un astuto zorro llamado Fox (voz original de George Clooney) parece llevar una vida idílica con su esposa (Meryl Streep) y con su hijo Ash (Jason Schwartzman). Pero, por las noches, el señor Fox se dedica a robar gallinas, patos y pavos en las granjas vecinas. Los granjeros deciden acabar con la situación cazando a Mr. Fox. Basada en el famoso libro para niños de Roald Dahl.",2009-10-14,Comedia,7.826
Sexo en Nueva York,"Carrie Bradshaw, columnista del ""New York Star"", nos cuenta su propia historia. Por su parte, las demás siguen viviendo al límite, compaginando trabajo e intensas relaciones, mientras descubren los secretos de la maternidad y el matrimonio.",2008-05-12,Comedia,6.5
Alvin y las ardillas,"La vida de Dave Seville, un compositor sin éxito, es monótona y frustrante, hasta que encuentra con tres ardillas (Alvin, Simon y Theodore) que vienen del bosque. Dave las expulsa de su casa al no encontrar natural que las ardillas hablen, pero cambia de opinión cuando las oye cantar y los invita a cantar sus letras. Dave acude a su discográfica para mostrar las ardillas a su jefe, pero este las engaña para que se queden con él.",2007-12-13,Comedia,5.839
El diario de Greg: ¡Esto es el colmo!,"Cuando la despreocupación de Greg choca con las desorbitadas expectativas de su padre, este le presiona para que cambie de actitud. Tras rozar varias veces el desastre con hilarantes resultados, Greg recibe un ultimátum de su padre que podría hacerle dejar atrás sus días de ""pringao"" para siempre.",2025-12-04,Comedia,6.6
Extreme Makeover: Homer Edition,"La divertida noche de citas para parejas de Homer y Marge se descarrila cuando Marge se entera de que Homer dejó a los niños sin supervisión con solo la cámara del timbre como niñera. Frustrada con su imperfecto marido, una borracha Marge despierta una trilogía de fantasías de un Homer diferente.",2026-06-17,Comedia,7.8
लूटकेस,,2020-07-31,Comedia,6.402
La casaca de Dios,"Inspirada en una historia real, tres amigos, en plena crisis de los cuarenta, descubren que la camiseta azul -que Diego Maradona vistió en el partido contra Inglaterra del Mundial de 1986, en el que marcó el 'Gol del Siglo' y 'La Mano de Dios'- que fue subastada, se encuentra en un museo inglés, lo que les motiva a buscarla.",2026-04-09,Comedia,7.0
Hard to Die,,1990-10-09,Comedia,6.1
Mujer Valiente,"Es una película de acción de héroes orientada a la vida que cuenta la historia de una mujer que alguna vez fue prospecto del boxeo, pero que se convirtió en maestra a plazo fijo y enfrenta la injusticia que tiene que soportar para convertirse en una profesora a tiempo completo.  Basado en el webtoon original de Naver del mismo nombre.",2023-10-25,Comedia,7.628
Bitelchús,"¿Qué debería hacer una pareja de fantasmas si su estrafalario hogar de Nueva Inglaterra se llenara de elegantes visitantes neoyorquinos? Pedir ayuda a un exorcista para aterrorizar a los intrusos con el fin de que abandonen la casa. Bitelchús es una criatura de ultratumba repugnante y terrorífica, un fenómeno asustando y bromeando que se gira y se transforma en grotescas formas, traga insectos y no puede dejar a las mujeres (vivas o muertas) en paz.",1988-03-30,Comedia,7.4
The Twins Effect II. Las Crónicas de Huadu,"En el antiguo reino de Huadu, los hombres son tratados como esclavos y vendidos como ganados por las mujeres bajo el mandato de la cruel emperatriz. Su reinado tan solo se ve perturbado por la profecia que augura que un muchacho se alzara para convertirse en emperador y recuperar la hegemonia masculina. Ajenos a todo esto, dos jovenes actores ambulantes se topan un mapa grabado en una tablilla y emprenden la busqueda de un tesoro legendario a la que pronto se unen dos muchachas tan encantadoras como leales. Los cuatro dejaran de un lado la guerra de sexos, para superar juntos los numerosos obstaculos de un viaje epico repleto de romance, comedia y artes marciales destinado a devolver el equilibrio entre dos generos.",2004-08-12,Comedia,5.287
The Holiday (Vacaciones),"Amanda Woods, una chica americana que posee una próspera agencia de publicidad especializada en trailers de películas, vive en el sur de California y acaba de romper con su novio. Por su parte, Iris Simpkins, redactora de la popular columna de bodas para el London Daily Telegraph, vive en una encantadora casa de campo en Inglaterra y sus relaciones con los hombres tampoco son fáciles. A través de internet llegan a un acuerdo para intercambiarse sus respectivas viviendas durante las Navidades.",2006-12-05,Comedia,7.101
Vacaciones en Roma,"Durante una visita a Roma, Ana, la joven princesa de un pequeño país centroeuropeo que detesta sus obligaciones y desea pasar inadvertida, se escapa de palacio para visitar la ciudad de incógnito. Así conoce a Joe, un periodista americano que busca una exclusiva y finge desconocer su verdadera identidad. La pareja vivirá entonces unas jornadas inolvidables.",1953-08-26,Comedia,7.889
Chicken Run: Evasión en la granja,"La señora Tweedy es la dueña de una granja en la que la mayoría de las aves se han resignado a llevar una vida corta e infeliz: viven mientras ponen huevos y, cuando dejan de hacerlo, acaban en la mesa como comida de los domingos. Pero las cosas empiezan a cambiar con la llegada de Rocky, un gallo norteamericano, que mantiene un romance con Ginger, una gallina muy combativa que ha organizado innumerables intentos de fuga para alcanzar una vida mejor.",2000-06-23,Comedia,6.845
Armas invencibles (Police Story),Kevin es un policía de Hong Kong que se enfrenta a una difícil misión: debe atrapar al capo de la droga del país. Pero para condenar al criminal solo hay una testigo que puede incriminarle y Kevin es el único que puede protegerla. Evidentemente todos los criminales a las órdenes del capo intentarán matar a la testigo y a su guardaespaldas,1985-12-14,Comedia,7.534
Las maniobras de la doctora con los soldados,"En el regimiento se estan preparando unas grandes maniobras. Los altos jefes quieren que la tropa responda con valor, abnegación y coraje. Para ello se requiere la presencia de una doctora que revise a los soldados antes de partir... (FILMAFFINITY)",1978-12-07,Comedia,4.989
Jungle Cruise,"Principios del siglo XX. Frank es el carismático capitán de una peculiar embarcación que recorre la selva amazónica. Allí, a pesar de los peligros que el río Amazonas les tiene preparados, Frank llevará en su barco a la científica Lily Houghton y a su hermano McGregor Houghton. Su misión será encontrar un árbol místico que podría tener poderes curativos. Claro que su objetivo no será fácil, y en su aventura se encontrarán con toda clase de dificultades, además de una expedición alemana que busca también este árbol con propiedades curativas. Esta comedia de acción y aventuras está basada en la atracción Jungle Cruise de los parques de ocio de Disney.",2021-07-28,Comedia,7.289
Happy Feet: Rompiendo el hielo,"Mumble, un joven pingüino emperador, vive en la Antártida. Como otros animales de su especie, él necesita saber cantar para atraer a una pareja, pero tiene una voz horrible. En su lugar, Mumble debe expresarse, y atraer a las hembras a través de su increíble talento para bailar claqué.",2006-11-16,Comedia,6.23
Gente que conocemos en vacaciones,"Poppy es un espíritu libre y a Alex le gusta planificarlo todo. Tras muchas vacaciones juntos, estos amigos tan diferentes se preguntan si serán la pareja perfecta.",2026-01-06,Comedia,6.946
Onward,"Ambientado en un mundo de fantasía suburbana, dos hermanos elfos adolescentes, Ian y Barley Lightfood, se embarcan en una aventura en la que se proponen descubrir si existe aún algo de magia en el mundo que les permita pasar un último día con su padre, que falleció cuando ellos eran aún muy pequeños como para poder recordarlo.",2020-02-29,Comedia,7.639
"Sexo, pudor y lágrimas","Infidelidad y sus consecuencias, separaciones y reconciliaciones, promiscuidad y continencia, deseos y rechazos; pero sobre todo, la búsqueda desesperada del amor entre 6 jóvenes, 3 chicas y 3 chicos, en dos apartamentos en el corazón de Ciudad de México. Los hombres terminan en un piso y las mujeres en el otro, y desde ellos, se espían mutuamente. (FILMAFFINITY)",1999-06-18,Comedia,6.577
Horton,"Horton no es sólo un bondadoso y torpón elefante, sino tambíen es el único animal capaz de oir a una microscópica comunidad aislada en una mota de polvo, lo que provocará que sus vecinos le tomen por loco e intenten destruir la mota de polvo en la que el pueblo de Villaquien vive en pacífica armonía. Horton está dispuesto a ayudar a los habitantes de Villaquién cuya frágil existencia pende de un hilo.",2008-03-03,Comedia,6.526
Sin compromiso,"Emma (Natalie Portman) y Adam (Ashton Kutcher) son, desde hace mucho tiempo, dos buenos amigos, pero casi arruinan su relación por pasar una noche juntos. Deciden, entonces, preservar su amistad por encima de todo, aunque tengan relaciones íntimas. Muy pronto descubrirán que es muy difícil mantener una relación estrictamente física sin contraer compromiso alguno y al margen de los sentimientos",2011-01-21,Comedia,6.296
Gru 3. Mi villano favorito,"A Gru lo han despedido. Se ha quedado sin trabajo porque ha dejado escapar al supervillano Balthazar Bratt, estrella infantil de los años 80 que con la llegada de la pubertad lo perdió todo y ha estado creando el caos en todo el planeta.  Además, Gru va a conocer a su hermano gemelo Dru y tendrá que decidir si está listo para continuar la tradición familiar de dedicarse al crimen, y unirse a el para llevar a cabo un último golpe. Aunque ha dejado esa vida atrás… ¿volverá a convertirse Gru en un villano?",2017-06-15,Comedia,6.468
Letras robadas,,2026-05-18,Comedia,7.0
Sharkenstein,,2016-08-01,Comedia,2.956
Río 2,"Secuela de la película ""Río"" (2010) dirigida por Carlos Saldanha, encargado también de esta segunda parte.. Blu, Perla y sus pequeños disfrutan de una vida cómoda, alegre y perfecta en la ciudad de Río de Janeiro, Brasil. Pero Perla tiene muy claro que sus hijos deben aprender a vivir como los pájaros libres y salvajes que son, y para ello está convencida de que lo mejor es trasladarse al Amazonas. Una vez allí, Blu tendrá que enfrentarse a sus nuevos vecinos y a la idea terrible de perder a Perla y a sus hijos porque decidan vivir en la naturaleza salvaje para siempre.",2014-03-19,Comedia,6.5
Agárralo como puedas,"Después de que su compañero Nordberg fuera tiroteado por una banda de narcotraficantes, el incompetente teniente Frank Drebin busca al jefe de la organización para vengarse. Sospecha del magnate naviero Vincent Ludwig, pero no tiene pruebas para inculparlo. Tendrá incluso que enfrentarse a una alcaldesa, que trata de obstaculizar su investigación. Sin embargo, Drebin consigue la inesperada ayuda de Jane Spencer, una antigua novia de Ludwig.",1988-12-02,Comedia,7.28
20 años no importan,"Alice Lantins (Virginia Efira, En solitario) tiene 38 años. Es hermosa, ambiciosa y pone mucha dedición a su trabajo, demasiada, hasta el punto de llegarse a olvidar de sus propios problemas. Tiene todos los ingredientes para convertirse en la próxima directora de la revista ""Rebelle"", todo excepto una pareja.  Pero cuando el joven y pasional Balthazar (Pierre Niney, LOL [Laughing Out Loud]), de 20 años de edad, se cruza por casualidad en su camino, la imagen que tenían sus compañeros de ella, cambia de la noche a la mañana. Creyendo haber encontrado la clave para conseguir el ansiado ascenso en el trabajo, Alice decide ser la protagonista de una imaginaria comedia romántica que aparentemente no acabará bien.",2013-03-06,Comedia,6.504
Love Actually,"En Londres, poco antes de las Navidades, se entrelazan una serie de historias divertidas y conmovedoras. 'Love Actually' es una manera abreviada de decir 'Love Actually Is All Around' y éste es precisamente el argumento de la película: mires a donde mires, encontrarás el amor en todas partes. Todos los personajes, cada uno a su manera (un primer ministro, una vieja estrella del rock, una asistenta portuguesa que sólo habla su idioma), están relacionados con los aspectos más divertidos, tristes, ingenuos y estúpidos del amor.",2003-09-07,Comedia,7.099
Infiltrados en la universidad,"La pareja de policías formada por Schmidt y Jenko vuelve a la carga después del éxito de la operación contra la red de narcotraficantes en el instituto. En esta ocasión, los agentes de la ley siguen perteneciendo a la unidad secreta Jump Street y tendrán que infiltrarse en una universidad para llevar a cabo una arriesgada investigación. Una nueva aventura que pondrá a prueba al dúo cada vez mejor compenetrado.",2014-06-05,Comedia,6.829
Dos policías rebeldes,"Un alijo de heroína valorada en unos 100 millones de dólares es robado del mismísimo depósito de la policía. El caso le será asignado a los agentes Burnett y Lowery, una pareja muy peculiar por los métodos que utilizan. La única pista que tienen para comenzar es la de un testigo que les ayudará a identificar a los atracadores y a la que tendrán que proteger.",1995-04-07,Comedia,6.83
Atrapado en el tiempo,"Phil, hombre del tiempo de una cadena de televisión, es enviado un año más a Punxstawnwey, a cubrir la información del festival de El día de la marmota. En el viaje de regreso, Phil y su equipo se ven sorprendidos por una tormenta que les obliga a regresar a la pequeña ciudad. A la mañana siguiente, al levantarse, Phil escucha en el radiodespertador el mismo programa que la mañana anterior.",1993-02-11,Comedia,7.6
Somos osos: La película,"Cuando el amor de Grizz, Panda y Ice Bear por los camiones de comida y los videos virales se fue de las manos, llama la atención del Agente Trout del National Wildlife Control, quien se compromete a restaurar el ""orden natural"" separándolos para siempre. Alejados de su hogar, los Bears se embarcan en un viaje épico por carretera mientras buscan refugio en Canadá, con su viaje lleno de nuevos amigos, obstáculos peligrosos y grandes fiestas. El arriesgado viaje también obliga a los Bears a enfrentar cómo se conocieron y se convirtieron en hermanos, para evitar que su vínculo familiar se separe.",2020-06-30,Comedia,7.827
Ferdinand,"Ferdinand es un novillo muy tranquilo que prefiere sentarse bajo un árbol a oler las flores que saltar, resoplar y embestirse con otros toros. A medida que va creciendo y haciéndose fuerte, su temperamento no cambia y sigue siendo un toro manso. Un día, unos hombres vienen buscando al toro más grande, rápido y bravo... y Ferdinand es elegido equivocadamente para las corridas de toros de Madrid.",2017-12-09,Comedia,7.212
Todo en un viernes (Friday),"A Craig (Ice Cube) lo han echado del trabajo por un presunto robo, de modo que su único plan para el viernes es pasarse las horas muertas en el porche de su casa con su amigo Smokey (Chris Tucker), que no hace más que fumarse la marihuana que ha de vender. (FILMAFFINITY)",1995-04-26,Comedia,7.147
Borderlands,"Lilith, una infame cazatesoros con un misterioso pasado, regresa a su planeta natal de Pandora para encontrar a la hija desaparecida del poderoso Atlas. Para ello forma una alianza inesperada con un heterogéneo equipo de inadaptados: Roland, un antiguo mercenario de élite ahora desesperado por la redención; Tiny Tina, una demolicionista salvaje preadolescente; Krieg, el musculoso protector de Tina; la científica Tannis; y Claptrap, un robot muy peculiar. Estos extraños héroes deberán luchar contra monstruos alienígenas y peligrosos bandidos para buscar y proteger a la niña desaparecida, que puede tener la clave de un poder inimaginable.",2024-08-07,Comedia,5.59
La dama y el vagabundo,"Reina es una preciosa perrita de pura raza que vive feliz en su hogar. Jaimito y Linda, la miman mucho y ella corresponde feliz a sus cuidados. Sin embargo, el día en que sus dueños deciden hacer un viaje, la vida de Reina se ve alterada; la llegada de la tía Sara con sus gatos no provoca más que sobresaltos. Menos mal que conoce a Golfo, un perro vagabundo muy simpático",1955-06-22,Comedia,7.125
Policán,"Un perro y un agente de policía resultan heridos juntos en el trabajo. Una operación quirúrgica que les salva la vida cambia el curso de la historia cuando nace Policán. Mitad perro, mitad hombre, Policán ha jurado proteger y servir -siempre que no le distraigan las ardillas- mientras persigue tenazmente a su archienemigo: el supervillano felino Petey el Gato. Pero la rivalidad entre Policán y Petey se ve alterada por la llegada de un adorable gatito clon de Petey, Lil Petey, que cambia las reglas del juego para ambos.",2025-01-24,Comedia,7.445
Toy Story Toons: Fiestasaurio Rex,"Pobre Rex, los juguetes piensan que es un aguafiestas. Pero cuando Bonnie se lo lleva para jugar durante su baño, Rex se desmelena y pasa a ser lo más, montando un fiestón de burbujas.",2012-09-14,Comedia,7.1
Piraña 3D,"El lago Victoria (Arizona) es un lugar que se llena de gente joven durante las vacaciones de primavera. De repente, se producen una serie de temblores submarinos que liberan unos peces prehistóricos antropófagos. Todos deberán unir sus fuerzas para sobrevivir a estas criaturas. Remake del clásico de terror dirigido por Joe Dante",2010-08-20,Comedia,5.4
Patrulla de aterrizaje: Protocolo bola de nieve,Los elfos navideños Lanny y Wayne entran en pánico cuando su misión para las fiestas sale mal y deja a Wayne pensando que tiene un gran problema con Santa por lo que le revela sin querer otros errores festivos.,2025-11-27,Comedia,7.0
Pelesenk Ailesi,,2024-05-01,Comedia,6.0
La cabaña en el bosque,"Cinco jóvenes se preparan para pasar el fin de semana en una aislada cabaña en el bosque, sin ningún tipo de comunicación con el exterior. En el sótano encuentran una extraña colección de reliquias y entre ellas, un diario que habla de la antigua familia que ocupó la casa. Lo que no sospechan es que están siendo observados y que sus acciones marcarán el destino de algo mucho más grande que ellos.",2012-04-12,Comedia,6.654
Broad Trip,,2026-05-08,Comedia,4.0
El sueño americano,,2026-02-18,Comedia,7.475
Lo Zio di Brooklyn,,1995-10-13,Comedia,7.208
Dos policías rebeldes II,"Los detectives de narcóticos Mike Lowrey y Marcus Burnett han sido asignados a un nuevo caso en Miami, donde un astuto narcotraficante ha iniciado una sangrienta guerra. Además la amistad de los dos agentes se complica cuando Mike empieza a sentir algo por la hermana de Marcus...",2003-07-18,Comedia,6.657
லவ் இன்சூரன்ஸ் கம்பெனி,,2026-04-10,Comedia,4.8
Noche de juegos,"Max y Annie son una pareja que forman parte de un grupo de amigos que queda todas las semanas para una noche de juegos organizada por uno de ellos. En una de esas noches Brooks (Kyle Chandler), el carismático hermano de Max, organiza un misterioso juego en el que sus amigos deberán resolver un asesinato con falsos matones y falsos agentes. Pero, cuando Brooks es secuestrado, los 6 jugadores comienzan a dudar sobre lo que es falso y lo que es real, y se ven inmersos en una noche caótica en la que deberán resolver el caso.",2018-02-15,Comedia,6.844
Desmadre de padre,Un padre que pretende controlar la inminente boda de su hijo se muda a vivir con él y su novia.,2012-06-14,Comedia,5.8
Con derecho a roce,"Narra cómo una relación entre dos jóvenes amigos, Dylan y Jamie, se complica cuando deciden involucrarse románticamente. Pensaban que seguir siendo amigos y tener sexo iba a ser fácil de llevar, pero pronto se darán cuenta de que no lo va a ser tanto.",2011-07-21,Comedia,6.642
अंग्रेजी मिडीयम,,2020-03-13,Comedia,7.007
Zohan: Licencia para peinar,"Zohan, un peculiar y muy competente agente israelí de los servicios secretos del Mossad, finge su muerte para poder trasladarse de Israel a Nueva York y cumplir allí el sueño de su vida: convertirse en peluquero y estilista. Aunque Zohan se ha propuesto olvidar su peligrosa vida como agente de la lucha antiterrorista, pronto se da cuenta de que no es tan sencillo.",2008-06-05,Comedia,5.717
Al rescate de Fondo de Bikini: La película de Arenita Mejillas,"Cuando Fondo de Bikini es arrastrado fuera del mar, la ardilla científica Arenita Mejillas y su amigo Bob Esponja se embarcan rumbo a Texas para salvar su ciudad.",2024-10-01,Comedia,6.14
Busty Cops: Protect and Serve!,,2009-08-01,Comedia,4.778
தமிழ் ராக்கர்ஸ்,,2021-12-31,Comedia,4.75
Michael,"El viaje de Michael Jackson más allá de la música, desde el descubrimiento de su extraordinario talento como líder de los Jackson Five hasta convertirse en una visionaria estrella cuya ambición creativa despertó un incansable afán por consagrarse como el mayor icono de la industria del entretenimiento.",2026-04-22,Drama,8.677
Salitan,,2024-02-16,Drama,4.4
Herida,"Peligrosa aventura de amor y sexo entre un hombre maduro y la prometida de su hijo. Él es un respetable miembro del Parlamento, pero está dispuesto a dejarlo todo por ella; ella, calculadora y pragmática, está decidida a casarse con su novio.",1992-12-02,Drama,6.572
పెద్ది,,2026-06-03,Drama,6.1
Culpa tuya: Londres,"Noah y Nick regresan más fuertes, unidos y enamorados que nunca. Pero a medida que la vida empieza a tirar de ellos en direcciones diferentes, su relación se enfrenta a su reto más difícil hasta la fecha. Noah se marcha a Oxford para proseguir sus estudios, mientras que Nick se ve consumido por las crecientes exigencias del trabajo. Cuando nuevas personas entran en sus vidas, despertando emociones inesperadas y celos persistentes, empiezan a formarse grietas. La confianza se pone a prueba, las pasiones se desatan y el vínculo que una vez creyeron irrompible empieza a tensarse. Ahora, en una encrucijada, Noah y Nick deben decidir: luchar por el amor que los unió... o arriesgarse a perderlo para siempre.",2026-06-17,Drama,7.572
L'homme inconnu,,2021-10-16,Drama,7.8
मैं वापस आऊंगा,,2026-06-10,Drama,5.25
The Punisher: One Last Kill,"Mientras Frank Castle busca propósito más allá de la venganza, una fuerza inesperada lo arrastra de nuevo a la lucha.",2026-05-12,Drama,8.3
Escuadrón letal,"Unos astutos y traicioneros ladrones desafian a la Policía Judicial de Macao. La Policía, que se encontraba en una dura batalla, invita de nuevo al experto en rastreo Huang De Zhong, retirado desde hace muchos años, a unir fuerzas con la joven élite del Departamento de Investigación Criminal de la Policía Judicial. Bajo la colisión de las técnicas tradicionales de rastreo y la alta tecnología, la policía y los criminales luchan con ingenio y valentía, y se lanzan a un duelo entre el bien y el mal parecido al juego del gato y el ratón.",2025-08-16,Drama,7.79
나는 신혼 너는 재혼,,2021-08-12,Drama,0.0
Rita,,2024-03-22,Drama,6.0
Witte Wieven,"En un pequeño pueblo holandés lleno de fanáticos religiosos y supersticiones durante la Edad Media, Frieda está tratando de concebir un hijo con su esposo. Cuando no puede quedarse embarazada, los habitantes del pueblo sospechan que ha hecho un pacto con el diablo que reside en el bosque. Después de sobrevivir a un intento de violación en ese mismo bosque gracias a la ayuda de una entidad maligna, Frieda regresa al pueblo con una fe renovada.",2024-01-25,Drama,6.2
మా ఇంటి బంగారం,,2026-06-18,Drama,8.5
Interstellar,Un grupo de exploradores hacen uso de un agujero de gusano recientemente descubierto para superar las limitaciones de los viajes espaciales tripulados y vencer las inmensas distancias que tiene un viaje interestelar.,2014-11-05,Drama,8.479
भारत भाग्य विधाता,,2026-06-12,Drama,0.0
Acero puro,"En un futuro no muy lejano, el boxeo es robótico: en los combates ya no se enfrentan seres humanos, sino robots humanoides, sofisticadas máquinas diseñadas para luchar. Charlie Kenton, un antiguo púgil que casi llegó a alcanzar la gloria, está pasando una mala racha como promotor de combates. Un día, encuentra un viejo robot desechado y, al comprobar que es un gran boxeador, decide entrenarlo.",2011-09-28,Drama,7.109
Cadena perpetua,"Acusado del asesinato de su mujer, Andrew Dufresne, tras ser condenado a cadena perpetua, es enviado a la prisión de Shawshank. Con el paso de los años conseguirá ganarse la confianza del director del centro y el respeto de sus compañeros presidiarios, especialmente de Red, el jefe de la mafia de los sobornos.",1994-09-23,Drama,8.723
El diablo viste de Prada,"En el vertiginoso mundo de la moda en Nueva York, la revista 'Runway' es el Santo Grial. Dirigida con puño de hierro y elegante manicura por Miranda Priestly, trabajar en ella es un temible reto para todo aquel que quiera triunfar en ese mundo. Hacerlo como ayudante de Miranda podría abrirle cualquier puerta a Andy Sachs, recientemente graduada. Pero ella es una chica que destaca por su desaliño dentro del pequeño ejército de guapísimas redactoras de la revista. Andy comprende muy pronto que para triunfar en ese negocio va a necesitar algo más que iniciativa y determinación. Y la prueba definitiva está delante de ella, vestida de Prada de pies a cabeza.  Es una mierda de película!!",2006-06-29,Drama,7.4
యుఫోరియా,,2026-02-06,Drama,3.75
"¡Ay, mamá!","Ante un problema inesperado, una madre y sus hijas, a las que no ve mucho, intentan encubrir un crimen en un vecindario lleno de cotillas donde no hay quien guarde un secreto.",2026-06-04,Drama,6.7
Culpa mía: Londres,"Noah, de 18 años, se traslada de Estados Unidos a Londres con su madre, que se ha enamorado recientemente de William, un adinerado hombre de negocios británico. Noah conoce al hijo de William, el malote Nick. Pese a los esfuerzos de ambos por evitarlo, se sienten atraídos. Mientras Noah pasa el verano adaptándose a su nueva vida, su doloroso pasado la irá atrapando a la vez que se va enamorando.",2025-02-12,Drama,7.406
Habitación en Roma,"Verano de 2008. Se inspira en el film 'En la cama', del chileno Matías Bize. En un hotel del centro de Roma se conocen una rusa y una española. Al día siguiente Alba volverá a España y Natasha, a Rusia. En la habitación del hotel se respira una atmósfera cargada de erotismo y sensualidad. Entre ellas nace un sentimiento nuevo que ambas aceptan. Durante doce horas, las dos mujeres se confían sus vidas, hablan de sus compromisos y del amor sincero por sus respectivas parejas.",2010-05-07,Drama,6.406
Perversa adicción,"La adicción al sexo de Zoe Reynard, una exitosa mujer de negocios, amenaza con arruinar su vida familiar junto a su marido y sus dos hijos.",2014-10-10,Drama,5.91
La sonrisa del mal,"Remis es un pequeño pueblo enclavado en un valle aislado en las montañas. Sus habitantes son excepcionalmente felices. Parece el destino perfecto para el nuevo profesor de educación física Sergio Rossetti, atormentado por un pasado misterioso. Al poco tiempo de llegar, el profesor descubre que tras esta aparente serenidad se esconde un ritual inquietante: una noche a la semana, los aldeanos se reúnen para abrazar a Matteo Corbin, un adolescente capaz de absorber el dolor ajeno. El intento de Sergio por salvar al joven despertará el lado oscuro de la comunidad.",2025-09-17,Drama,6.95
Beast (La bestia),"Con la ayuda de su antiguo entrenador, un campeón de MMA retirado e invicto regresa a la jaula para vengar la muerte de su hermano y resolver sus problemas financieros.",2026-04-10,Drama,6.246
Culpa mía,"Noah debe dejar su ciudad, novio y amigos para mudarse a la mansión de William Leister, el flamante y rico marido de su madre Rafaela. Por otro lado, con 17 años, orgullosa e independiente, Noah se resiste a vivir en una mansión rodeada de lujo. Allí conoce a Nick, su nuevo hermanastro, y el choque de sus fuertes personalidades se hace evidente desde el primer momento.",2023-06-08,Drama,7.733
After: Almas perdidas,"Cuando Tessa toma la decisión más importante de su vida, todo cambia. Los secretos que salen a la luz sobre su familia y la de Hardin ponen en peligro su relación y su futuro juntos. La vida de Tessa empieza a romperse en pedazos y ya nada será como antes. Aunque sabe que Hardin la quiere, estas dos almas perdidas están rodeadas de celos, odio... y perdón. Hasta ahora, el amor era suficiente para mantener su relación a flote, pero ¿de verdad sigue mereciendo la pena?",2021-09-01,Drama,7.003
അതിരടി,,2026-05-14,Drama,7.2
Culpa tuya,"El amor entre Noah y Nick parece inquebrantable, a pesar de las maniobras de sus padres por separarles. Pero el trabajo de él y la entrada de ella en la universidad, abre sus vidas a nuevas relaciones. La aparición de una exnovia que busca venganza y de la madre Nick con intenciones poco claras, removerán los cimientos no solo de su relación, sino de la propia familia Leister. Cuando tantas personas están dispuestas a destruir una relación, ¿puede realmente acabar bien?",2024-12-26,Drama,7.079
Savior,,2015-12-01,Drama,0.0
Kara,"Un ladrón trata de enderezarse, pero, cuando su padre se endeuda por culpa de las condiciones abusivas de los bancos, vuelve a robar... y un policía implacable le pisa los talones.",2026-04-30,Drama,6.0
El paraíso de las damas,"Adaptación de una novela de Émile Zola, que tiene como protagonista a la bella Denise, una joven huérfana de provincias que llega a París para vivir con su tío Baudu, propietario de una mercería en decadencia, sobre todo por los planes de expansión de los grandes almacenes de ""Para la dicha de las damas"". Justamente aquí va a ser contratada Denise, sobre todo porque el dueño ha puesto los ojos en su hermosura.",1930-07-03,Drama,6.426
Donselya,,2024-10-29,Drama,6.7
Irreversible,Irreversible. Porque el tiempo lo destruye todo. Porque algunos actos son irreparables. Porque el hombre es un animal. Porque el deseo de venganza es un impulso natural. Porque la mayoría de los crímenes quedan sin castigo. Porque la pérdida del amado destruye como un rayo. Porque el amor es el origen de la vida. Porque toda la historia se escribe con esperma y sangre. Porque las premoniciones no modifican el curso de los acontecimientos. Porque el tiempo lo revela todo: lo mejor y lo peor.,2002-05-22,Drama,7.179
El drama,"Una pareja, en los días previos a su boda, se enfrenta a una crisis cuando unas inesperadas revelaciones desbaratan lo que uno de ellos creía saber sobre el otro.",2026-04-01,Drama,6.964
Sangre asesina,"A una mujer le espera una bala con su nombre por culpa de su extraño grupo sanguíneo, pero encuentra cobijo en los brazos del asesino al que ama, y juntos luchan por sobrevivir.",2026-05-06,Drama,8.7
Cincuenta sombras liberadas,"Creyendo que han dejado atrás las sombras del pasado, Christian y Anastasia disfrutan de su relación y de su vida llena de lujos. Pero justo cuando Ana empieza a relajarse, aparecen nuevas amenazas que ponen en riesgo su felicidad.",2018-01-17,Drama,6.672
El padrino,"Don Vito Corleone, conocido dentro de los círculos del hampa como 'El Padrino', es el patriarca de una de las cinco familias que ejercen el mando de la Cosa Nostra en Nueva York en los años cuarenta. Don Corleone tiene cuatro hijos: una chica, Connie, y tres varones; Sonny, Michael y Fredo. Cuando el Padrino reclina intervenir en el negocio de estupefacientes, empieza una cruenta lucha de violentos episodios entre las distintas familias del crimen organizado.",1972-03-14,Drama,8.687
சட்டென்று மாறுது வானிலை,,2026-05-15,Drama,0.0
Culpa nuestra,"La boda de Jenna y Lion propicia el tan deseado reencuentro entre Noah y Nick tiempo después de su ruptura. La incapacidad de Nick para perdonar a Noah se alza como una barrera insalvable. Él, heredero de las empresas de su abuelo y ella, empezando su vida laboral, se resisten a alimentar una llama que aún sigue viva. Pero una vez que sus caminos se han vuelto a cruzar, ¿será el amor más fuerte que el rencor? Secuela de ""Culpa tuya"".",2025-10-15,Drama,7.377
Irreversible,Irreversible. Porque el tiempo lo destruye todo. Porque algunos actos son irreparables. Porque el hombre es un animal. Porque el deseo de venganza es un impulso natural. Porque la mayoría de los crímenes quedan sin castigo. Porque la pérdida del amado destruye como un rayo. Porque el amor es el origen de la vida. Porque toda la historia se escribe con esperma y sangre. Porque las premoniciones no modifican el curso de los acontecimientos. Porque el tiempo lo revela todo: lo mejor y lo peor.,2002-05-22,Drama,7.179
Sangre asesina,"A una mujer le espera una bala con su nombre por culpa de su extraño grupo sanguíneo, pero encuentra cobijo en los brazos del asesino al que ama, y juntos luchan por sobrevivir.",2026-05-06,Drama,8.7
Kesong Puti,,2026-04-24,Drama,4.0
El diablo viste de Prada 2,"Sigue la lucha de Miranda Priestly contra Emily Charlton, su ex asistente convertida en ejecutiva rival, mientras compiten por los ingresos por publicidad en medio de la decadencia de los medios impresos y Miranda se acerca a la jubilación.",2026-04-29,Drama,6.562
Apocalypto,"Historia ambientada en la época del imperio maya. Cuando la idílica existencia de los mayas es brutalmente interrumpida por el ataque de una fuerza invasora, un hombre emprende un arriesgado viaje a un mundo regido por el miedo y la opresión en el que le espera un incierto final. Debido a un giro del destino y espoleado por el amor a su esposa y a su familia, emprenderá el regreso a su hogar en un desesperado esfuerzo por preservar su forma de vida...",2006-12-07,Drama,7.64
El padrino,"Don Vito Corleone, conocido dentro de los círculos del hampa como 'El Padrino', es el patriarca de una de las cinco familias que ejercen el mando de la Cosa Nostra en Nueva York en los años cuarenta. Don Corleone tiene cuatro hijos: una chica, Connie, y tres varones; Sonny, Michael y Fredo. Cuando el Padrino reclina intervenir en el negocio de estupefacientes, empieza una cruenta lucha de violentos episodios entre las distintas familias del crimen organizado.",1972-03-14,Drama,8.687
Stepdaddy,,2026-04-04,Drama,5.3
Dime lo que quieres (de verdad),"Diego y Emilia son una pareja conservadora con 16 años de matrimonio que ha perdido la chispa, hasta que Tomás y Betina los rescatan y los introducen en el mundo prohibido, cambiando lo que saben sobre la intimidad, las relaciones y el sexo.",2023-07-27,Drama,7.773
Kulong,,2024-05-24,Drama,6.417
Nueve canciones,"Lisa es una estudiante estadounidense que está pasando un año en Londres. Matt la conoce en un concierto de Black Rebel Motorcycle en Brixton Academy y se enamora de ella. Entre la música y los grupos vemos a Matt y a Lisa haciendo el amor y cómo a través de esos encuentros sexuales se va desarrollando su relación, que dura hasta las navidades, cuando Lisa regresa a Estados Unidos.",2004-07-16,Drama,5.545
ദൃശ്യം 3,,2026-05-21,Drama,7.3
给阿嬷的情书,,2026-04-30,Drama,9.2
Nymphomaniac. Volumen 2,"Historia de una ninfómana contada por ella misma. Una fría noche invernal, un viejo solterón encuentra en un callejón a una joven herida y casi inconsciente. Después de recogerla y cuidarla, siente curiosidad por saber cómo pudo haber llegado a semejante situación; escucha atentamente el relato que ella hace de su vida, una vida llena de conflictos y turbias relaciones.",2013-12-25,Drama,6.715
La doble vida de Miriam,"Cuando un cambio de circunstancias deja a Miriam incapaz de pagar sus estudios universitarios, toma una decisión sorprendente: comenzar a actuar en películas para adultos, usando el seudónimo Belle Knox. Miriam se encuentra con su familia y sus amigos en la escuela, manteniendo su doble vida en secreto. Pero pronto se difundieron rumores y Miriam se convirtió en el sujeto de ataques en línea viciosos y atención no deseada. Miriam responde: habla con los medios de comunicación, diciendo que su nueva línea de trabajo le da poder como feminista. Pero su postura confiada tiene consecuencias no deseadas. Miriam es rechazada por su familia conservadora y sus colegas en el mundo del cine adulto. Una decisión impulsiva ha salido rápidamente fuera de control y los problemas de Miriam apenas están comenzando.",2017-02-11,Drama,5.8
Blast,,2026-05-28,Drama,7.0
Parásitos,"Tanto Gi Taek (Song Kang-ho) como su familia están sin trabajo. Cuando su hijo mayor, Gi Woo (Choi Woo-sik), empieza a dar clases particulares en casa de Park (Lee Seon-gyun), las dos familias, que tienen mucho en común pese a pertenecer a dos mundos totalmente distintos, comienzan una interrelación de resultados imprevisibles.",2019-05-30,Drama,8.494
Betty Blue,"Zorg es un manitas que trabaja en Francia como encargado de unos bungalows en la playa. Su vida es tranquila y pacífica, trabaja con dedicación y escribe en su tiempo libre. Pero un día Betty entra en su vida, una joven tan bella como salvaje e impredecible. De repente, el carácter sin reglas de Betty empieza a descontrolarse.",1986-04-09,Drama,7.202
F1 la película,"El mítico piloto Sonny Hayes vuelve de su retiro, persuadido para liderar un equipo de Fórmula 1 en apuros y guiar a su joven promesa, en busca de una nueva oportunidad de éxito.",2025-06-25,Drama,7.8
Titanic,"Jack, un joven artista, gana en una partida de cartas un pasaje para viajar a América en el Titanic, el transatlántico más grande y seguro jamás construido. A bordo conoce a Rose, una joven de una buena familia venida a menos que va a contraer un matrimonio de conveniencia con Cal, un millonario engreído a quien sólo interesa el prestigioso apellido de su prometida. Jack y Rose se enamoran, pero el prometido y la madre de ella ponen todo tipo de trabas a su relación. Mientras, el gigantesco y lujoso transatlántico se aproxima hacia un inmenso iceberg.",1997-12-18,Drama,7.902
Criaturas luminosas,"En este drama, basado en el bestseller homónimo, una viuda forja un vínculo con un pulpo muy listo y un joven a la deriva mientras trabaja de noche en un pequeño acuario.",2026-05-07,Drama,8.58
GGS - Ganteng-Ganteng Sange,,2023-05-28,Drama,6.1
Comme un frère,,2005-04-17,Drama,4.2
கெணத்த காணணோம்,,2026-03-13,Drama,0.0
La herencia del mal,"Año 1859. Cuando una joven maorí es convocada desde Nueva Zelanda hasta North Yorkshire, descubre su terrible herencia colonial y se ve empujada a enfrentarse al aristócrata inglés que destrozó a su familia, decidida a acabar con él. Una historia de venganza marcada por las heridas del pasado colonial.",2026-04-17,Drama,6.417
Pink Floyd: El muro,"Película visualmente evocativa, basada en la música del disco homónimo y las visiones del grupo de rock psicodélico ""Pink Floyd"". Narra la vida de una estrella de rock ficticia: ""Pink"". Una mezcla de relaciones humanas, abuso de drogas, sexo, infancia, la Segunda Guerra Mundial y fascismo se combinan en un relato que alterna cine en vivo  con animación creada por el caricaturista británico Gerald Scarfe.",1982-07-14,Drama,7.929
Oye Bhole Oye 2,,2026-06-12,Drama,0.0
Peaky Blinders: El hombre inmortal,"El gánster Tommy Shelby regresa a Birmingham para salvar a su familia —y a su país— cuando su hijo, del que se ha distanciado, se ve envuelto en un complot nazi.",2026-03-05,Drama,7.249
Cincuenta sombras de Grey,"Cuando la estudiante de Literatura Anastasia Steele recibe el encargo de entrevistar al exitoso y joven empresario Christian Grey, queda impresionada al encontrarse ante un hombre atractivo, seductor y también muy intimidante. La inexperta e inocente Ana intenta olvidarle, pero pronto comprende cuánto le desea. Cuando la pareja por fin inicia una apasionada relación, Ana se sorprende por las peculiares prácticas eróticas de Grey, al tiempo que descubre los límites de sus propios y más oscuros deseos.",2015-02-11,Drama,5.866
Peligrosa obsesión,"En el verano de 1969, el coronel Kim Jin-pyeong, atrapado en un matrimonio sin amor con Lee Suk-jin, y Jong Ga-heun, la esposa chino-coreana del capitán Kyung Woo-jin, mantienen un apasionado romance secreto.",2014-05-14,Drama,6.7
Pin/Ya,,2024-12-06,Drama,5.7
農家の嫁は、取り扱い注意！ Part 2 有機ある大作戦篇,,2021-04-02,Drama,10.0
Top Gun: Maverick,"Después de más de 30 años de servicio como uno de los mejores aviadores de la Armada, Pete ""Maverick"" Mitchell se encuentra dónde siempre quiso estar, empujando los límites como un valiente piloto de prueba y esquivando el alcance en su rango, que no le dejaría volar emplazándolo en tierra. Cuando se encuentra entrenando a un destacamento de graduados de Top Gun para una misión especializada, Maverick se encuentra allí con el teniente Bradley Bradshaw, el hijo de su difunto amigo ""Goose"".",2022-05-21,Drama,8.159
El club de la lucha,"Un hombre consumido por el insomnio y una vida sin sentido conoce a Tyler Durden, un carismático anarquista que lo arrastra a un club secreto donde el dolor despierta algo dormido. Lo que comienza como liberación pronto se convierte en una guerra contra el sistema…",1999-10-15,Drama,8.4
365 días: Aquel día,"Laura y Massimo vuelven más fuertes que nunca, pero las ataduras familiares de Massimo y un misterioso hombre que quiere conquistar a Laura complican su relación.",2022-04-26,Drama,5.944
Girl,"Lara, de 15 años, sueña con convertirse en bailarina. Con el apoyo de su padre, se lanza de lleno a esta búsqueda interminable. Pero su cuerpo no se doblega tan fácilmente a la disciplina que le impone, porque en realidad cuando nació era un niño.",2018-09-18,Drama,7.161
Sundutan,,2026-03-06,Drama,4.0
El Padrino Parte II,"Continuación de la saga de los Corleone con dos historias paralelas: la elección de Michael Corleone como jefe de los negocios familiares y los orígenes del patriarca, el ya fallecido Don Vito, primero en Sicilia y luego en Estados Unidos, donde, empezando desde abajo, llegó a ser un poderosísimo jefe de la mafia de Nueva York.",1974-12-20,Drama,8.572
The Babysitters: Las niñeras,"Shirley Lyner (Katherine Waterston) es una joven estudiante que trabaja como niñera para ganar un dinero extra. Pero, tras tener una relación con uno de los padres, comienza a convertirse en dama de compañía de hombres casados.",2008-05-09,Drama,6.005
Malditos bastardos,"Segunda Guerra Mundial. Durante la ocupación de Francia por los alemanes, Shosanna Dreyfus presencia la ejecución de su familia por orden del coronel nazi Hans Landa. Ella consigue huir a París, donde adopta una nueva identidad como propietaria de un cine. En otro lugar de Europa, el teniente Aldo Raine adiestra a un grupo de soldados judíos ""Los bastardos"" para atacar objetivos concretos. Los hombres de Raine y una actriz alemana, que trabaja para los aliados, deben llevar a cabo una misión que hará caer a los jefes del Tercer Reich. El destino quiere que todos se encuentren bajo la marquesina de un cine donde Shosanna espera para vengarse.",2009-08-02,Drama,8.217
黒薔薇夫人,,1978-04-01,Drama,4.5
El rey león,"La sabana africana es el escenario en el que tienen lugar las aventuras de Simba, un pequeño león que es el heredero del trono. Sin embargo, se ve forzado a exiliarse al ser injustamente acusado de la muerte de su padre. Durante su destierro, hará buenas amistades y, finalmente, regresará para recuperar lo que legítimamente le corresponde.",1994-06-15,Drama,8.254
The Babysitters: Las niñeras,"Shirley Lyner (Katherine Waterston) es una joven estudiante que trabaja como niñera para ganar un dinero extra. Pero, tras tener una relación con uno de los padres, comienza a convertirse en dama de compañía de hombres casados.",2008-05-09,Drama,6.005
狠家伙,,,Drama,0.0
Oppenheimer,Película sobre el físico J. Robert Oppenheimer y su papel como desarrollador de la bomba atómica. Basada en el libro 'American Prometheus: The Triumph and Tragedy of J. Robert Oppenheimer' de Kai Bird y Martin J. Sherwin.,2023-07-19,Drama,8.026
xXx,"Xander Cage es XXX, un antiguo ganador de X-Games y atleta profesional de deportes de extremo, que sobrevive vendiendo videos de sus increíbles hazañas, las cuales hacen emitir adrenalina por todo el cuerpo. Pero después de incontables encuentros con la ley, su mundo está a punto de tomar un rumbo aún más extremo... Porque Xander no sabe que ha sido ""espiado"" por Augustus Gibbons, un agente veterano de la Agencia Nacional de Seguridad que se encuentra en una desesperada situación en la distante ciudad de Praga, en donde su operativo secreto ha sido asesinado por una pandilla de mafiosos con un estilo muy propio, que se llaman así mismos Anarchy 99, encabezados por el brutal ex-Comandante del Ejército Ruso Yorgi.",2002-08-09,Drama,5.988
El lobo de Wall Street,"Película basada en hechos reales del corredor de bolsa neoyorquino Jordan Belfort. A mediados de los años 80, Belfort era un joven honrado que perseguía el sueño americano, pero pronto en la agencia de valores aprendió que lo más importante no era hacer ganar a sus clientes, sino ser ambicioso y ganar una buena comisión. Su enorme éxito y fortuna le valió el mote de ""El lobo de Wall Street"". Dinero. Poder. Mujeres. Drogas. Las tentaciones abundaban y el temor a la ley era irrelevante. Jordan y su manada de lobos consideraban que la discreción era una cualidad anticuada; nunca se conformaban con lo que tenían.",2013-12-25,Drama,8.0
La herencia del mal,"Año 1859. Cuando una joven maorí es convocada desde Nueva Zelanda hasta North Yorkshire, descubre su terrible herencia colonial y se ve empujada a enfrentarse al aristócrata inglés que destrozó a su familia, decidida a acabar con él. Una historia de venganza marcada por las heridas del pasado colonial.",2026-04-17,Drama,6.417
Intocable,"Un hombre tetraplégico y millonario contrata como cuidador a domicilio a Driss, un inmigrante de un barrio marginal recién salido de la cárcel. Aunque no parece la persona más indicada, congenian hasta forjar una amistad tan sólida como inesperada.",2011-11-02,Drama,8.272
“Cumbres Borrascosas”,"Una apasionada y tumultuosa historia de amor con los páramos de Yorkshire como telón de fondo, que explora la intensa y destructiva relación entre Heathcliff y Catherine Earnshaw.",2026-02-11,Drama,6.663
Violencia en la frontera 2,Jóvenes combatientes indios se prepararon para proteger su patria de una amenaza mayor durante la guerra indo-pakistaní de 1971.,2026-01-23,Drama,7.2
After: Aquí empieza todo,"La joven Tessa Young cursa su primer año en la universidad. Acostumbrada a una vida estable y ordenada, su mundo cambia cuando conoce a Hardin Scott, un misterioso joven de oscuro pasado. Desde el primer momento se odian, porque pertenecen a dos mundos distintos y son completamente opuestos. Sin embargo, estos dos polos opuestos pronto se unirán y nada volverá a ser igual. Tessa y Hardin deberán enfrentarse a difíciles pruebas para estar juntos. La inocencia, el despertar a la vida, el descubrimiento sexual y las huellas de un amor tan poderoso como la fuerza del destino.",2019-04-11,Drama,7.106
Del revés (Inside Out),"Riley es una chica que disfruta o padece toda clase de sentimientos. Aunque su vida ha estado marcada por la Alegría, también se ve afectada por otro tipo de emociones. Lo que Riley no entiende muy bien es por qué motivo tiene que existir la Tristeza en su vida. Una serie de acontecimientos hacen que Alegría y Tristeza se mezclen en una peligrosa aventura que dará un vuelco al mundo de Riley.",2015-06-17,Drama,7.909
위험한 관계: 교수와 여대생,,2021-04-01,Drama,6.0
Return to Silent Hill,"Impulsado por las sombras de su pasado, James Sunderland regresa a Silent Hill para encontrar a su amor perdido, Mary Crane. Pero el pequeño pueblo oscuro y deprimente ya no es el lugar de sus recuerdos. James se encuentra con personajes que le parecen demasiado familiares y que intentan distraerlo de su búsqueda de Mary. Cuanto más busca a Mary, más comienza a preguntarse si esto sigue siendo la realidad, o si ha caído en el oscuro inframundo de Jacob Crane.",2026-01-21,Drama,5.393
Malditos bastardos,"Segunda Guerra Mundial. Durante la ocupación de Francia por los alemanes, Shosanna Dreyfus presencia la ejecución de su familia por orden del coronel nazi Hans Landa. Ella consigue huir a París, donde adopta una nueva identidad como propietaria de un cine. En otro lugar de Europa, el teniente Aldo Raine adiestra a un grupo de soldados judíos ""Los bastardos"" para atacar objetivos concretos. Los hombres de Raine y una actriz alemana, que trabaja para los aliados, deben llevar a cabo una misión que hará caer a los jefes del Tercer Reich. El destino quiere que todos se encuentren bajo la marquesina de un cine donde Shosanna espera para vengarse.",2009-08-02,Drama,8.217
農家の嫁は、取り扱い注意！ Part 2 有機ある大作戦篇,,2021-04-02,Drama,10.0
黒薔薇夫人,,1978-04-01,Drama,4.5
देऊळ बँड 2,,2026-05-21,Drama,0.0
Sleeping Beauty Next Door,,2026-01-16,Drama,9.667
Crueles intenciones,"Kathryn y Sebastian son dos hermanastros que viven Manhattan, estudiantes de bachillerato en un elitista instituto de Nueva York. Cada uno es más manipulador y más perverso que el otro, así que harán una singular apuesta. Sebastian debe cortejar a una chica virgen que ha encandilado al novio de Kathryn. Si Sebastian pierde, Kathryn se quedará con su Jaguar, pero si gana... la tendrá a ella.",1999-03-05,Drama,6.817
Oppenheimer,Película sobre el físico J. Robert Oppenheimer y su papel como desarrollador de la bomba atómica. Basada en el libro 'American Prometheus: The Triumph and Tragedy of J. Robert Oppenheimer' de Kai Bird y Martin J. Sherwin.,2023-07-19,Drama,8.026
La fuerza del deber,"Con la seguridad de su familia en juego y rodeado de amenazas, un policía deberá decidir hasta dónde está dispuesto a llegar para cumplir con su deber.",2026-05-15,Drama,6.5
¡Olvídate de mí!,"Una mujer usa los servicios de una empresa para borrar de su memoria todo recuerdo de su ex pareja. Ofendido, el hombre intenta hacer lo mismo que ella, pero el proceso no sucede según lo esperado y el protagonista debe atravesar la gigantesca marea de recuerdos de su propio cerebro para recomponer las cosas.",2004-03-19,Drama,8.091
Crueles intenciones,"Kathryn y Sebastian son dos hermanastros que viven Manhattan, estudiantes de bachillerato en un elitista instituto de Nueva York. Cada uno es más manipulador y más perverso que el otro, así que harán una singular apuesta. Sebastian debe cortejar a una chica virgen que ha encandilado al novio de Kathryn. Si Sebastian pierde, Kathryn se quedará con su Jaguar, pero si gana... la tendrá a ella.",1999-03-05,Drama,6.817
El lobo de Wall Street,"Película basada en hechos reales del corredor de bolsa neoyorquino Jordan Belfort. A mediados de los años 80, Belfort era un joven honrado que perseguía el sueño americano, pero pronto en la agencia de valores aprendió que lo más importante no era hacer ganar a sus clientes, sino ser ambicioso y ganar una buena comisión. Su enorme éxito y fortuna le valió el mote de ""El lobo de Wall Street"". Dinero. Poder. Mujeres. Drogas. Las tentaciones abundaban y el temor a la ley era irrelevante. Jordan y su manada de lobos consideraban que la discreción era una cualidad anticuada; nunca se conformaban con lo que tenían.",2013-12-25,Drama,8.0
La lista de Schindler,"Oskar Schindler, un hombre de enorme astucia y talento para las relaciones públicas, organiza un ambicioso plan para ganarse la simpatía de los nazis. Después de la invasión de Polonia por los alemanes, consigue, gracias a sus relaciones con los nazis, la propiedad de una fábrica de Cracovia. Allí emplea a cientos de operarios judíos, cuya explotación le hace prosperar rápidamente. Su gerente, también judío, es el verdadero director en la sombra, pues Schindler no tiene el menor conocimiento industrial.",1993-12-15,Drama,8.569
Hasta el último hombre,"La historia de Desmond T. Doss, quien, debido a que se lo prohibía su fe, combatió en la Segunda Guerra Mundial sin portar un arma. No disparó ni una bala, pero salvó a 75 personas de la muerte en la batalla de la isla de Okinawa.",2016-10-07,Drama,8.19
Atrápame si puedes,"Frank Abagnale Jr. trabajó como médico, abogado y copiloto de una de las grandes líneas aéreas, todo ello antes de cumplir los dieciocho años. También fue un genial falsificador y sus habilidades le otorgaron una plaza en la historia. A la edad de 17 años, Frank Abagnale Jr. se convirtió en el ladrón de bancos de más éxito en la historia de Estados Unidos. El agente del FBI Carl Hanratty dedicó la mayor parte de su tiempo a perseguir a Frank para llevarle ante la justicia, pero Frank siempre estaba un paso por delante, retándole a continuar la caza.",2002-12-16,Drama,7.978
365 días más,"La relación de Laura y Massimo pende de un hilo mientras intentan superar los problemas de confianza y los celos, mientras que un tenaz Nacho trabaja para separarlos.",2022-08-18,Drama,6.4
Forrest Gump,"Forrest Gump es un chico con deficiencias mentales no muy profundas y con alguna incapacidad motora que, a pesar de todo, llegará a convertirse, entre otras cosas, en un héroe durante la Guerra del Vietnam. Su persistencia y bondad le llevarán a conseguir una gran fortuna, ser objeto del clamor popular y a codearse con las más altas esferas sociales y políticas del país. Siempre sin olvidar a Jenny, su gran amor desde que era niño.",1994-06-23,Drama,8.465
La muerte de Robin Hood,"Robin Hood intenta lidia con sus demonios tras una larga vida de crímenes y asesinatos. Cuando en una sangrienta batalla resulta herido de gravedad, es enviado a un misterioso castillo para que curen sus heridas. Allí conocerá a una mujer que le ofrecerá una última oportunidad de redención.",2026-06-18,Drama,6.25
México 86,"Audacia, locura y puro ingenio mexicano. En 1986, México fue sede del Mundial contra todo pronóstico. ¿Cómo se logró esa increíble hazaña?",2026-05-21,Drama,7.581
위험한 관계: 교수와 여대생,,2021-04-01,Drama,6.0
La casa de la playa,"Selin viaja en el tiempo hasta la casa de verano en la que se hospeda y se encuentra en la juventud de su madre. A la vez que cambia el destino de su familia, también reconstruye su propia vida.",2026-06-06,Drama,7.5
Un grande amore,,1995-01-01,Drama,5.0
Batman Begins,"¿Cómo cambia un hombre el mundo? Es una pregunta que obsesiona a Bruce Wayne al igual que el fantasma de sus padres, muertos a tiros ante sus ojos en las calles de Gotham una noche que cambió su vida para siempre. Atormentado por la culpa y la ira, el desilusionado heredero industrial desaparece de Gotham y viaja en secreto por el mundo, buscando los medios de luchar contra la injusticia y utilizar el miedo contra los que se aprovechan de los que tienen miedo. Con la ayuda de su leal mayordomo Alfred, el detective Jim Gordon - uno de los pocos buenos policías de las fuerzas del orden público de Gotham - y Lucius Fox, su aliado en la división de Ciencias Aplicadas de Wayne Enterprises, Bruce Wayne libera a su imponente alter ego: Batman, un justiciero enmascarado que utiliza la fuerza, la inteligencia y un despliegue de artefactos de alta tecnología para combatir las fuerzas siniestras que amenazan con destruir la ciudad.",2005-06-10,Drama,7.727
La belleza de las cosas,"En 1943, durante la Segunda Guerra Mundial, Stig, un joven de 15 años, comparte con sus compañeros de clase el interés adolescente por los misterios del sexo. Pronto descubre antes que nadie algo que no comparte con ellos: tiene un affair con su profesora, Viola, que está casada con Kjell, un vendedor ambulante de lencería. Kjell, que se apoda a si mismo Frank porque vende más, es amante de la ginebra, de Beethoven y de Mahler, y aunque está enamorado de su mujer, ocasionalmente también le es infiel. Al tiempo que tiene sus encuentros amorosos con Viola, Stig desarrolla una fuerte amistad con Frank.",1995-03-08,Drama,6.4
David,"En un reino gobernado por el miedo, un joven pastor se atreve a enfrentarse a un gigante y a la oscuridad que se oculta tras él. Su valor despertará a una nación y demostrará que la verdadera fuerza proviene de la confianza, no del poder.",2025-12-14,Drama,8.1
Scandal Queen,,2026-06-05,Drama,7.5
Diamante de sangre,"Con el caos y la guerra civil que en los años 90 envolvió Sierra Leona como telón de fondo, ""Diamante de sangre"" es la historia de Danny Archer, un ex mercenario sudafricano, y Solomon Vandy, un pescador de Mende. Ambos hombres son africanos, pero sus historias y sus circunstancias son completamente diferentes. Sus destinos se unen en la búsqueda conjunta para recuperar un diamante rosa, poco común, que puede transformar sus vidas. Mientras se halla en prisión por contrabando, Archer se entera de que Solomon, quien fue separado de su familia y obligado a trabajar en las minas de diamantes, ha encontrado y escondido la extraordinaria piedra sin pulir. Con la ayuda de Maddy Bowen, una periodista americana cuyo idealismo se ve atenuado por una profunda relación con Archer, los dos hombres emprenden un viaje por territorio rebelde.",2006-12-08,Drama,7.56
Diamante de sangre,"Con el caos y la guerra civil que en los años 90 envolvió Sierra Leona como telón de fondo, ""Diamante de sangre"" es la historia de Danny Archer, un ex mercenario sudafricano, y Solomon Vandy, un pescador de Mende. Ambos hombres son africanos, pero sus historias y sus circunstancias son completamente diferentes. Sus destinos se unen en la búsqueda conjunta para recuperar un diamante rosa, poco común, que puede transformar sus vidas. Mientras se halla en prisión por contrabando, Archer se entera de que Solomon, quien fue separado de su familia y obligado a trabajar en las minas de diamantes, ha encontrado y escondido la extraordinaria piedra sin pulir. Con la ayuda de Maddy Bowen, una periodista americana cuyo idealismo se ve atenuado por una profunda relación con Archer, los dos hombres emprenden un viaje por territorio rebelde.",2006-12-08,Drama,7.56
Batman Begins,"¿Cómo cambia un hombre el mundo? Es una pregunta que obsesiona a Bruce Wayne al igual que el fantasma de sus padres, muertos a tiros ante sus ojos en las calles de Gotham una noche que cambió su vida para siempre. Atormentado por la culpa y la ira, el desilusionado heredero industrial desaparece de Gotham y viaja en secreto por el mundo, buscando los medios de luchar contra la injusticia y utilizar el miedo contra los que se aprovechan de los que tienen miedo. Con la ayuda de su leal mayordomo Alfred, el detective Jim Gordon - uno de los pocos buenos policías de las fuerzas del orden público de Gotham - y Lucius Fox, su aliado en la división de Ciencias Aplicadas de Wayne Enterprises, Bruce Wayne libera a su imponente alter ego: Batman, un justiciero enmascarado que utiliza la fuerza, la inteligencia y un despliegue de artefactos de alta tecnología para combatir las fuerzas siniestras que amenazan con destruir la ciudad.",2005-06-10,Drama,7.727
Infiel,"El matrimonio de Edward (Richard Gere) y Connie Sumner (Diane Lane) parece ir bien: tienen dinero, posición, un niño y una bonita casa en un barrio residencial de las afueras de Nueva York. Pero un día, en Manhattan, Connie conoce a Paul (Olivier Martinez), un joven y atractivo coleccionista de libros de origen francés. Ambos comienzan una relación adúltera de insospechadas consecuencias.",2002-05-10,Drama,6.702
La doncella,"Corea, década de 1930, durante la colonización japonesa. Una joven llamada Sookee es contratada como doncella de una rica mujer japonesa, Hideko, que vive recluida en una gran mansión bajo la influencia de un tirano. Sookee guarda un secreto y con la ayuda de un estafador que se hace pasar por un conde japonés, planea algo para Hideko.",2016-06-01,Drama,8.2
Heat,"Neil McCauley es un experto ladrón. Su filosofía consiste en vivir sin ataduras que puedan constituir un obstáculo, si las cosas se complican. Su banda la forman criminales profesionales tan cualificados que pueden impresionar incluso al detective Vincent Hanna. Pero Hannah vive tan obsesionado con su trabajo que llega incluso a poner en peligro su relación sentimental. Cuando la banda de McCauley prepara el golpe definitivo y el equipo de Hannah intenta evitarlo, cada uno de ellos comprende que tiene que vérselas con una de las mentes más brillantes a la que se ha enfrentado en su carrera.",1995-12-15,Drama,7.937
Perdida,"El día de su quinto aniversario de boda, Nick Dunne informa de que su esposa Amy ha desaparecido misteriosamente. Pronto la presión policial y mediática hace que el retrato de felicidad doméstica que ofrece Nick empiece a tambalearse. Además, su extraña conducta lo convierte en sospechoso, y todo el mundo comienza a preguntase si Nick mató a su esposa...",2014-10-01,Drama,7.89
Scandal Queen,,2026-06-05,Drama,7.5
El reino de los cielos,"Balián de Ibelín viaja a Jerusalén durante las cruzadas del siglo XII, donde será el defensor de su pueblo.",2005-05-03,Drama,7.057
Sex Trip,,2026-02-20,Drama,6.0
Kantara Una Leyenda Capítulo - 1,"Durante el reinado de los Kadamba, el rey Vijayendra, gobernante de la ficticia tierra feudataria de Bangra, encuentra su destino final mientras se aventura en el místico bosque de Kantara. Testigo de ello, su hijo Rajashekara sella las fronteras de su reino. Más tarde, el príncipe Kulashekara las reabre mediante una brutal masacre. El protagonista, Berme, en busca de prosperidad, cruza la brecha y enciende un conflicto de fe, poder y destino entre el Reino y la Naturaleza.",2025-10-01,Drama,7.129
Marte (The Martian),"Un explorador espacial queda atrapado en Marte, luego de ser abandonado por los miembros de su tripulación, quienes pensaron que había muerto a consecuencia de una tormenta. Casi sin recursos y con solo su ingenio, intentará sobrevivir mientras la NASA, por un lado, y los miembros de su tripulación, por su propia cuenta, intentan rescatarlo.",2015-09-30,Drama,7.7
Girls Like Girls,,2026-06-18,Drama,7.0
Un grande amore,,1995-01-01,Drama,5.0
Tayuan 2,,2026-04-17,Drama,4.9
Joker,"Arthur Fleck es un hombre ignorado por la sociedad, cuya motivación en la vida es hacer reír. Pero una serie de trágicos acontecimientos le llevarán a ver el mundo de otra forma. Película basada en Joker, el popular personaje de DC Comics y archivillano de Batman, pero que en este film toma un cariz más realista y oscuro.",2019-10-01,Drama,8.123
Malèna,"Malena es la belleza más encantadora e irresistible de Castelcuto, un aburrido pueblo de la soleada costa siciliana. Es nueva en la población y estando su marido en la guerra, cada paseo que da por el pueblo se convierte en un espectáculo, acompañado por las lujuriosas miradas de los hombres de la localidad y de los resentidos cotilleos de sus envidiosas esposas. Un ejército de flacos adolescentes en bicicleta la sigue allí donde vaya, con la única intención de observar su exquisita y arquetípica belleza. Entre ellos se encuentra Renato Amoroso, un chico de trece años con mucha imaginación que lleva su deseo a unos límites inesperados de obsesiva fantasía.",2000-10-27,Drama,7.505
365 días,"Massimo es miembro de la mafia siciliana y Laura es una directora de ventas. Ella no espera que un viaje a Sicilia salve su relación, pero Massimo la secuestrará durante 365 días para que se enamore de él.",2020-02-07,Drama,6.992
A Silent Voice,"Shōko, una niña con discapacidad auditiva, es víctima de acoso en su escuela, siendo Shōya su principal agresor. Cuando ella se cambia de colegio, él sufre el rechazo de sus compañeros y queda aislado. Años después, intenta enmendar su error y hacer las paces con Shōko.",2016-09-17,Drama,8.4
Swedish Wildcats,,1972-01-20,Drama,4.7
Raja Shivaji,"Película basada en la vida de uno de los más grandes reyes guerreros de la India, Chhatrapati Shivaji Maharaj, quien se alzó contra poderosas fuerzas para sentar las bases del Swarajya. Vive este gran espectáculo histórico, creado para la pantalla grande.",2026-05-01,Drama,9.0
Love Me Love Me,"Tras la muerte de su hermano, June se muda a Milán para empezar de nuevo. Allí encuentra refugio en Will, el alumno perfecto de su instituto internacional. Pero James, el problemático mejor amigo de Will, que oculta una peligrosa vida en peleas clandestinas de MMA, convierte la rivalidad en una atracción irresistible que obliga a June a elegir entre una vida segura y un amor que lo cambia todo.",2026-02-12,Drama,5.978
Marty Supreme,"Biopic de Marty Reisman, un buscavidas convertido en campeón de ping pong, desde que empezó a jugar por apuestas en Manhattan hasta ganar 22 títulos importantes y convertirse en el más veterano en ganar una competición nacional de deportes de raqueta, con 67 años.",2025-12-19,Drama,7.386
La casa de la playa,"Selin viaja en el tiempo hasta la casa de verano en la que se hospeda y se encuentra en la juventud de su madre. A la vez que cambia el destino de su familia, también reconstruye su propia vida.",2026-06-06,Drama,7.5
Hunting Season,"Cuando una misteriosa joven aparece en la orilla de un río local, tanto la niña de doce años que la descubre como su sobreprotector padre cambian para siempre con la llegada de esta extraña a su hogar. Mientras, un despiadado capo de la droga no se detendrá ante nada para matarla de una vez por todas.",2025-12-05,Drama,6.962
പേട്രിയറ്റ്,,2026-05-01,Drama,7.1
El pecado de Lola,"Tras la marcha de su madre al extranjero por temas de negocios, Albert, de dieciséis años de edad, continua sus vacaciones en su maravillosa casa, con la única compañía del camarero. Pero la llegada de una nueva criada revolucionará el panorama.",1984-05-04,Drama,7.0
Logan,"Sin sus poderes, por primera vez, Lobezno es verdaderamente vulnerable. Después de una vida de dolor y angustia, sin rumbo y perdido en el mundo donde los X-Men son leyenda, su mentor Charles Xavier lo convence de asumir una última misión: proteger a una joven que será la única esperanza para la raza mutante.",2017-02-28,Drama,7.8
ஜன நாயகன்,,,Drama,0.0
Salvar al soldado Ryan,"Segunda Guerra Mundial, 1944. Tras el desembarco de los Aliados en Normandía, a un grupo de soldados americanos se le encomienda una peligrosa misión: poner a salvo al soldado James Ryan. Los hombres de la patrulla del capitán John Miller deben arriesgar sus vidas para encontrar a este soldado, cuyos tres hermanos han muerto en la guerra. Lo único que se sabe del soldado Ryan es que se lanzó con su escuadrón de paracaidistas detrás de las líneas enemigas.",1998-07-24,Drama,8.2
El uno para el otro,"Francia /// Pierre, un joven bisexual que vive en la provincia francesa, mantiene una relación incestuosa con su hermana Lucie. Ambos descubrieron desde pequeños a utilizar el poder de su sexualidad y cuando Pierre muere, Lucie busca una explicación a su temprana vida sexual. Basada en un recuerdo del director Pascal Arnold.",2006-07-21,Drama,6.0
Taboo: Family Secrets,"Las infidelidades del patriarca Lukas dividen a la familia. La visita de su hijo Tyler desata una relación tabú con su madrastra Amanda, alterando para siempre la dinámica y las lealtades después de ciertas revelaciones.",2024-10-22,Drama,5.2
Hamnet,"Descubre la poderosa historia de amor que inspiró la creación de Hamlet, la intemporal obra maestra de Shakespeare.  La historia de Agnes, la esposa de William Shakespeare, en su lucha por superar la tragedia familiar que irrumpe en su vida. Una historia con el telón de fondo de la creación de una de las más conocidas e importantes obras de Shakespeare, 'Hamlet'.",2025-11-26,Drama,7.7
Pídeme lo que quieras,"Judith Flores es una chica normal. Tiene un trabajo que le apasiona, muy buenos amigos y un padre encantador. Pero su vida cambia radicalmente cuando conoce a Eric Zimmerman, dueño de la empresa donde ella trabaja. Su relación con Eric está a punto de dinamitar su vida por completo.",2024-11-29,Drama,6.131
Hayok,,2026-05-15,Drama,7.0
Frankenstein,"Un científico brillante y obsesivo, Victor Frankenstein, en su ambición por desafiar a la muerte, da vida a una criatura ensamblada con partes de cadáveres. Pese a tratarse de una proeza científica, Frankenstein considera que la criatura carece de inteligencia y la rechaza. Dolida, esta se rebela contra su creador.",2025-10-17,Drama,7.6
La idea de tenerte,"Solène, madre soltera de 40 años, comienza un romance inesperado con Hayes Campbell, de 24 años, el cantante principal de August Moon, la banda de chicos más popular del planeta.",2024-05-02,Drama,7.279
Animal,,2023-12-01,Drama,6.122
Crepúsculo,"La joven Bella Swan siempre fue una chica muy diferente ya en sus años de niña en Phoenix. Cuando su madre se volvió a casar, la mandó a vivir con su padre, a la pequeña y lluviosa ciudad de Forks, Washington, una población sin ningún aliciente para Bella. Pero entonces conoce en el instituo al misterioso y atractivo Edward Cullen, un joven distinto a los demás que esconde un secreto...",2008-11-20,Drama,6.281
Corazones de acero,"Abril de 1945. Al mando del veterano sargento Wardaddy, un pelotón de cinco soldados americanos a bordo de un carro de combate -el Fury- ha de luchar contra un ejército nazi al borde de la desesperación, pues los alemanes saben que su derrota estaba ya cantada por aquel entonces.",2014-10-15,Drama,7.547
La llegada,"Unas misteriosas naves espaciales aterrizan por todo el mundo. Un equipo, liderado por la lingüista Louise Banks, intenta descifrar el motivo de su visita. A medida que la humanidad se tambalea al borde de la guerra, Louise y su equipo luchan contra el tiempo, llegando a poner en peligro su vida y, muy posiblemente, la del resto de la humanidad.",2016-11-10,Drama,7.627
Cuenta atrás,"Unos obreros de la construcción encuentran una bomba de la Segunda Guerra Mundial sin explotar en pleno centro de Londres, lo que les obliga a evacuar la ciudad para salvar a la multitud de transeúntes inocentes que se encuentran en las inmediaciones. Unos ladrones oportunistas aprovecharán el caos para llevar a cabo un elaborado atraco.",2026-03-23,Drama,6.454
Top Gun: Ídolos del aire,"La Marina de los Estados Unidos ha creado una escuela de élite para pilotos con el fin de sacar una promoción de expertos en técnicas de combate. En la academia, más conocida como Top Gun, a los mejores se les entrena para ser intrépidos y fríos al mismo tiempo, capaces de no perder los nervios en situaciones extremas y de no inmutarse al romper la barrera del sonido a los mandos de un F-14. A la escuela llega el joven Maverick, famoso por su temeraria aunque brillante forma de pilotar.",1986-05-16,Drama,7.068
수상한 미용실,,2015-10-22,Drama,6.7
Memorias de lo que no fue,,2017-05-31,Drama,4.8
How to Have Sex,"Tres adolescentes británicas se van de vacaciones para celebrar sus ritos de iniciación: beber, salir de fiesta y ligar, en lo que debería ser el mejor verano de sus vidas.",2023-11-02,Drama,6.231
나쁜 수업,,2015-12-31,Drama,4.0
Despierta la furia,"H (Jason Statham) es el misterioso tipo que acaba de incorporarse como guardia de seguridad en una compañía de furgones blindados. Durante un intento de atraco a su camión, sorprende a sus compañeros mostrando habilidades propias de un soldado profesional, dejando al resto del equipo preguntándose quién es realmente y de dónde viene.",2021-04-22,Drama,7.575
Beauty from Pain,"Tras una devastadora ruptura, una aspirante a música escapa a Australia. Acepta un romance sin compromiso con un millonario vinicultor, pero al enamorarse debe elegir entre alejarse o arriesgar su corazón por un hombre que teme amar.",2025-12-18,Drama,6.974
El club de los poetas muertos,"En un elitista y estricto colegio privado de Nueva Inglaterra, un grupo de alumnos descubrirá la poesía, el significado de ""Carpe Diem"" -aprovechar el momento- y la importancia de perseguir los sueños, gracias a un excéntrico profesor que despierta sus mentes por medio de métodos poco convencionales.",1989-06-02,Drama,8.3
Reina de corazones,"Annie es una exitosa abogada que vive en una casa de estilo modernista con sus dos hijas y su marido Peter, un reputado físico. La aparición de Gustav, un hijo que pertenece a una relación previa de Peter, pone patas arriba la armonía que reina en la vida de Annie. Lo que en un principio parece ser un movimiento liberador para ella, pronto se convierte en una historia de poder y traición que tendrá consecuencias devastadoras en su vida.",2019-03-27,Drama,6.905
सैयारा,,2025-07-18,Drama,6.412
Humint,"Un agente surcoreano investiga una red de narcotráfico en Rusia y debe colaborar con un agente norcoreano, lo cual los lleva correr riesgos y descubrir secretos muy turbios.",2026-02-11,Drama,7.477
Midsommar,"Una pareja estadounidense que no está pasando por su mejor momento acude con unos amigos a un festival de verano que se celebra cada noventa años en una aldea remota de Suecia. Lo que comienza como unas vacaciones de ensueño en un lugar en el que el sol no se pone nunca, poco a poco se convierte en una oscura pesadilla cuando los misteriosos aldeanos les invitan a participar en sus perturbadoras actividades festivas.",2019-07-03,Drama,7.1
Shutter Island,"Verano de 1954. Los agentes judiciales Teddy Daniels y Chuck Aule son destinados a una remota isla del puerto de Boston para investigar la desaparición de una peligrosa asesina recluida en el hospital psiquiátrico Ashecliffe, un centro penitenciario para criminales perturbados dirigido por el siniestro doctor John Cawley. Pronto descubrirán que el centro guarda muchos secretos, y que la isla esconde algo más peligroso que los pacientes.",2010-02-14,Drama,8.2
En busca de la felicidad,"Chris Gardner es un vendedor brillante y con talento, pero su empleo no le permite cubrir sus necesidades más básicas. Tanto es así que acaban echándolo, junto a su hijo de cinco años, de su piso de San Francisco y no tienen ningún lugar al que ir. Cuando Gardner consigue hacer unas prácticas en una prestigiosa correduría de bolsa, los dos protagonistas tendrán que afrontar muchas adversidades parar hacer realidad su sueño de una vida mejor. Basada en hechos reales.",2006-12-14,Drama,7.887
From the Ashes,,2027-06-01,Drama,0.0
Ugly Story,,2026-05-22,Drama,4.0
El profesional (Léon),"Stan es un corrupto agente de la DEA cuya codicia le lleva a cometer asesinatos en las calles de Nueva York. El mortal juego del gato y el ratón empieza cuando se cruza en su camino un solitario hombre, llamado León. León es asesino a sueldo, un personaje indestructible e indocumentado, que sólo bebe leche y se ocupa de sus plantas. En medio se encuentra una huerfanita de 12 años, que no puede olvidar al hombre que asesinó a su familia.",1994-09-14,Drama,8.294
Un amor contra viento y marea,"Los Singh son una familia india con grandes convicciones culturales de su nación de origen, que emigraron a Reino Unido antes de nacer sus primeros hijos. Uno de ellos querrá casarse con una mujer ajena a su cultura y para ello deberá hacer todos los esfuerzos por convencer a su familia.",1995-10-20,Drama,8.5
Wonder,"Un niño de 10 años nacido con una deformidad facial que le ha obligado a ser operado 27 veces de cirugía, se esfuerza por encajar en su nuevo colegio.",2017-11-13,Drama,8.107
"Deseo, peligro","Shanghai, 1942. La ciudad está ocupada por los japoneses. La señora Mak, una mujer rica y sofisticada, recuerda cómo empezó todo en 1938. Su verdadero nombre no es Mak, sino Wong Chia Chi. Poco antes de estallar la II Guerra Mundial (1939-1945), su padre huyó a Inglaterra y la dejó en China. Era estudiante universitaria y conoció a Kuang Yu Min, que acababa de fundar una compañía de teatro para fomentar el patriotismo. Wong Chia Chi se convirtió en la primera actriz de la compañía. Kuang, por su parte, convenció a un grupo de estudiantes para que asesinaran al señor Yee, un importante colaborador de los japoneses. Wong Chia Chi colaboró en el plan haciéndose pasar por la señora Mak: su cometido era hacerse amiga de la mujer de Yee para ganarse la confianza de éste y seducirlo. Todo iba sucediendo según lo previsto, hasta que se produjo un acontecimiento inesperado.",2007-09-24,Drama,7.276
Malta,"Mariana quiere irse lejos de Bogotá, lejos de su familia, pero sobre todo lejos de sí misma. Malta es un lugar por donde empezar. Antes de llegar allí tendrá que adentrarse en otros territorios.",2024-03-08,Drama,5.4
El precio del poder,"Un emigrante cubano frío y sanguinario, Tony Montana, llega de Cuba para instalarse en Miami, donde se propone hacerse con un nombre dentro del crimen organizado de Florida. Junto a su amigo, Manny Rivera, inicia una ascendente carrera delictiva.",1983-12-09,Drama,8.156
Happy End,"Él acaba de perder su empleo y, además de estar deprimido por no poder encontrar otro trabajo, debe ocuparse de las tareas del hogar y del bebé. Ella es directora en una escuela de inglés y tiene una aventura. Cuando él se entera de que su mujer tiene un affair, no puede hacer nada, ya que vive gracias al sueldo de su mujer. Esto hará que la situación se complique...",1999-12-11,Drama,6.6
El chico y la garza,La película muestra el crecimiento psicológico de un adolescente a través de interacciones con sus amigos y su tío. Está basada en el libro de 1937 del mismo nombre escrito por Genzaburo Yoshino.,2023-07-14,Drama,7.403
Antes de ti,"Louisa “Lou” Clark (Emilia Clarke), una chica inestable y creativa, reside en un pequeño pueblo de la campiña inglesa. Vive sin rumbo y va de un trabajo a otro para ayudar a su familia a llegar a fin de mes. Sin embargo, un nuevo trabajo pondrá a prueba su habitual alegría. En el castillo local, se ocupa de cuidar y acompañar a Will Traynor (Sam Claflin), un joven y rico banquero que se quedó paralítico tras un accidente.",2016-06-01,Drama,7.923
Maladolescencia,"Laura y Fabrizio, una pareja de adolescentes, pasan el verano en la casa de verano familiar de uno de ellos. Juntos pasan el día en el bosque de los alrededores, disfrutando de la naturaleza y amándose. Pero la irrupción de Silvia provoca en Fabrizio un cambio de actitud en su relación con Laura.",1977-05-06,Drama,5.3
En tus sueños,"El enamoramiento de dos personas que huyeron del matrimonio y los interesantes acontecimientos que siguieron. Estambul, renovación urbana, amor y sueños se unen en esta película.",2023-02-03,Drama,7.321
Cars 3,"Sorprendido por una nueva generación de corredores ultrarrápidos, el legendario Rayo McQueen queda relegado repentinamente del deporte que tanto ama. Para retomar su carrera, va a necesitar la ayuda de una joven mecánica de carreras, Cruz Ramírez, que tiene su propio plan para ganar, además de la inspiración del fallecido Fabuloso Hudson Hornet y un par de giros inesperados. ¡Y para probar que el nº95 no está ni mucho menos acabado, el campeón tendrá que poner a prueba su valía en el gran circuito de la Copa Piston!",2017-06-15,Drama,6.9
Náufrago,"Chuck Noland, un ejecutivo de la empresa multinacional de mensajería FedEx, se ve apartado de su cómoda vida y de su prometida a causa de un accidente de avión por el que queda aislado de la civilización en una remota isla tropical. Único superviviente y solo en la isla, tras cuatro años de subsistencia Chuck aprende todas las técnicas de supervivencia mientras sufre la tortura de la soledad. La solución: arriesgar la vida adentrándose mar adentro.",2000-12-22,Drama,7.663
La proposición,"Margaret es una poderosa y estricta editora de gran éxito de Nueva York que, por un problema con su visado, de repente se enfrenta a ser deportada a Canadá, su país de origen. Para evitarlo y poder mantener su visa en Estados Unidos, la astuta ejecutiva declara que está comprometida con su joven asistente Andrew, al que lleva torturando durante años. Andrew acepta participar en la farsa, pero con algunas condiciones. La ""pareja"" se dirige entonces a Alaska a conocer la peculiar familia de él, y la ejecutiva de ciudad, acostumbrada a tener todo bajo control, se encuentra inmersa en situaciones surrealistas que escapan a cualquier lógica conocida. Con planes de boda en camino y un agente de inmigración tras sus pasos, Margaret y Andrew se comprometen a seguir con el plan previsto pese a las consecuencias.",2009-06-02,Drama,7.168
À 14 ans,,2015-02-25,Drama,4.0
El caballero oscuro: La leyenda renace,"Hace ocho años que Batman desapareció, dejando de ser un héroe para convertirse en un fugitivo. Al asumir la culpa por la muerte del fiscal del distrito Harvey Dent, el Caballero Oscuro decidió sacrificarlo todo por lo que consideraba, al igual que el Comisario Gordon, un bien mayor. La mentira funciona durante un tiempo, ya que la actividad criminal de la ciudad de Gotham se ve aplacada gracias a la dura Ley Dent. Pero todo cambia con la llegada de una astuta gata ladrona que pretende llevar a cabo un misterioso plan. Sin embargo, mucho más peligrosa es la aparición en escena de Bane, un terrorista enmascarado cuyos despiadados planes obligan a Bruce a regresar de su voluntario exilio.",2012-07-17,Drama,7.795
Vidas pasadas,"La familia de Nora emigra a Canadá cuando ella tiene 10 años. Pierde el contacto con su amor de la infancia. Muchos años después, cuando Nora está estudiando teatro en Nueva York, se reencuentra con él online.",2023-06-02,Drama,7.7
चाँद मेरा दिल,,2026-05-22,Drama,5.4
গাঙ্গর,,2011-01-01,Drama,5.5
Prisioneros,"Keller Dover se enfrenta a la peor de las pesadillas: Anna, su hija de seis años, ha desaparecido con su amiga Joy y, a medida que pasa el tiempo, el pánico lo va dominando. Desesperado, decide ocuparse personalmente del asunto. Pero, ¿hasta dónde está dispuesto a llegar para averiguar el paradero de su hija?",2013-09-19,Drama,8.106
La Obsesión de Kyla,"Riley conoce a Kyla en el instituto, una chica solitaria de la que rápidamente se vuelve amiga íntima. Pero pronto descubre la obsesión que tiene su nueva compañera.",2018-06-12,Drama,4.9
애첩,,2020-12-24,Drama,5.0
Wicked Minds,,2003-03-01,Drama,6.34
Orgullo y prejuicio,"Las cinco hermanas Bennet han sido criadas por una madre obsesionada por encontrarles marido. Pero una de ellas, Lizzie, inteligente y con carácter, desea una vida con perspectivas más abiertas, un anhelo respaldado por su padre. Cuando el señor Bingley, un soltero rico, y su círculo de sofisticados amigos se instalan en una mansión vecina para pasar el verano, las Bennett se entusiasman con la posibilidad de encontrar pretendientes. En el baile de bienvenida, Lizzie conoce al apuesto y elegante señor Darcy, pero, a primera vista, le parece demasiado orgulloso y arrogante.",2005-09-16,Drama,8.055
Infiltrados,"El Departamento de Policía de Massachussets se enfrenta a la mayor banda de crimen organizado de la ciudad de Boston. La estrategia consiste en acabar desde dentro con Frank Costello, el poderoso jefe de la mafia irlandesa. El encargado de infiltrarse en la banda es un joven novato, Billy Costigan. Mientras Billy intenta ganarse la confianza de Costello, otro joven policía, Colin Sullivan, sube rápidamente de categoría y ocupa un puesto en la unidad de Investigaciones Especiales, grupo de élite cuya misión también es acabar con Costello. Lo que nadie sabe es que Colin es un topo infiltrado en la policía por el propio Costello.",2006-10-04,Drama,8.16
Soul,"¿Alguna vez te has preguntado de dónde provienen tu pasión, tus sueños y tus intereses? ¿Qué es lo que te hace ser... tú? Viaja desde las calles de Nueva York a los reinos cósmicos para descubrir las respuestas a las preguntas más importantes de la vida.",2020-12-25,Drama,8.092
Suzume,"Suzume, una joven chica de diecisiete años que vive en un pueblo tranquilo en la región de Kyushu, en el suroeste de Japón. La historia comienza cuando Suzume conoce a un misterioso joven que busca una 'puerta'. Los dos viajan juntos y encuentran una puerta vieja en una casa abandonada en las montañas. Como si algo tirara de ella, Suzume extiende su mano hacia la puerta, lo que comienza una serie de eventos desafortunados en todo Japón.",2022-11-11,Drama,7.889
El último vikingo,"Anker sale de prisión tras cumplir una condena de quince años por robo. El dinero del atraco fue enterrado por su hermano Manfred. Solo él sabe dónde está. Por desgracia, desde entonces Manfred ha desarrollado un trastorno mental que le ha hecho olvidarlo todo. Juntos, los hermanos emprenden un viaje inesperado para encontrar el dinero y descubrir quiénes son en realidad.",2025-10-09,Drama,7.2
Érase una vez en… Hollywood,"Los Angeles, 1969. La estrella de televisión Rick Dalton, un actor en horas bajas especializado en westerns, y el doble de acción Cliff Booth, su mejor amigo, tratan de sobrevivir a una industria cinematográfica en constante cambio. Dalton es vecino de la joven y prometedora actriz y modelo Sharon Tate, que acaba de casarse con el prestigioso director polaco Roman Polanski…",2019-07-24,Drama,7.4
El rey león,"Simba es el hijo del rey de los leones, Mufasa, y heredero de todo el reino. Pero cuando su padre es brutalmente asesinado por su tío Scar, decidirá huir, dejando vía libre para que su tío tome el puesto de su padre como líder de la manada. En su camino, Simba se encuentra con el suricato  Timón y el jabalí Pumba, que le enseñarán a vivir la vida sin preocupaciones. Pero el joven león se verá obligado a decidir entre su vida libre de problemas o su destino como rey .",2019-07-12,Drama,7.096
Русская нимфетка: искушение,,2004-11-28,Drama,5.6
रॉकी और रानी की प्रेम कहानी,,2023-07-08,Drama,6.152
A través de mi ventana,"Raquel lleva toda la vida loca por Ares, su atractivo y misterioso vecino. Lo observa sin ser vista y es que, muy a su pesar, no han intercambiado ni una palabra. Raquel tiene muy claro su objetivo: conseguir que Ares se enamore de ella. Pero ella no es una niña inocente y no está dispuesta a perderlo todo por el camino, y mucho menos a sí misma...",2022-02-04,Drama,7.352
성판17: 남자들의 17가지 성적 판타지,,2017-11-13,Drama,6.2
Juego con la muerte,"Billy es un famoso artista marcial con una prometedora carrera por delante. El Dr. Lamb, el líder de un sindicato que explota a artistas quiere que Billy fiche para él. Pero Billy se niega a firmar el contrato y entonces empieza una guerra sin cuartel entre Billy y el sindicato para conseguir su libertad.",1978-03-23,Drama,6.403
Road House (De profesión: duro),"Dalton es un exluchador de la UFC en horas bajas que acepta un trabajo como portero en un conflictivo bar de carretera de los Cayos de Florida, sólo para descubrir que este paraíso no es todo lo que parece... Remake de la película de 1989 con Patrick Swayze.",2024-03-08,Drama,6.945
Kirot,,2025-09-30,Drama,5.5
Cenicienta,"Cuenta las andanzas de Ella, una joven cuyo padre, un comerciante, vuelve a casarse tras enviudar. Para agradar a su padre, acoge con cariño a su madrastra y a sus hijas en la casa familiar. Pero, cuando su padre muere inesperadamente, la joven queda a merced de unas mujeres celosas y malvadas que la convierten en sirvienta y la relegan a la cocina. Pero, a pesar de la crueldad con la que la tratan, está dispuesta a cumplir las últimas palabras de su madre que le dijo que debía ""ser valiente y amable"".",2015-03-06,Drama,6.8
జూనియర్,,2025-07-18,Drama,4.1
Ice Road: Venganza,"El camionero del hielo Mike McCann, cumpliendo el último deseo de su hermano, viaja a Nepal para esparcir sus cenizas en el monte Everest. En un autobús turístico que atraviesa el territorio de la tristemente célebre Ruta al Cielo, Mike y su guía se topan con un grupo de mercenarios y deberán luchar para salvar sus vidas.",2025-06-27,Drama,6.243
Taxi Driver,"Para sobrellevar el insomnio crónico que sufre después de su regreso de Vietnam, Travis decide trabajar como taxista nocturno. Como individuo tiene poco contacto con la gente, pero observa la violencia y desolación en la que se hunde la ciudad de Nueva York. Travis anota en su diario todas sus impresiones, hasta que un día decide pasar a la acción.",1976-02-09,Drama,8.125
La chica de al lado,"Basada en una historia real sucedida en el año 1958. Sylvia Likens fue brutalmente torturada, violada y asesinada en el sótano de un hogar familiar del estado de Indiana.",2007-07-19,Drama,6.653
La ciudad de las estrellas (La La Land),"Mia, una joven aspirante a actriz que compagina los castings con su trabajo de camarera, y Sebastian, un pianista de jazz que se gana la vida tocando en sórdidos tugurios, se enamoran. Pero la gran ambición por llegar a la cima en sus carreras artísticas amenaza con separarlos.",2016-12-01,Drama,7.898
Lolita,"Humbert es un europeo culto, brillante y atractivo que se instala en una ciudad de Nueva Inglaterra como profesor. Una vez allí, se hospeda en casa de Charlotte, una voluptuosa viuda, que ve en Humbert la encarnación de sus fantasías provincianas. Pero Humbert oculta una herida envenenada: el recuerdo de un frustrado amor de adolescencia. Por eso, Lolita, la hija de Charlotte, se le aparece a Humbert como la materialización de sus sueños.",1997-09-27,Drama,7.11
3 Idiots,"Cuenta la historia de Rancho. Un chico con una pasión por estudiar y aprender. En la escuela de ingenieros, entablará amistad con Raju y Farham que acabarán por convertirse en sus dos mejores amigos. Pero al graduarse pierden el contacto y sus dos amigos deciden ir en su búsqueda.",2009-12-23,Drama,7.999
Falcon Lake,"Bastien, un adolescente parisino, pasa las vacaciones con su familia en una cabaña junto a un lago de Quebec. Allí se encontrará con Chloé, una chica mayor, de quien se enamorará. A pesar de la diferencia de edad y de los miedos de Bastien, desarrollarán un vínculo especial. Bastien tendrá que enfrentarse a sus miedos para conseguir un lugar en el corazón de Chloé, mientras exploran su sexualidad y la inquietante leyenda del fantasma del lago.",2022-10-14,Drama,7.0
사이공 선셋,,2025-04-30,Drama,6.0
Cruella,"Ambientada en el Londres de los años 70, en plena revolución del punk rock, muestra a una joven estafadora llamada Estella, una chica inteligente y creativa, decidida a convertirse en una exitosa diseñadora de moda, que se asocia con un par de ladrones para sobrevivir en las calles de la capital británica. Pero cuando su talento para la moda llama la atención de la legendaria diseñadora, la Baronesa von Hellman, Estella cambia el rumbo de su vida hasta que una serie de acontecimientos y revelaciones que harán que Estella asuma su lado malvado y se convierta en la estridente, moderna y vengativa Cruella de Vil.",2021-05-26,Drama,7.972
Blade Runner,"A principios del siglo XXI, la Tyrell Corporation desarrolló un nuevo tipo de robot llamado Nexus, un ser virtualmente idéntico al hombre y conocido como Replicante.  Los Replicantes Nexus-6 eran superiores en fuerza y agilidad, y al menos iguales en inteligencia, a los ingenieros de genética que los crearon.  En el espacio exterior, los Replicantes fueron usados como trabajadores esclavos en la arriesgada exploración y colonización de otros planetas.  Después de la sangrienta rebelión de un equipo de combate de Nexus-6 en una colonia sideral, los Replicantes fueron declarados proscritos en la Tierra bajo pena de muerte.  Brigadas de policías especiales, con el nombre de Unidades de Blade Runners, tenían órdenes de tirar a matar al ver a cualquier Replicante invasor.  A esto no se le llamó ejecución, se le llamó retiro.",1982-06-25,Drama,7.936
RRR,Un cuento de ficción sobre dos revolucionarios indios legendarios y su viaje lejos de casa antes de que comenzaran a luchar por su país en la década de 1920.,2022-03-24,Drama,7.7
സംഭവം അദ്ധ്യായം ഒന്ന്,,2026-03-06,Drama,6.4
Alguien voló sobre el nido del cuco,"Randle McMurphy (Jack Nicholson), un violador de espíritu libre, que vive contracorriente, es recluido en un hospital psiquiátrico. La inflexible disciplina del centro acentúa su contagiosa tendencia al desorden, que acabará desencadenando una guerra entre los pacientes y el personal de la clínica con la fría y severa enfermera Ratched (Louise Fletcher) a la cabeza. La suerte de cada paciente del pabellón está en juego.",1975-11-19,Drama,8.412
10 razones para odiarte,"Las hermanas Stratford son muy distintas. La guapa y popular Bianca nunca ha salido con un chico, y Kat, su hermana mayor, es una bruja con muy mal genio, y algo arisca, que se ha propuesto rechazar a cualquier chico que demuestre el más mínimo interés por ella. Desgraciadamente, el estricto reglamento que rige el hogar de los Stratford prohibe a Blanca tener novio hasta que su insoportable hermana tenga uno; situación que parece más que improbable teniendo en cuenta que Kat lleva una vida social desastrosa. Blanca está desesperada por ir al baile de fin de curso. Pero su pretendiente, Cameron, guarda una sorpresa...",1999-03-30,Drama,7.594
King Kong,"La suerte de Ann Darrow cambia cuando conoce a Carl Denham, un empresario que lucha para abrirse camino en el mundo del espectáculo. A ellos se une Jack Driscoll, un autor de teatro neoyorquino. Los tres emprenden un viaje que los llevará hasta una remota isla, donde Denham tiene previsto dirigir una película. Allí descubren un ser increíble, un gorila gigante, King Kong, que habita en una frondosa selva, donde criaturas prehistóricas han vivido ocultas durante millones de años. Denham, con un apetito insaciable de grandeza, enseguida ve la fama que puede reportarle la captura del gorila y su exhibición en Nueva York.",2005-12-12,Drama,6.892
So Won,Una niña llamada So Won se convierte en víctima de la violencia. Su familia pasa por la desesperación y el dolor al intentar abrir otra puerta en su vida.,2013-10-02,Drama,8.4
Aguas profundas,"Un marido adinerado, que permite que su esposa tenga relaciones extramatrimoniales para evitar el divorcio, se convierte en el principal sospechoso de la desaparición de los amantes de ella... Adaptación de la novela de Patricia Highsmith.",2022-03-17,Drama,5.828
Núremberg,"Tras el fin de la II Guerra Mundial, con ocasión de los cruciales e inminentes juicios de Nuremberg contra el derrotado régimen Nazi, el psiquiatra estadounidense Douglas Kelley (Malek), encargado de determinar si los oficiales nazis prisioneros son aptos para ser juzgados por sus crímenes de guerra, se ve inmerso en una compleja batalla de ingenio dialéctico con Hermann Göring (Crowe), mano derecha de Hitler. Basada en el libro ""El nazi y el psiquiatra"", de Jack El-Hai.",2025-11-06,Drama,7.557
나는 노리개다,,2025-06-14,Drama,0.0
Couture: Vidas entrelazadas (2026),"En plena vorágine de la Semana de la Moda de París, se entrecruzan los caminos de tres mujeres, que lidian con las tragedias del mundo y los interrogantes de sus vidas: a Maxime, una directora de cine estadounidense en la cuarentena, le diagnostican cáncer; Ada, una joven modelo de Sudán del Sur, escapa de un futuro marcado para terminar en un entorno frívolo, y Angèle, maquilladora francesa que trabaja entre bambalinas en los desfiles, sueña con cambiar de vida.",2026-02-18,Drama,6.175
La llave secreta,"Nino es un hombre mayor que está casado con una bella joven. El tipo no está muy satisfecho con su vida sexual, pero una posibilidad de cambio se abre una noche que sorprende a su esposa dormida.",1983-10-19,Drama,5.995
Una cuestión de tiempo,"La trama de la película gira en torno a un joven llamado Tim Lake. El protagonista y su familia tienen el curioso don de poder viajar a través del tiempo. Al descubrir esta cualidad, Tim empieza a beneficiarse de ello para cambiar diferentes aspectos de su vida. Se enamora de una chica, Mary, a la que conoce tras transladarse a vivir a Londres por motivos de trabajo. Su historia de amor se verá beneficiada gracias al don de Tim, sin embargo, el protagonista no tardará en darse cuenta de que su habilidad no es capaz de ampararle en algunos problemas y cuestiones familiares.",2013-09-04,Drama,7.907
A Perfect Ending,"Rebecca tiene un secreto muy inusual, uno que ni siquiera sus mejores amigos conocen. La última persona en la tierra que espera para revelarlo a un escort de alto precio llamada París. Lo que comienza como una comedia de errores termina en un viaje exclusivamente erótico. Los esfuerzos no convencionales de Rebecca por encontrarse a sí misma son crudos, evocadores, y a menudo humorísticos, pero siempre muy reales, muy humanos. A veces un final perfecto no es lo uno se espera que sea. (FILMAFFINITY)",2012-06-01,Drama,6.239
Los siete samuráis,"Una banda de forajidos atemorizan a los habitantes de un pequeño pueblo, saqueándolos periódicamente sin piedad. Para repeler estos ataques, los aldeanos deciden contratar a mercenarios. Finalmente, consiguen los servicios de 7 guerreros, 7 samurais dispuestos a defenderlos a cambio, tan solo, de cobijo y comida.",1954-04-26,Drama,8.5
Lágrimas del sol,"Un equipo liderado por un veterano oficial de la unidad especial SEAL, el teniente Waters, se adentra en el corazón de África con la misión de rescatar a la Dra. Lena Kendrick, una bella doctora de nacionalidad americana en la zona conflictiva. Pero cuando la encuentran, ella se niega a abandonar a los refugiados, pidiendo a Waters que les escolte por la peligrosa jungla nigeriana. El oficial se verá en el conflicto de elegir entre seguir las órdenes recibidas o los dictados de su propia conciencia.",2003-03-07,Drama,6.89
El truco final (El prestigio),"Robert Angier es un ilusionista respetado que se obsesiona con uno de los trucos de su rival Alfred Borden. Para conseguir el truco hará todo lo posible, sin saber hasta qué punto cambiará su vida...",2006-10-19,Drama,8.208
Django desencadenado,"Dos años antes de estallar la Guerra Civil (1861-1865), Schultz, un cazarrecompensas alemán que le sigue la pista a unos asesinos, le promete al esclavo Django dejarlo en libertad si le ayuda a atraparlos. Terminado con éxito el trabajo, Django prefiere seguir al lado del alemán y ayudarle a capturar a los delincuentes más buscados del Sur. Se convierte así en un experto cazador de recompensas, pero su único objetivo es rescatar a su esposa Broomhilda, a la que perdió por culpa del tráfico de esclavos. La búsqueda llevará a Django y a Schultz hasta Calvin Candie, el malvado propietario de la plantación ""Candyland"". La presencia de ambos en los alrededores de la propiedad, despierta las sospechas de Stephen, el esclavo de confianza de Candie.",2012-12-25,Drama,8.2
Kafir: Gerbang Sukma,,2026-01-29,Drama,6.5
El amor violado,Cuatro hombres violan una noche a una enfermera en Grenoble. La mujer cree que jamás se recuperará del trauma. Sigue el consejo de una amiga y presenta una demanda.,1978-01-10,Drama,5.8
Anora,"Anora, una joven prostituta de Brooklyn, tiene la oportunidad de vivir una historia de Cenicienta cuando conoce e impulsivamente se casa con el hijo de un oligarca. Cuando la noticia llega a Rusia, su cuento de hadas se ve amenazado, ya que los padres parten hacia Nueva York para intentar conseguir la anulación del matrimonio.",2024-10-14,Drama,7.071
Ciudad de Dios,"Basada en hechos reales, cuenta la historia del crecimiento del crimen organizado en los suburbios de la ciudad de Río de Janeiro, desde finales de los años sesenta hasta el comienzo de los ochenta, cuando el tráfico de drogas y la violencia impusieron su ley entre la miseria de las favelas.“Buscapé” tiene 11 años y es sólo un niño más en Cidade de Deus, un suburbio de Río de Janeiro. Tímido y delicado, observa a los niños duros de su barrio, sus robos, sus peleas, sus enfrentamientos diarios con la policía. Ya sabe lo que quiere ser si consigue sobrevivir: fotógrafo. “Dadinho”, un niño de su misma edad, se traslada al barrio. Sueña con ser el criminal más peligroso de Río de Janeiro y empieza su aprendizaje haciendo recados para los delincuentes locales. Dos vidas paralelas en Cidade de Deus.",2002-08-30,Drama,8.429
El Padrino Parte III,"Michael Corleone, heredero del imperio de don Vito Corleone, intenta rehabilitarse socialmente y legitimar todas las posesiones de la familia negociando con el Vaticano. Después de luchar toda su vida se encuentra cansado y centra todas sus esperanzas en encontrar un sucesor que se haga cargo de los negocios. Vincent, el hijo ilegítimo de su hermano Sonny, parece ser el elegido.",1990-12-25,Drama,7.418
紅薔薇夫人,,2006-05-27,Drama,4.7
テンカウント,,,Drama,0.0
El último verano,"Anne, una brillante abogada que vive con su esposo Pierre y sus hijas, entabla gradualmente una relación apasionada con Theo, el hijo de Pierre de un matrimonio anterior, poniendo en peligro su carrera y su vida familiar.",2023-09-13,Drama,6.095
Juegos Psicológicos,"Una pareja enamorada pasa un tiempo alejada de la civilización. La llegada repentina primero de la hermana menor, y luego del exnovio de la niña, viola el idilio campestre. Cada uno de los héroes tiene su propio plan para este fin de semana, y juntos se convierten en rehenes de la situación y participantes en crueles juegos psicológicos. El enamoramiento da paso a la pasión, y el coqueteo inocente provoca celos y puede conducir a un peligro mortal.",2021-09-09,Drama,5.819
Baahubali: The Epic,"Cuando una pareja tribal encuentra a un niño misterioso cerca de una estruendosa cascada, lo crían como si fuera suyo. A medida que crece, Sivudu se siente atraído por el mundo más allá de los acantilados, donde descubre el antiguo reino de Mahishmati, gobernado por un tirano cruel, asolado por la rebelión y ligado a su propio pasado. Lo que comienza como una búsqueda por amor, pronto desentraña un legado de traición, sacrificio y un príncipe olvidado.",2025-10-29,Drama,6.2
El indomable Will Hunting,"Will es un joven rebelde con una inteligencia asombrosa, especialmente con las matemáticas. El descubrimiento de su talento por parte de los académicos le obligará a elegir entre seguir con su vida de siempre -un trabajo fácil, buenos amigos, muchas cervezas y alguna bronca- o aprovechar sus grandes cualidades intelectuales en alguna universidad. Sólo los consejos de un solitario y bohemio profesor le ayudará a decidirse.",1997-12-05,Drama,8.163
No te olvidaré,"Cuando los abuelos y tutores de Diem se niegan categóricamente a permitir que la vea, Kenna descubre una compasión inesperada seguida de un sentimiento más profundo y real con Ledger, exjugador de la NFL y propietario de un bar local. A medida que su romance secreto va cobrando forma, surgen problemas para los dos, lo que llevará a Kenna a una situación sentimental desoladora y, en último término, a reavivar la esperanza de una segunda oportunidad.",2026-03-11,Drama,7.735
गिन्नी वेड्स सन्नी 2,,2026-04-24,Drama,0.0
Eyes Wide Shut,"William Harford es un respetable médico neoyorquino cuya vida parece ir muy bien: está casado con una preciosa mujer, tiene una hija y tiene un trabajo que le gusta. Pero, al día siguiente de asistir a una fiesta, su esposa Alice le habla de unas fantasías eróticas y de cómo estuvo a punto de romper su matrimonio por un desconocido. Abrumado por esta confesión, acaba entrando en un local, donde un antiguo compañero le habla de una congregación secreta dedicada al hedonismo y al placer sin límites. A partir de entonces un mundo dominado por el sexo y el erotismo se abre ante él.",1999-07-16,Drama,7.5
El pianista,"Varsovia, 1939. El pianista polaco de origen judío Wladyslaw Szpilman (Adrien Brody) interpreta un tema de Chopin en la radio nacional de Polonia mientras la aviación alemana bombardea la capital. El régimen nazi ha invadido el país, y como hace en otros países invadidos, lleva a cabo la misma política con respecto a los judíos. Así Szpilman y toda su familia -sus padres, su hermano y sus dos hermanas- se ven obligados a dejar su casa y todo lo que les pertenece para trasladarse con miles de personas de origen judío al ghetto de Varsovia. Mientras Wladyslaw trabaja como pianista en un restaurante propiedad de un judío que colabora con los nazis, su hermano Henryk (Ed Stoppard) prefiere luchar contra los nazis. Pero tres años más tarde, los habitantes del ghetto son trasladados en trenes hacia campos de concentración.",2002-09-17,Drama,8.373
Apocalypse Now,"Durante la guerra de Vietnam, al joven Capitán Willard, un oficial de los servicios de inteligencia del ejército estadounidense, se le ha encomendado entrar en Camboya con la peligrosa misión de eliminar a Kurtz, un coronel renegado que se ha vuelto loco. El capitán deberá ir navegar por el río hasta el corazón de la selva, donde parece ser que Kurtz reina como un buda despótico sobre los miembros de la tribu Montagnard, que le adoran como a un dios.",1979-05-19,Drama,8.27
The Imitation Game (Descifrando Enigma),"Durante el invierno de 1952, las autoridades británicas entraron en el hogar del matemático, analista y héroe de guerra Alan Turing, con la intención de investigar la denuncia de un robo. Al final acabaron arrestando a Turing acusándole de indecencia grave, un cargo que le supondría una devastadora condena por una ofensa criminal: ser homosexual. Los oficiales no tenían ni idea de que en realidad estaban incriminando al pionero de la informática actual. Liderando a un heterogéneo grupo de académicos, lingüistas, campeones de ajedrez y oficiales de inteligencia, se le conoce por haber descifrado el código de la inquebrantable máquina Enigma de los alemanes durante la Segunda Guerra Mundial.",2014-11-14,Drama,7.984
Anora,"Anora, una joven prostituta de Brooklyn, tiene la oportunidad de vivir una historia de Cenicienta cuando conoce e impulsivamente se casa con el hijo de un oligarca. Cuando la noticia llega a Rusia, su cuento de hadas se ve amenazado, ya que los padres parten hacia Nueva York para intentar conseguir la anulación del matrimonio.",2024-10-14,Drama,7.07
El fugitivo,"El doctor Richard Kimble es un prestigioso cirujano de Chicago con una vida prácticamente perfecta: una bella esposa, una casa de lujo en un elegante barrio de Chicago... Su vida se desmorona el día que su mujer es brutalmente asesinada en manos de un misterioso hombre manco. Kimble es acusado del crimen y, aunque él es inocente, es sentenciado con la pena de muerte. Camino de la cárcel, el autobús donde es transportado Kimble sufre un accidente de tráfico. Varios prisioneros consiguen escapar, entre ellos el propio Kimble. El detective Samuel Gerard es el encargado de realizar la investigación. Todos los fugados son atrapados, excepto el esquivo Kimble, que se le escapa de las manos por unos segundos. Ahora que está en libertad, Kimble sabe que solamente tiene una manera de probar su inocencia: encontrar al verdadero asesino. Perseguido por Gerard, inicia la búsqueda del manco.",1993-08-06,Drama,7.481
La ciudad de las estrellas (La La Land),"Mia, una joven aspirante a actriz que compagina los castings con su trabajo de camarera, y Sebastian, un pianista de jazz que se gana la vida tocando en sórdidos tugurios, se enamoran. Pero la gran ambición por llegar a la cima en sus carreras artísticas amenaza con separarlos.",2016-12-01,Drama,7.898
여자전쟁: 도기의 난,,2016-03-24,Drama,0.0
Kafir: Gerbang Sukma,,2026-01-29,Drama,6.5
Orgía de ninfómanas,Una mujer brutal regenta un burdel de lujo donde impera el sexo y la violencia. Eran entrenadas para ofrecer su cuerpo al sexo en todas sus perversiones.,1981-05-29,Drama,4.875
Love Kills,,2024-06-04,Drama,5.0
Apolo 13,"El Apolo 13 inicia su viaje a la luna en abril de 1970. Cuando la tripulación está a punto de llegar a su destino, una explosión en el espacio les hace perder oxígeno, energía y el curso de la nave... Todo se convierte en una situación desesperada para los tres hombres tripulantes, especialmente cuando el oxígeno amenaza con agotarse. Mientras, el mundo entero, que apenas un año antes conoció la gloria de la aventura espacial cuando el hombre pisó la luna, contiene la respiración a la espera de ver cómo acaba tan angustiosa espera.",1995-06-30,Drama,7.463
La vida es bella,"En 1939, a punto de estallar la Segunda Guerra Mundial (1939-1945), el extravagante Guido llega a Arezzo, en la Toscana, con la intención de abrir una librería. Allí conoce a la encantadora Dora y, a pesar de que es la prometida del fascista Rodolfo, se casa con ella y tiene un hijo. Al estallar la guerra, los tres son internados en un campo de exterminio, donde Guido hará lo imposible para hacer creer a su hijo que la terrible situación que están padeciendo es tan sólo un juego.",1997-12-20,Drama,8.439
올리고당 더 무비,,2017-06-15,Drama,4.5
마담 뺑덕,,2014-10-02,Drama,6.114
The Imitation Game (Descifrando Enigma),"Durante el invierno de 1952, las autoridades británicas entraron en el hogar del matemático, analista y héroe de guerra Alan Turing, con la intención de investigar la denuncia de un robo. Al final acabaron arrestando a Turing acusándole de indecencia grave, un cargo que le supondría una devastadora condena por una ofensa criminal: ser homosexual. Los oficiales no tenían ni idea de que en realidad estaban incriminando al pionero de la informática actual. Liderando a un heterogéneo grupo de académicos, lingüistas, campeones de ajedrez y oficiales de inteligencia, se le conoce por haber descifrado el código de la inquebrantable máquina Enigma de los alemanes durante la Segunda Guerra Mundial.",2014-11-14,Drama,7.984
Below Her Mouth,"Dallas (Erika Linder), quien acaba de terminar con su pareja, lleva a cabo la agresiva seducción de Jasmine (Natalie Krill), una aparente heterosexual, comprometida a casarse con su novio.",2017-02-10,Drama,6.803
Juegos Psicológicos,"Una pareja enamorada pasa un tiempo alejada de la civilización. La llegada repentina primero de la hermana menor, y luego del exnovio de la niña, viola el idilio campestre. Cada uno de los héroes tiene su propio plan para este fin de semana, y juntos se convierten en rehenes de la situación y participantes en crueles juegos psicológicos. El enamoramiento da paso a la pasión, y el coqueteo inocente provoca celos y puede conducir a un peligro mortal.",2021-09-09,Drama,5.819
Pleasure,La joven Linnéa deja atrás su vida en un pueblo sueco para ir a Los Angeles y convertirse en la próxima gran estrella porno. El camino hacia su objetivo será más accidentado de lo que había imaginado.,2021-10-08,Drama,6.272
Apocalypse Now,"Durante la guerra de Vietnam, al joven Capitán Willard, un oficial de los servicios de inteligencia del ejército estadounidense, se le ha encomendado entrar en Camboya con la peligrosa misión de eliminar a Kurtz, un coronel renegado que se ha vuelto loco. El capitán deberá ir navegar por el río hasta el corazón de la selva, donde parece ser que Kurtz reina como un buda despótico sobre los miembros de la tribu Montagnard, que le adoran como a un dios.",1979-05-19,Drama,8.27
Érase una vez en América,"David Aaronson ""Noodles"", un pobre joven judío, conoce en los suburbios de principios del siglo XX de Manhattan, Nueva York, a Maximilian Bercovicz ""Max"", otro joven de origen hebreo dispuesto a llegar lejos por cualquier método. Entablan una gran amistad y forman, con los 3 colegas de ""Noodles"", Patrick Goldberg ""Patsy"", Philip Stein ""Cockeye"", y Dominic una banda que prospera rápidamente. Desgraciadamente, son perseguidos por Bugsy, el tipo para el que Noodles y sus amigos trabajaban anteriormente, y en uno de sus asaltos, mata a Dominic. Rápidamente Noodles se tira encima suyo y le mata, por lo que pasará 12 años en prisión. Cuando Noodles sale de prisión le recibe Max, que sigue con su banda junto a los otros 2 amigos, Patsy y Cockeye. Rápidamente, entre los 4, llegan a convertirse, en tiempos de la prohibición, en unos de los mayores gánsteres de todo el país.",1984-05-23,Drama,8.381
വാഴ II,,2026-04-02,Drama,7.318
Chotto Kawaii Iron Maiden,"Adaptación cinematográfica del popular cómic del mismo título por su extraordinaria premisa. El prometedor Yoshida Kota, conocido por su estilo humorístico y sensual en películas como Usotsuki Paradox, crea un drama único de la mayoría de edad sobre el amor entre dos chicas, con elementos de deportes y perseverancia en todas partes. El ""Club de la tortura"" es una actividad oficial después de la escuela en la escuela privada Saint Honesty Gakuen. Yuzuki (Kijima Noriko) no tiene idea sobre el club cuando se inscribe, y los miembros del club la secuestran y la retiran del salón del club. Allí, ella descubre que la estudiante de clase alta Aoi (Yoshizumi Haruna), su ídolo secreto, está en el club, y decide unirse, pero ...",2014-07-19,Drama,5.235
Eyes Wide Shut,"William Harford es un respetable médico neoyorquino cuya vida parece ir muy bien: está casado con una preciosa mujer, tiene una hija y tiene un trabajo que le gusta. Pero, al día siguiente de asistir a una fiesta, su esposa Alice le habla de unas fantasías eróticas y de cómo estuvo a punto de romper su matrimonio por un desconocido. Abrumado por esta confesión, acaba entrando en un local, donde un antiguo compañero le habla de una congregación secreta dedicada al hedonismo y al placer sin límites. A partir de entonces un mundo dominado por el sexo y el erotismo se abre ante él.",1999-07-16,Drama,7.5
Boyka: Invicto IV,"Boyka es un luchador de boxeo que se encuentra en mitad de una importante liga. Durante la competición se produce una muerte lo que hace que empiece a replantearse verdaderamente lo que merece la pena este deporte. Cuando descubre que la mujer del fallecido se encuentra en serios problemas, decide luchar una serie de batallas para poder liberarla de la servidumbre.",2016-08-01,Drama,7.202
Érase una vez en América,"David Aaronson ""Noodles"", un pobre joven judío, conoce en los suburbios de principios del siglo XX de Manhattan, Nueva York, a Maximilian Bercovicz ""Max"", otro joven de origen hebreo dispuesto a llegar lejos por cualquier método. Entablan una gran amistad y forman, con los 3 colegas de ""Noodles"", Patrick Goldberg ""Patsy"", Philip Stein ""Cockeye"", y Dominic una banda que prospera rápidamente. Desgraciadamente, son perseguidos por Bugsy, el tipo para el que Noodles y sus amigos trabajaban anteriormente, y en uno de sus asaltos, mata a Dominic. Rápidamente Noodles se tira encima suyo y le mata, por lo que pasará 12 años en prisión. Cuando Noodles sale de prisión le recibe Max, que sigue con su banda junto a los otros 2 amigos, Patsy y Cockeye. Rápidamente, entre los 4, llegan a convertirse, en tiempos de la prohibición, en unos de los mayores gánsteres de todo el país.",1984-05-23,Drama,8.381
Amor y otras drogas,"Maggie es una mujer independiente que ha decidido vivir sin ataduras. Pero conoce a Jamie, un joven cuyo irresistible encanto funciona no sólo con las mujeres, sino también dentro del despiadado mundo de las ventas farmacéuticas. La relación entre Maggie y Jamie, para sorpresa de ambos, desemboca en amor. La película se basa en una historia real: la de Jamie Reidy, un vendedor de Pfizer (laboratorio que desarrolló la Viagra), quien sacó a la luz algunas prácticas dudosas empleadas por estas compañías farmacéuticas.",2010-11-22,Drama,7.043
올리고당 더 무비,,2017-06-15,Drama,4.5
Dunkerque,"II Guerra Mundial. Cientos de miles de británicos y tropas aliadas están rodeados por las fuerzas enemigas. Atrapados en la playa con el mar a sus espaldas se enfrentan a una situación imposible mientras el enemigo se acerca. La película relata la Operación Dinamo, también conocida como el milagro de Dunkerque. Se trató de una operación de evacuación de las tropas aliadas en territorio francés, que tuvo lugar a finales de mayo de 1940. La operación permitió el rescate de más de 200.000 soldados británicos y más de 100.000 franceses y belgas.",2017-07-19,Drama,7.452
Nova Dubai,"En un barrio de clase media en una ciudad en el campo de Brasil, la especulación inmobiliaria es una amenaza para la memoria afectiva de un grupo de amigos. Su respuesta a esta inminente transformación es follar en los sitios de construcción. ¿Y el amor? ¿Es el amor solo una construcción?",2014-10-23,Drama,6.2
Vixen!,"Vixen Palmer vive en las montañas rocosas del Canadá. Su marido Tom, piloto de avioneta, se dedica a traer gente a la zona que quieren pasar unos días disfrutando de la pesca y la caza. Y como Vixen pasa tanto tiempo sola, buscará entretenerse como más le gusta.",1968-10-15,Drama,5.5
El sexto sentido,"El Dr. Malcom Crowe es un conocido psicólogo infantil obsesionado con el doloroso recuerdo de un joven paciente desequilibrado al que fue incapaz de ayudar. Cole Sear es un aterrorizado y confuso niño de ocho años que necesita tratamiento, y Crowe ve la oportunidad de redimirse haciendo todo lo posible por ayudarle. Sin embargo, el psicólogo infantil no está preparado para conocer la terrible verdad acerca del don sobrenatural de su paciente: recibe visitas no deseadas de espíritus atormentados.",1999-08-06,Drama,7.953
Le Mans '66,Se centra en un excéntrico y decidido equipo americano de ingenieros y diseñadores liderados por el visionario automovilístico Carroll Shelby y su conductor británico Ken Miles. Henry Ford II y Lee Iacocca les dan la misión de construir desde cero un nuevo automóvil con el fin de derrocar el dominio de Ferrari en el Campeonato del Mundo de Le Mans de 1966.,2019-11-13,Drama,8.006
Memories of Murder (Crónica de un asesino en serie),"Corea del Sur, 1986. Una joven aparece brutalmente violada y asesinada. Dos meses después, se producen una serie de violaciones y asesinatos en circunstancias similares. Para buscar al asesino, se organiza un destacamento especial, encabezado por un detective de la policía local (Park Doo-man) y un detective de la policía de Seúl (Seo Tae-yoon), que ha solicitado ser asignado al caso.",2003-04-25,Drama,8.058
Chotto Kawaii Iron Maiden,"Adaptación cinematográfica del popular cómic del mismo título por su extraordinaria premisa. El prometedor Yoshida Kota, conocido por su estilo humorístico y sensual en películas como Usotsuki Paradox, crea un drama único de la mayoría de edad sobre el amor entre dos chicas, con elementos de deportes y perseverancia en todas partes. El ""Club de la tortura"" es una actividad oficial después de la escuela en la escuela privada Saint Honesty Gakuen. Yuzuki (Kijima Noriko) no tiene idea sobre el club cuando se inscribe, y los miembros del club la secuestran y la retiran del salón del club. Allí, ella descubre que la estudiante de clase alta Aoi (Yoshizumi Haruna), su ídolo secreto, está en el club, y decide unirse, pero ...",2014-07-19,Drama,5.235
Incontrolable (I Swear),"La historia real de John Davidson. Diagnosticado con Tourette a los 15 años, señalado como loco por sus compañeros, luchó con una condición que pocos habían presenciado. Ya adulto, hizo campaña en favor del síndrome de Tourette .",2025-09-22,Drama,8.229
Un don excepcional,"Ambientada en un pueblo costero de Florida, Gifted cuenta la historia de Frank Adler, un hombre soltero que cría a su sobrina Mary tras el fallecimiento de su madre. La niña tiene una gran habilidad para las matemáticas y su abuela Evelyn lo sabe bien. Mientras que su tío intenta que la vida de la pequeña sea lo más normal posible y que disfrute de su infancia, Evelyn tiene otros planes para ella. Como consecuencia, Frank se verá obligado a luchar desesperadamente por su custodia.",2017-04-07,Drama,7.998
La pasión de Cristo,"Año 33 de nuestra era. En la provincia romana de Judea, un misterioso carpintero llamado Jesús de Nazareth comienza a anunciar la llegada del ""reino de Dios"" y se rodea de un grupo de humildes pescadores: los Apóstoles. Durante siglos, el pueblo judío había esperado la llegada del Mesías - personaje providencial que liberaría su sagrada patria e instauraría un nuevo orden basado en la justicia-. Las enseñanzas de Jesús atraen a una gran multitud de seguidores que lo reconocen como el Mesías. Alarmado por la situación, el Sanedrín, con la ayuda de Judas Iscariote, uno de los doce Apóstoles, arresta a Jesús. Acusado de traición a Roma, Cristo es entregado a Poncio Pilato, quien, para evitar un motín, lo condena a a morir en la cruz como un vulgar criminal.",2004-02-25,Drama,7.543
Grand Jeté,,2022-09-20,Drama,4.9
Below Her Mouth,"Dallas (Erika Linder), quien acaba de terminar con su pareja, lleva a cabo la agresiva seducción de Jasmine (Natalie Krill), una aparente heterosexual, comprometida a casarse con su novio.",2017-02-10,Drama,6.803
El laberinto del fauno,"En la España falangista de 1944, una joven aficionada a los libros e hijastra de un sádico oficial del ejército huye a un misterioso pero cautivador mundo de fantasía.",2006-10-11,Drama,7.765
El lado dulce de la traición,"En esta adaptación del libro de Sue Hecker, una contable ve la traición de su pareja como una oportunidad para vivir un despertar sexual... con consecuencias peligrosas.",2023-10-25,Drama,6.254
It (Eso),"Remake del clásico de Stephen King en el que un payaso aterroriza a los niños de un vecindario. En un pequeño pueblo de Maine, siete niños conocidos como el Club de los Perdedores se encuentran cara a cara con problemas de la vida, matones y un monstruo que toma la forma de un payaso llamado Pennywise.",2017-09-06,Drama,7.241
La vida es bella,"En 1939, a punto de estallar la Segunda Guerra Mundial (1939-1945), el extravagante Guido llega a Arezzo, en la Toscana, con la intención de abrir una librería. Allí conoce a la encantadora Dora y, a pesar de que es la prometida del fascista Rodolfo, se casa con ella y tiene un hijo. Al estallar la guerra, los tres son internados en un campo de exterminio, donde Guido hará lo imposible para hacer creer a su hijo que la terrible situación que están padeciendo es tan sólo un juego.",1997-12-20,Drama,8.439
Revelación,"La fotografía es un acto visual que trasciende en el tiempo, contando historias que perduran.",2025-04-24,Drama,0.0
Dangal,Mahavir Singh Phogat es un entrenador de lucha libre que prepara a sus hijas Babita Kumari y Geeta.,2016-12-21,Drama,7.873
Karate Kid: Legends,"Tras una tragedia familiar, el prodigio del kung fu Li Fong se ve obligado a abandonar su hogar en Pekín y trasladarse a Nueva York con su madre. Li lucha por dejar atrás su pasado mientras intenta encajar con sus nuevos compañeros de clase y, aunque no quiere pelear, los problemas parecen encontrarle en todas partes. Cuando un nuevo amigo necesita su ayuda, Li se presenta a una competición de kárate, pero sus habilidades no son suficientes. El profesor de kung fu de Li, el Sr. Han, pide ayuda al Karate Kid original, Daniel LaRusso, y Li aprende una nueva forma de luchar, fusionando sus dos estilos en uno solo para el enfrentamiento definitivo de artes marciales. Nueva película de la saga ""Karate Kid"", conectada al universo de ""Cobra Kai"".",2025-05-08,Drama,7.0
Ishqa'n De Lekhe,,2026-03-06,Drama,10.0
Der Tiger (El tanque),"Frente oriental, 1943: la dotación alemana de un tanque Tiger se embarca en una peligrosa misión tras las líneas enemigas. A medida que atraviesan la mortífera tierra de nadie, deberán enfrentarse al enemigo y a sus propios fantasmas del pasado.",2025-09-18,Drama,7.117
Un lugar tranquilo,"Evelyn y Lee Abbott son una pareja con tres hijos que vive en una granja aislada de toda civilización al norte de Nueva York. Esta familia ha sobrevivido durante meses en un mundo invadido y amenazado por mortales criaturas extraterrestres que se guían por el sonido para cazar. En este contexto en el que una palabra puede significar la muerte, la familia Abbott vive silenciosamente, andan descalzos y se comunican por medio del lenguaje de señas.",2018-04-03,Drama,7.393
Casino,"Las Vegas, 1973. Sam ""Ace"" Rothstein, un profesional de las apuestas, es el eficaz director de un importante casino que pertenece a un grupo de mafiosos. Su misión es controlar el funcionamiento del negocio y garantizar que la corriente de dinero que va a parar a manos de sus jefes siga fluyendo. Las Vegas es un lugar ideal para millonarios y políticos, pero es también lugar de paso de tahúres, prestamistas, traficantes de drogas y matones. Un día el violento Nicky Santoro, al que sus jefes han encargado que cuide de Sam, llega a Las Vegas con la intención de quedarse.",1995-11-22,Drama,7.999
വാഴ II,,2026-04-02,Drama,7.318
Nightcrawler,"Tras ser testigo de un accidente, Lou Bloom (Jake Gyllenhaal), un apasionado joven que no consigue encontrar empleo, descubre como forma de ganar dinero el mundo del periodismo criminalista en la peligrosa ciudad de Los Ángeles. Su trabajo es llegar al escenario de crímenes o accidentes y fotografiar lo sucedido para venderlos al mejor postor.",2014-10-23,Drama,7.7
Chronicle,"Chronicle cuenta la historia de tres adolescentes normales y corrientes que de pronto desarrollan superpoderes que les permiten hacer cosas que nunca creyeron posibles. Mientras intentan aprender a controlar sus habilidades para usarlas en su beneficio, sus vidas se adentran en una espiral fuera de control, y se muestra el lado oscuro de sus recién descubiertos poderes con consecuencias inesperadas.",2012-02-01,Drama,6.856
Criadas y Señoras,"Mississippi, años 60. Skeeter es una joven sureña que regresa de la universidad decidida a convertirse en escritora. Su llegada altera la vida de la ciudad e incluso la de sus amigos porque se ha propuesto entrevistar a las mujeres negras que se han pasado la vida al servicio de las grandes familias sufriendo todas las formas de discriminación racial.",2011-08-09,Drama,8.204
The Treacherous,"1504 . El tirano Yeonsan-gun ordena a Im Soong-jae recorrer todo el país buscando bellas jóvenes a las que entrenar para satisfacer su lujuria. Entre ellas se encuentra Dan-hee, que quiere convertirse en concubina para matar al rey y vengar la muerte de su padre. Una suntuosa epopeya histórica, inspirada en uno de los personajes más infames de la historia de Corea.",2015-05-21,Drama,6.1
美女奉行 おんな牢秘抄II,,1995-09-21,Drama,6.0
Palitan 2,,2026-05-29,Drama,4.0
Chicas malas,"Una joven adolescente, Cady, acostumbrada a vivir en África con sus padres, zoólogos, se encuentra una nueva jungla cuando se muda a Illinois. Allí acude a la escuela pública, donde se enamorará del ex-novio de la chica más popular del colegio. Las chicas comenzarán a hacer la vida imposible a Cady, y ésta no tendrá otro remedio que usar sus mismas tácticas para mantenerse a flote.",2004-04-30,Drama,7.226
Sospechosos habituales,"Dave Kujan (Chazz Palminteri), un agente especial que trabaja para el servicio de aduanas de EEUU, está investigando las consecuencias de un incendio a bordo de un barco en el puerto de San Pedro de Los Ángeles, con un balance de 27 víctimas mortales -todas aparentemente asesinadas-. La única fuente de información de Kujan es Roger Kint (Kevin Spacey), un estafador lisiado que sobrevivió al incendio. En comisaría, Kint cuenta que todo comenzó 6 semanas atrás en Nueva York, cuando 5 delincuentes, 5 ""sospechosos habituales"", fueron detenidos para una rueda de reconocimiento referente al robo de un camión de armas...",1995-07-19,Drama,8.2
El día de la bandera,"Un padre de familia vive una doble vida como falsificador, ladrón de bancos y estafador para mantener a su hija.",2021-08-20,Drama,5.75
swingers ZwingerZ,Amiga italiana swinger nos cuenta su experiencia en el mudo liberal. ZwingerZ,2022-03-20,Drama,7.2
"Jack, el cazagigantes","Cuenta la historia de una antigua guerra que se reactiva cuando un joven granjero, sin ser consciente de ello, abre una puerta entre nuestro mundo y una aterradora raza de gigantes. Sueltos por la Tierra por primera vez en siglos, los gigantes se esfuerzan por reclamar la tierra que una vez perdieron, obligando al joven, Jack, a entablar la batalla de su vida para detenerlos. Luchando por un reino, por su pueblo y por el amor de una valiente princesa, se enfrenta cara a cara con unos incontenibles guerreros que pensaba que solo existían en la leyenda – y consigue la oportunidad de convertirse, él mismo, en una leyenda.",2013-02-27,Drama,5.892
Acorralado,"John Rambo es un veterano de la guerra de Vietnam que sufre de estrés postraumático. Un día, llega a un pequeño pueblo de Oregón, donde el sheriff Will Teasle le detiene por vagabundear. Rambo logra escapar de la comisaría y se refugia en el bosque, donde usa sus habilidades de supervivencia y combate para enfrentarse a los policías que le persiguen. El coronel Samuel Trautman, el antiguo jefe de Rambo, llega al pueblo para intentar negociar con él y evitar una masacre. Rambo tendrá que luchar contra sus propios demonios y contra las fuerzas del orden que le quieren capturar o matar.",1982-10-22,Drama,7.509
Almas en pena de Inisherin,"Pádraic y Colm son dos amigos de toda la vida que se encuentran en un callejón sin salida cuando Colm pone inesperadamente fin a su amistad. Un aturdido Pádraic, ayudado por su hermana Siobhán y el problemático joven isleño Dominic se esfuerza por reparar la relación, negándose a aceptar un no por respuesta. Pero los repetidos esfuerzos de Pádraic no hacen más que reforzar la determinación de su antiguo amigo, y cuando Colm le da un ultimátum desesperado los acontecimientos se intensifican rápidamente, con consecuencias impactantes.",2022-10-20,Drama,7.464
Los Diez Mandamientos,"Drama bíblico ambientado en el Antiguo Egipto que narra la historia de Moisés (Charlton Heston), favorito de la familia del faraón, que decide renunciar a su vida de privilegios para conducir a su pueblo, los hebreos esclavizados en Egipto, hacia la libertad.",1956-10-05,Drama,7.785
Se acabó el negocio,"Antonio conoce a María, que vive recluida en un asilo regentado por monjas. Vive así porque está avergonzada de cómo es: tiene pelos en cara y brazos. Antonio la convence para que se vaya con ella, ha visto un gran negocio: exhibirla como si fuera una mujer simia que encontró en la selva africana. (FILMAFFINITY)",1964-01-31,Drama,7.3
La red social,"Mark Zuckerberg, alumno de Harvard y genio de la programación, se sienta a su ordenador y con empeño y entusiasmo comienza a desarrollar una nueva idea. En un furor de blogging y programación, lo que comenzó en la habitación de su colegio mayor pronto se convirtió en una red social global y una revolución en la comunicación. Seis años y 500 millones de amigos después, Mark Zuckerberg es el billonario más joven de la historia. Pero para este emprendedor, el éxito ha supuesto complicaciones personales y legales...",2010-10-01,Drama,7.375
American Psycho,"En un mundo moralmente plano en el que la ropa tiene más sentido que la piel, Patrick Bateman es un espécimen soberbiamente elaborado que cumple todos los requisitos de Master del Universo, desde el diseño de su vestuario hasta el de sus productos químicos. Es prácticamente perfecto, como casi todos en su mundo e intenta desesperadamente encajar en él. Cuando más intenta ser como cualquier otro hombre adinerado de Wall Street, más anónimo se vuelve y menos control tiene sobre sus terribles instintos y su insaciable sed de sangre, que lo arrastra a una vorágine en la que los objetos valen más que el cuerpo y el alma de una persona.",2000-04-13,Drama,7.4
Apolo 13,"El Apolo 13 inicia su viaje a la luna en abril de 1970. Cuando la tripulación está a punto de llegar a su destino, una explosión en el espacio les hace perder oxígeno, energía y el curso de la nave... Todo se convierte en una situación desesperada para los tres hombres tripulantes, especialmente cuando el oxígeno amenaza con agotarse. Mientras, el mundo entero, que apenas un año antes conoció la gloria de la aventura espacial cuando el hombre pisó la luna, contiene la respiración a la espera de ver cómo acaba tan angustiosa espera.",1995-06-30,Drama,7.463
Possum,"Un marionetista de espectáculos para niños caído en la desgracia y en la deshonra, regresa al hogar de su infancia y se ve forzado a enfrentarse a su retorcido y malvado padrastro y a los secretos que han estado torturádole durante toda su vida.",2018-10-26,Drama,6.132
"Nosotros, lejos del ruido","En el vibrante caos de Bombay, dos millennials socialmente inadaptados se descubren y se enamoran. Enfrentados a sus miedos internos y a las agobiantes expectativas de la sociedad, se embarcan en una escapada emocional y geográfica a las montañas, en busca de un espacio donde finalmente puedan ser ellos mismos.",2026-02-20,Drama,6.75
Un puente hacia Terabithia,"Jess Aarons, un chico que se siente extraño tanto en el colegio como en su propia casa, se ha entrenado durante todo el verano para correr una carrera; pero llega al colegio Leslie Burke y le gana. A pesar de ello, pronto se hacen amigos. Leslie, aficionada a contar fantásticas y mágicas historias, le abre a Jess las puertas de un mundo dominado por la imaginación. A Jess le gusta dibujar, pero nunca había compartido esa afición con nadie. Los dos crean el reino secreto de Terabithia, un lugar mágico cuya entrada sólo ellos conocen. Allí reinan, luchan contra el Maestro Oscuro y sus criaturas y trazan planes para vengarse de los compañeros prepotentes del colegio.",2007-02-15,Drama,7.338
令嬢肉奴隷,,1985-08-24,Drama,5.6
Sagaran,,2026-02-06,Drama,4.5
Fate/stay night: Heaven's Feel - III. Canción de Primavera,"Cuando Sakura es poseída por la sombra, Shirou arriesga su propio cuerpo y mente para salvarla deteniendo el Santo Grial contaminado, enfrentándose a su ahora corrompido Servant Saber en el proceso. Aliados con el sacerdote rebelde Kirei Kotomine, su compañero competidor Illyasviel von Einzbern y el servant Rider desplazado de Sakura, Shirou y Rin entran en una carrera contrarreloj para rescatar a Sakura de la locura y poner fin a la Guerra del Santo Grial de una vez por todas, antes de que el Grial corrupto pueda provocar. El fin del mundo.",2020-08-15,Drama,7.725
Sugar Mommy,,2026-06-09,Drama,0.0
Deseo,"Todo empieza cuando un marinero y una prostituta adolescente se encuentran por casualidad. Ese es el comienzo de Deseo, y a partir de ahí la cinta nos muestra a una serie de personajes típicos, propios todos de la sociedad mexicana.  La película en realidad es una crítica mordaz a la sociedad de México, que está llena de prejuicios raciales y de clase, aunque esto creo que es algo común a la mayoría de las sociedades del planeta.  Lo que la cinta nos quiere explicar es cómo debido a esos prejuicios el amor es casi imposible en México y lo que hay es sólo sexo sin amor, que está bien para un rato, pero que no es lo mejor para siempre.  A pesar del halo de modernidad, en la cinta vemos como desde el siglo XIX hasta nuestros días poco ha cambiado en México, en donde la sociedad sigue siendo demasiado puritana.",2013-09-13,Drama,6.5
蒲団,,2024-05-11,Drama,0.0
மாலை நேர மல்லிப்பூ,,2023-06-09,Drama,6.5
Diario de una ninfómana,"Val tiene 28 años, estudios universitarios, un gran atractivo y una cómoda posición económica. Es además una mujer muy liberada que busca constantemente nuevas experiencias para saciar su curiosidad sexual. Se acuesta con quien quiere y cuando quiere. Vive al límite, lo que le comporta numerosos problemas con los hombres, con su trabajo y con sus amigos. Todo ello, unido a la muerte de su abuela, provoca un punto de inflexión en su vida. Tras ser despedida, conoce a Jaime, un hombre del que se enamora perdidamente. Junto a él vive un largo idilio plagado de altibajos. La relación se rompe de manera traumática. Val, desesperada, está a punto de acabar con su vida. Está inmensamente sola, tiene muchas deudas que saldar y su autoestima está bajo mínimos. Decide entrar a trabajar en una casa de prostitutas de lujo.",2008-10-17,Drama,5.647
ਰੱਬ ਦਾ ਰੇਡੀਓ 3,,2026-04-03,Drama,8.0
Babylon,"Ambientada en Los Angeles durante los años 20, cuenta una historia de ambición y excesos desmesurados que recorre la ascensión y caída de múltiples personajes durante una época de desenfrenada decadencia y depravación en los albores de Hollywood.",2022-12-22,Drama,7.347
사방지,,1988-10-29,Drama,6.6
Nymphomaniac. Volumen 1,"Historia de una ninfómana contada por ella misma. Una fría noche invernal, un viejo solterón (Stellan Skarsgård) encuentra en un callejón a una joven (Charlotte Gainsbourg) herida y casi inconsciente. Después de recogerla y cuidarla, siente curiosidad por saber cómo pudo haber llegado esa mujer a semejante situación; escucha atentamente el relato que ella hace de su vida, una vida llena de conflictos y turbias relaciones. Para su estreno comercial se dividirá en dos partes. Hay una versión completa de cinco horas y media que sólo se verá en ciertos actos culturales.",2013-12-25,Drama,6.853
星河入梦,,2026-02-17,Drama,6.2
Blue Film,,2026-05-08,Drama,7.6
Swingers,,2002-10-01,Drama,5.961
Един грам живот,,2025-11-14,Drama,0.0
Contratiempo,"Barcelona, España. Adrián Doria, un joven y exitoso empresario acusado de homicidio, se reúne una noche con Virginia Goodman, una abogada experta en interrogatorios, con el propósito de urdir una estrategia de defensa.",2017-01-06,Drama,8.08
Love Kills,,2024-06-04,Drama,5.0
Cincuenta sombras más oscuras,"Cuando Christian Grey, que se siente herido, intenta convencer a Anastasia Steele de que vuelva a formar parte de su vida, ella le exige un nuevo acuerdo antes de aceptar. Pero cuando la pareja empieza a ser más confiada y a tener una cierta estabilidad, aparecen mujeres del pasado de Christian decididas a frenar en seco sus esperanzas de un futuro juntos...",2017-02-08,Drama,6.473
Lo que el viento se llevó,"Georgia, 1861. En la elegante mansión sureña de Tara, vive Scarlett O'Hara, la joven más bella, caprichosa y egoísta de la región. Ella suspira por el amor de Ashley, pero él está prometido con su prima, la dulce y bondadosa Melanie. Corren todavía tiempos felices en Tara, pero por poco tiempo, porque la Guerra de Secesión (1861-1865) está a punto de estallar. En la última fiesta, celebrada antes del comienzo de las hostilidades entre el norte y el sur, Scarlett conoce al simpático, cínico y apuesto Rhett Butler, un vividor arrogante y aventurero, que sólo piensa en sí mismo y que no tiene ninguna intención de participar en el conflicto. Lo que él desea es hacerse rico y conquistar el corazón de la hermosa Scarlett.",1939-12-15,Drama,7.915
玉蒲團III官人我要,,1998-04-23,Drama,6.183
여자 하숙집 2,,2018-03-22,Drama,5.5
Historia de O,"La bella fotógrafa ""O"" es llevada por su amante René al castillo de Roissy para prepararla como esclava sexual. Tras estar varias semanas y abandonar luego el castillo, O conoce por mediación de René a su hermanastro Sir Stephen, con quien comenzará una relación de dominación - sumisión ante el requerimiento de René. Con Sir Stephen continuará su proceso de aprendizaje en la sumisión, se iniciará en las relaciones lésbicas para obtener el sometimiento de otra mujer con quien compensará a René.",1975-08-27,Drama,5.5
Capitán Phillips,"En el año 2009, en aguas internacionales a 145 millas de la costa de Somalia, en el cuerno de África, el buque carguero “Maersk Alabama”, al mando del capitán de la marina mercante estadounidense Richard Phillips, fue abordado y retenido por piratas somalíes, siendo el primer barco norteamericano secuestrado en los últimos doscientos años.",2013-10-10,Drama,7.539
Lamas,,2024-12-17,Drama,6.5
Q (Desire),"En un contexto social deteriorado por la crisis económica, la vida de varias personas se pondrá patas arriba tras conocer a Cécile, un personaje que simboliza el deseo.",2011-10-06,Drama,6.288
El renacido,"Durante una expedición en las tierras salvajes americanas, el legendario explorador Hugh Glass es brutalmente atacado por un oso y dado por muerto por los miembros de su propia partida de caza. En su cruzada por sobrevivir, Glass supera inimaginables tribulaciones, además de la traición de su confidente John Fitzgerald. Guiado por la pura determinación y el amor de su familia, Glass deberá superar un duro invierno mientras busca sin descanso un motivo para seguir adelante y encontrar la redención.",2015-12-25,Drama,7.541
Pactar con el diablo,"Kevin Lomax (Keanu Reeves) es un joven y brillante abogado que nunca ha perdido un caso. Vive en Florida y parece feliz con su esposa, Mary Ann (Charlize Theron). Un día, recibe la visita de un abogado de Nueva York, que representa a un poderoso bufete que tiene la intención de contratarlo. Al frente de la prestigiosa empresa se encuentra John Milton (Al Pacino), un hombre mundano, brillante y carismático, que alberga planes muy oscuros con respecto a Lomax.",1997-10-17,Drama,7.475
American Beauty,"Divertida, inquietante y sorprendente incursión en la América suburbana a través de las vidas de Lester y Carolyn, una pareja perteneciente a la clase medio-alta cuyo matrimonio -y cuyas vidas- lentamente se deshacen. Carolyn odia a su marido, su hija lo desprecia y su jefe está a punto de despedirlo. Así que Lester decide cambiar algunas cosas en su vida; a medida que va siendo más libre, consigue ser más feliz, lo que enfurece más a su esposa y a su hija.",1999-09-15,Drama,7.999
American History X,"Derek (Edward Norton) es un joven californiano que se convierte en el líder de una banda de neonazis tras el asesinato de su padre. Su hermano pequeño, Danny, le admira y sigue sus pasos de odio y violencia. Cuando Derek mata a dos ladrones negros, es condenado a tres años de cárcel, donde cambia su forma de pensar al conocer a otros presos. Al salir, intenta alejar a Danny del racismo y la delincuencia, pero se encuentra con la resistencia de sus antiguos compañeros y las consecuencias de su pasado.",1998-07-01,Drama,8.328
Los que se quedan,"A nadie le gusta el profesor Paul Hunham (Giamatti), ni a sus alumnos, ni a sus compañeros, ni al director de la escuela secundaria donde trabaja, a todos les resulta exasperante su pomposidad y rigidez. Sin familia y sin ningún lugar a donde ir durante las vacaciones de Navidad de 1970, Paul se queda en la escuela para supervisar a los estudiantes que no han podido viajar a casa. Después de unos días, solo queda allí un estudiante: un problemático chico de 15 años llamado Angus, un buen estudiante cuyo mal comportamiento siempre amenaza con expulsarlo. Junto a Paul y Angus está la cocinera Mary (Randolph), una mujer afroamericana que atiende a hijos privilegiados y cuyo propio hijo perdió la vida recientemente en Vietnam. Estos tres náufragos tan diferentes formarán una improbable familia durante dos semanas muy nevadas en Nueva Inglaterra.",2023-10-27,Drama,7.645
Hero,"Hace dos mil años, China estaba dividida en siete reinos. Cada uno de ellos combatía contra los otros para obtener la supremacía, mientras que la población soportaba el sufrimiento y la muerte. De estos siete reinos, Qin era el más violento. El rey de Qin estaba obsesionado con la conquista de China y el deseo de convertirse en su primer Emperador. Los demás reinos enviaron a sus más temibles asesinos para eliminarlo. Solo el nombre de tres de estos asesinos era suficiente para sembrar el terror: Espada Rota, Nieve y Cielo. El rey de Qin prometió poder y fortuna para aquel que lograra matar a estos tres asesinos. Durante diez años, nadie lo consiguió. Cuando el misterioso Sin Nombre se presenta en palacio, portando las armas de los asesinos abatidos, el rey se muestra ansioso por escuchar su historia. Sentado a diez pasos del monarca, Sin Nombre comienza su relato.",2002-12-19,Drama,7.511
It: Capítulo 2,"Han pasado casi 30 años desde que el ""Club de los Perdedores"", formado por Bill, Beverly, Richie, Ben, Eddie, Mike y Stanley, se enfrentaran al macabro y despiadado Pennywise (Bill Skarsgård). En cuanto tuvieron oportunidad, abandonaron el pueblo de Derry, en el estado de Maine, que tantos problemas les había ocasionado. Sin embargo, ahora, siendo adultos, parece que no pueden escapar de su pasado. Todos deberán enfrentarse de nuevo al temible payaso para descubrir si de verdad están preparados para superar sus traumas de la infancia.",2019-09-04,Drama,6.837
Sr. y Sra. Smith,"Jane y John Smith forman una pareja de vida acomodada dentro de un ordinario y monótono matrimonio suburbano. Además ambos ocultan algo por lo que su pareja mataría por saber: los dos son agentes secretos, asesinos increíblemente eficientes que trabajan para organizaciones que compiten entre sí. Además, un día el Sr. y la Sra. Smith descubren una nueva fuente de emoción en su matrimonio cuando se les contrata para asesinarse mutuamente, pues será entonces cuando comienza la verdadera diversión...",2005-06-07,Drama,6.695
1917,"En lo más crudo de la Primera Guerra Mundial, dos jóvenes soldados británicos, Schofield y Blake reciben una misión aparentemente imposible. En una carrera contrarreloj, deberán atravesar el territorio enemigo para entregar un mensaje que evitará un mortífero ataque contra cientos de soldados, entre ellos el propio hermano de Blake.",2019-12-25,Drama,7.987
Love Lesson,Drama que sigue a una escritora de música (Kim Seon-yeong) y un hombre joven de diecinueve años llamado Seung-ho (Byung Joon-seok). Los dos se encuentran por casualidad en los ascensores y una relación tórrida se desarrolla mientras que Hee-soo le enseña acerca de la música y el amor.,2013-12-05,Drama,6.8
Braveheart,"¿Qué clase de hombre desafiaría a un rey? 'Braveheart' es una historia épica medieval sobre la independencia de Escocia en el siglo XIII, basada en la leyenda de William Wallace, un montañés escocés que arrastra a su clan a luchar contra la tiranía del rey Eduardo I de Inglaterra. Después del brutal asesinato de su joven esposa por los ingleses, Wallace sólo busca venganza. Hambrientos y en inferior número, Wallace lidera a los patriotas escoceses y consigue organizar un ejército de guerreros sedientos de libertad logrando recuperar con ello el espíritu que haría a Escocia libre para siempre.",1995-05-24,Drama,7.945
Shooter: El tirador,"Bob Lee Swagger (Mark Whalberg) es un ex-tirador de élite del ejército de los Estados Unidos que abandona las fuerzas armadas después del fracaso de una misión extraoficial. Cuando le piden que se reincorpore, regresa al servicio a regañadientes, pero vuelven a engañarlo. A pesar de llevar dos balas en el cuerpo y de ser el objetivo de una caza a nivel nacional, Swagger planea su venganza...",2007-03-22,Drama,7.125
La ventana indiscreta,"Un reportero fotográfico se ve obligado a permanecer en reposo con una pierna escayolada. A pesar de la compañía de su novia y de su enfermera, procura escapar al tedio, observando desde la ventana de su apartamento con unos prismáticos lo que ocurre en las viviendas de enfrente. Debido a una serie de extrañas circunstancias empieza a sospechar de un vecino cuya mujer ha desaparecido.",1954-08-01,Drama,8.338
卍舞Ⅲ いかせてあげる、極楽浄土,,1996-05-18,Drama,0.0
Figuras ocultas,"Narra la historia nunca contada de tres brillantes mujeres científicas afroamericanas que trabajaron en la NASA a comienzos de los años sesenta (en plena carrera espacial, y asimismo en mitad de la lucha por los derechos civiles de los negros estadounidenses) en el ambicioso proyecto de poner en órbita al astronauta John Glenn.",2016-12-10,Drama,8.044
여자전쟁: 도기의 난,,2016-03-24,Drama,0.0
Sólo una noche,"Han-Jae se encuentra con hombres homosexuales en un bar en el distrito de Jongno, Seúl. Primero los encuentra a través de un sitio de internet. Una vez que se emborrachan, Han-Jae les roba el dinero. Le acompaña Hoon y finge que es su novio. Hoon es popular, pero Han-Jae ignora los sentimientos de Hoon por él. Un día, Hoon de repente besa a Han-Jae. UNA NOCHE (dir. Por Kim Jho Gwang-Soo) Geun-Ho casi es atropellado por un auto. En ese momento, Joon, quien visita Jinju desde Seúl, salva a Geun-Ho. Ellos se encuentran en un bar más tarde esa noche. Geun-Ho y sus amigos van a Seúl con Joon.",2014-07-03,Drama,4.9
El lago azul: El despertar,"Remake del film de 1980 ""El lago azul"". Dos adolescentes acaban en una isla, después de un accidente durante un viaje escolar a Trinidad. Dean, un vago solitario en la escuela secundaria y Emma, una estudiante perfecta, exploran y aprenden no sólo el uno del otro, sino que también aprenden sobre sí mismos.",2012-06-16,Drama,6.455
Juego sucio,"Un experto ladrón lleva a cabo el mayor robo de su vida. Parker, junto a Grofield, Zen y un equipo experto, se ven involucrados en un golpe que los enfrenta a la mafia de Nueva York en esta arriesgada misión.",2025-09-30,Drama,6.568
El último samurái,"1870. El capitán Nathan Algren es un hombre a la deriva. Las batallas que libró en otro tiempo parecen ahora lejanas e inútiles. Una vez arriesgó su vida por el honor y por la patria, pero, en los años transcurridos desde la Guerra de Secesión estadounidense, el mundo ha cambiado. El pragmatismo ha reemplazado al valor, el interés personal ha ocupado el lugar del sacrificio y el honor no se encuentra en ninguna parte, especialmente en el Oeste, donde su papel en las campañas contra los indios acabó en desilusión y tristeza. En algún lugar de las implacables llanuras junto a la ribera del río Washita, Algren perdió su alma. En un mundo completamente distinto, otro soldado ve como su modo de vida está a punto de desintegrarse.",2003-12-05,Drama,7.606
Uykucu,,2025-10-29,Drama,6.0
Call Me by Your Name,"Elio Perlman (Timothée Chalamet), un joven de 17 años, pasa el cálido y soleado verano de 1983 en la casa de campo de sus padres en el norte de Italia. Se pasa el tiempo holgazaneando, escuchando música, leyendo libros y nadando hasta que un día el nuevo ayudante americano de su padre llega a la gran villa. Oliver (Armie Hammer) es encantador y, como Elio, tiene raíces judías; también es joven, seguro de sí mismo y atractivo. Al principio Elio se muestra algo frío y distante hacia el joven, pero pronto ambos empiezan a salir juntos de excursión y, conforme el verano avanza, la atracción mutua de la pareja se hace más intensa.",2017-10-01,Drama,8.089
El amanecer del planeta de los simios,"Un grupo de simios con grandes cualidades para la supervivencia toma las calles, liderado por César, un simio dotado de una inteligencia y unos instintos superiores para cualquier primate. Ante la necesidad de libertad, esta raza animal decide no doblegarse ante los humanos. Tendrá que luchar contra un grupo de humanos que han sobrevivido a una fuerte epidemia, desatada en la década anterior. Ambas partes han establecido una tregua, pero se verá interrumpida.",2014-07-08,Drama,7.337
団鬼六 白獣の槛,,2008-02-29,Drama,3.0
Una chica del siglo XX,"Yeon-du le pide a su mejor amiga Bora que recopile toda la información que pueda sobre Baek Hyun-jin mientras ella está en los Estados Unidos para someterse a una cirugía de corazón. Bora decide acercarse primero al mejor amigo de Baek, Pung Woon-ho. Sin embargo, el torpe plan de Bora se desarrolla en una dirección inesperada. En 1999, un año antes del nuevo siglo, Bora, que cumple diecisiete años, cae en la fiebre del primer amor.",2022-10-06,Drama,8.164
별장하녀들,,2021-05-21,Drama,2.5
Outcome,"Reef Hawk, emblema de Hollywood desde los seis años, está en crisis. Ante un chantaje relacionado con un misterioso vídeo, Reef decide emprender una gira de redención para enmendar sus errores, enfrentarse a sus demonios y evitar ser cancelado.",2026-04-06,Drama,5.395
Antes de amanecer,"Céline (Julie Delpy) es una estudiante francesa que va a visitar a su abuela en Budapest. Jesse (Ethan Hawke) es un joven estadounidense que realiza un viaje a través de Europa luego de ser abandonado por su novia a quien realmente fue a visitar a España. Ambos se encuentran en un tren, en el trayecto entre Budapest y Viena. Llegados a Viena, Jesse debe descender, sin embargo, logra convencer a Céline para que pase una noche con él en la capital austríaca. En el curso de esa noche, se conocen a fondo, discuten y revelan cuestiones diversas como la vida, la muerte, el sexo.",1995-01-27,Drama,7.974
Veerabhadrudu,,2026-06-12,Drama,8.0
El niño con el pijama de rayas,"Berlín, 1942. Bruno tiene ocho años y desconoce el significado de la Solución Final y del Holocausto. No es consciente de las pavorosas crueldades que su país, en plena guerra mundial, está infligiendo a los pueblos de Europa. Todo lo que sabe es que su padre -recién nombrado comandante de un campo de concentración- ha ascendido en el escalafón, y que ha pasado de vivir en una confortable casa de Berlín a una zona aislada. Todo cambia cuando conoce a Shamuel, un niño judío que vive una extraña existencia paralela al otro lado de la alambrada.",2008-05-07,Drama,7.821
Hasta que llegó su hora,"Mientras los constructores del ferrocarril avanzan imparables por el desierto de Arizona en su camino hacia el mar, Jill llega al pequeño pueblo de Flagstone con la intención de empezar una nueva vida.",1968-12-21,Drama,8.273
Ekis,,2025-12-19,Drama,6.2
母さんがどんなに僕を嫌いでも,,2018-11-16,Drama,4.8
Crónicas sexuales de una familia francesa,"Como cualquier adolescente virgen de 18 años Romain se siente sólo y deprimido. Al vivir una experiencia traumática en la escuela su madre Claire decide que a partir de ahora las cosas deben cambiar en el seno de la familia y adoptar una visión mucho más abierta sobre el tema tabú en la familia: el sexo. Romain busca una amante desesperadamente, su hermano y su hermana mayor buscan nuevas experiencias sexuales que alimenten su cruel rutina, su abuelo viudo visita con regularidad a una prostituta en busca de sexo salvaje y duro olvido y Claire y su padre buscan a través de la sexualidad intentar romper con la monotonía, aquella que cuando eran jóvenes jamás pensaban que alcanzarían algún dia. Pascal Arnold y Jean-Marc Barr, directores del filme, buscan innovar con una nueva manera de ver el sexo. En lugar de verlo como algo prohibido y censurado, muestran las relaciones humanas de una familia junto con aquello considerado tabú para casi cualquier entorno familiar: la sexualidad en sí.",2012-05-09,Drama,5.4
El gran hotel Budapest,"El Sr. Gustave H., un legendario conserje de un famoso hotel europeo de entreguerras, entabla amistad con Zero Moustafa, un joven empleado al que convierte en su protegido. La historia trata sobre el robo y la recuperación de una pintura renacentista de valor incalculable y sobre la batalla que enfrenta a los miembros de una familia por una inmensa fortuna. Como telón de fondo, los levantamientos que transformaron Europa durante la primera mitad del siglo XX.",2014-02-26,Drama,8.028
Rocky,"Rocky Balboa es un desconocido boxeador a quien se le ofrece la posibilidad de pelear por el título mundial de los pesos pesados. Con mucha fuerza de voluntad, Rocky se preparará concienzudamente para este combate, y también para los cambios que producirá en su vida.",1976-12-03,Drama,7.798
Polar,"Duncan Vizla, el asesino más letal del mundo, conocido como Black Káiser (Mads Mikkelsen), está a punto de jubilarse. Pero su antiguo jefe le ha puesto precio a su cabeza. Y, en contra de su voluntad, tiene que plantarle cara a un grupo de sicarios más jóvenes, rápidos y despiadados, dispuestos a todo para eliminarlo. Adaptación de la novela gráfica ""Polar: Came From the Cold"" de Victor Santos.",2019-01-25,Drama,6.38
(500) días juntos,"Tom aún sigue creyendo, incluso en este cínico mundo moderno, en la noción de un amor transformador, predestinado por el cosmos y que golpea como un rayo sólo una vez. Summer no cree lo mismo, para nada. La mecha se enciende desde el primer día, cuando Tom, un arquitecto en ciernes convertido en un sensiblero escritor de tarjetas de felicitación, se encuentra con Summer, la bella y fresca nueva secretaria de su jefe. Aunque aparentemente está fuera de su alcance, Tom pronto descubre que tienen un montón de cosas en común. La historia de Tom y Summer cubre desde el enamoramiento, las citas y el sexo hasta la separación, las recriminaciones y la redención, todo lo cual se suma al caleidoscópico retrato del por qué y el cómo seguimos esforzándonos de modo tan risible y rastrero para encontrar sentido al amor… y esperar convertirlo en realidad.",2009-07-17,Drama,7.301
Perdidos en Pekín (Lost in Beijing),"Lost in Beijing, nos traslada al submundo de los centros de masajes de Beijing, en donde una joven trabaja como masajista y debe esconder la identidad y existencia de su esposo, un limpia vidrios que un día en su trabajo se topa con la insufrible noticia que su esposa le era infiel con su jefe (Tony Leung Kai Fai) sin saber que, ella en estado de ebriedad habia sido violada por el dueño del Centro de Masajes.",2007-09-26,Drama,6.6
Karate Kid,"Dre Parker podría haber sido el más popular en Detroit, pero la carrera profesional de su madre los lleva a ambos a China. Allí logra hacer conexión con su compañera de clase Mei Ying y el sentimiento es mutuo, hasta que las diferencias culturales hacen que su amistad sea imposible. Para que la situación empeore, Dre se consigue un enemigo, el peleonero de la clase, Cheng. Dre no tiene amigos a quién acudir, excepto el encargado de mantenimiento, el Sr. Han.",2010-06-10,Drama,6.6
Días perfectos,"Hirayama parece totalmente satisfecho con su sencilla vida de limpiador de retretes en Tokio. Fuera de su estructurada rutina diaria, disfruta de su pasión por la música y los libros. Le encantan los árboles y les hace fotos. Una serie de encuentros inesperados revelan poco a poco más de su pasado.",2023-11-10,Drama,7.8
Erotic Ghost Story,"Tres zorras han meditado durante 1.000 años hasta capaz de arrojar su naturaleza animal y convertirse en humano. Para el último mes de sus rigores, se han trasladado cerca de un pueblo donde las mujeres rezan a un dios de la fertilidad. Una hermana visita el templo de dios y piensa pensamientos lujuriosos. Al salir, un sacerdote se enfrenta a ella, advirtiendo de las consecuencias nefastas y de los demonios que intentarán detener la transformación de las zorras. Pronto, la hermana más joven guarda un pobre estudiante de los bandidos y se enamora de él. Cada hermana lo visita, y en poco tiempo, el joven ha hecho el amor con los tres. Después de que lo invitan a quedarse con ellos, la alegría toma un giro aterrador. ¿Dónde pueden acudir en busca de ayuda?",1990-05-19,Drama,6.2
कॉकटेल,,2012-07-13,Drama,6.1
Creed II: La leyenda de Rocky,"Adonis Creed se debate entre las obligaciones personales y el entrenamiento para su próxima gran pelea, con el desafío de su vida por delante. Enfrentarse a un oponente que tiene vínculos con el pasado de su familia solo intensifica su inminente batalla en el ring. Afortunadamente Rocky Balboa está a su lado a lo largo de todo el camino, y juntos se cuestionarán por lo que vale la pena luchar y descubrirán que nada es más importante que la familia...",2018-11-21,Drama,7.034
Amor redentor,"Situada en la Nueva Inglaterra de 1835,  la trama  sigue la historia de Angela, una pequeña que fue rechazada por su padre debido a que fue producto de una aventura adultera con su madre Mae. Desde entonces, la chica se sintió culpable de la depresión de su madre y de su propio abandono, creciendo con un evidente odio hacia los hombres, todos ellos obsesionados por la fiebre de oro de la época. En su adolescencia, Angela tuvo que venderse a la prostitución para tener un lugar donde dormir y en medio de ese odio, conoce a Michael Hosea, un hombre piadoso que parece cruzar su camino con Angela para conducirla al amor redentor de Dios, desafiando, día a día, las amargas expectativas y resistencia de ella, quien no parece creer que merece algo más en la vida, algo que pueda hacerla verdaderamente feliz.",2022-01-21,Drama,7.851
Infierno azul,"Nancy (Blake Lively) es una joven que trata de superar la pérdida de su madre. Un día, practicando surf en una solitaria playa mexicana se queda atrapada en un islote a sólo cien metros de la costa. El problema está en que un enorme tiburón blanco se interpone entre ella y la otra orilla.",2016-06-24,Drama,6.355
El secreto de sus ojos,"Argentina. Benjamín Espósito es oficial de un Juzgado de Instrucción de Buenos Aires recién retirado. Obsesionado por un brutal asesinato ocurrido veinticinco años antes, en 1974, decide escribir una novela sobre el caso, del cual fue testigo y protagonista. Reviviendo el pasado, viene también a su memoria el recuerdo de una mujer, a quien ha amado en silencio durante todos esos años.",2009-08-13,Drama,7.976
Las rebeldes del internado,"En una escuela para señoritas de clase alta, una joven se enamora de un médico interino que trabaja como camarero para vivir. Tanto la directora del centro como su madre, se oponen a tal relación.",1934-05-04,Drama,6.2
Ben-Hur,"Antigua Roma, bajo el reinado de los emperadores Augusto y Tiberio (s. I d.C.). Judá Ben-Hur, hijo de una familia noble de Jerusalén, y Mesala, tribuno romano que dirige los ejércitos de ocupación, son dos antiguos amigos, pero un accidente involuntario los convierte en enemigos irreconciliables: Ben-Hur es acusado de atentar contra la vida del nuevo gobernador romano, y Mesala lo encarcela a él y a su familia. Mientras Ben-Hur es trasladado a galeras para cumplir su condena, un hombre llamado Jesús de Nazaret se apiada de él y le da de beber. En galeras conocerá al comandante de la nave y más tarde a un jeque árabe que participa con sus magníficos caballos en carreras de cuadrigas.",1959-11-18,Drama,7.886
왕과 사는 남자,,2026-02-04,Drama,7.225
La hermanastra fea,"Elvira lucha contra su hermosa hermanastra en un reino donde la belleza reina suprema. Ella recurre a medidas extremas para cautivar al príncipe, en medio de una despiadada competición por la perfección física.",2025-03-07,Drama,7.321
Tuklas,,2026-03-20,Drama,7.0
Cinema Paradiso,"En un pequeño pueblo siciliano durante los años previos a la llegada de la televisión (justo al finalizar la Segunda Guerra Mundial) el joven Toto vivía fascinado por el cine. Toto trata de entablar amistad con Alfredo, el proyeccionista del cine local, una persona muy irritable pero con un gran corazón. Todos estos hechos se presentan en forma de nostálgicos recuerdos de Toto que ha crecido hasta convertirse en un cineasta de éxito, y que revive a su infancia cuando recibe la noticia de que Alfredo ha muerto.",1988-11-17,Drama,8.428
Dirty Dancing,"Johnny Castle es un experto profesor de baile y un amante consumado. Por su parte, Baby Houseman es una aburrida e inocente adolescente de 17 años. Durante el transcurso de un verano, en un balneario para clases acomodadas, el encuentro entre ambos causará más de un recelo, a causa de sus distintos orígenes sociales. Entre ambos media un abismo pero, cuando la música suena, sus cuerpos se abrazan al ritmo del dirty dancing y todos esos detalles desaparecen de repente...",1987-08-21,Drama,7.326
캘린더걸,,2016-04-07,Drama,6.2
色情姉妹,,1972-11-29,Drama,4.8
Maninilip,,2025-05-23,Drama,7.5
Rompenieves,"Un experimento para solucionar el calentamiento global acabó con la mayoría de vida existente en el planeta. El último tren llamado Snowpiercer (Rompenieves) se mueve en círculos por el mundo, a través de un desierto de hielo y nieve. Los últimos supervivientes de la Tierra se amontonan en sus vagones. El joven Curtis (Chris Evans) iniciará una revolución desde los vagones de cola.",2013-08-01,Drama,6.908
A muse,"Lee Jeok-yo es un hombre de 70 años que es un poeta respetado. Se preocupa cariñosamente por su discípulo de 30 años Seo Ji-woo. El mundo de estos dos hombres se sacude cuando Han Eun-gyo, un estudiante de secundaria de 17 años, entra en escena, a medida que su mente y sus deseos sexuales son despertados.",2012-04-25,Drama,6.762
El cabo del miedo,"Los Bowden son una pareja feliz: Sam es un abogado de éxito y Leig diseñadora gráfica. Tienen una hija de 15 años, Danielle, y acaban de trasladarse a una preciosa casa en una tranquila ciudad. Max Cady acaba de salir de la cárcel, trás pasar en ella 14 años, acusado de violar y apalear a una adolescente. En prisión ha estudiado leyes, y ha llegado a la conclusión de que el responsable directo de su condena fue su abogado, Sam Bowden. Ahora va a dedicar cada minuto de su existencia a hacerle pagar su error. Candy ejecutará su terrible venganza, aterrorizando a la familia Bowden y convirtiendo su vida en una pesadilla.",1991-11-13,Drama,7.261
Godzilla,"Gareth Edwards dirige este ""reboot"", que se sitúa antes en el tiempo que la película de 1998 dirigida por Roland Emmerich, que nos llevará a conocer los orígenes del famoso monstruo japonés gigante Godzilla.  Protagonizada por Bryan Cranston, ganador del Globo de Oro por Breaking Bad, que da vida a Joe Brody un científico que descubre que algo terrible está a punto de suceder cuando una serie de tsunamis comienzan a llegar a las costas, anticipando la llegada de numerosos monstruos de gran tamaño mientras el ejército intenta defenderse en vano.",2014-05-14,Drama,6.361
Neon Genesis Evangelion: The End of Evangelion,Seele ordena un ataque sin cuartel contra NERV con el objetivo de destruir los Evas antes de que Gendo pueda provocar el Tercer Impacto y la unión de las almas humanas.,1997-07-19,Drama,8.3
Adiós a mi concubina,"China, 1925. Los militares gobiernan Pekín y, aunque en la ciudad la situación política es inestable, hay una constante en la vida cotidiana: la ópera, un espectáculo donde incluso los personajes femeninos deben ser representados por hombres. Entre los nuevos muchachos destinados a ser estrellas de la ópera de Pekín se encuentran el delicado Douzi y Shitou, que le toma bajo su protección. Ambos forjan una gran amistad, y Douzi se enamora profundamente del chico mayor. Como Douzi tiene la belleza de una mujer, le forman en papeles femeninos, mientras que al atlético Shitou le entrenan principalmente para papeles militares. Entre las óperas que estudian se encuentra ""Adiós a mi concubina""...",1993-01-01,Drama,7.9
Zeta,"Cuatro ex-oficiales de inteligencia españoles son asesinados al mismo tiempo en distintas embajadas del mundo. El CNI descubre que todos participaron hace 35 años en la oculta “Operación Ciénaga”, que ocurrió en Colombia y donde un quinto oficial de inteligencia –el único que ha escapado de los asesinos– estuvo implicado. Encontrarle será el primer objetivo para el CNI, que pone al frente de la misión a su mejor miembro: Zeta.",2026-03-20,Drama,6.6
सुल्तान,Sultan Ali Khan es un campeón de lucha libre que lo perdió todo por su ambición. Un día el destino llamará a su puerta dándole una nueva oportunidad en un nuevo deporte de contacto.,2016-07-06,Drama,6.874
Una mente maravillosa,"Obsesionado con la búsqueda de una idea matemática original, el brillante estudiante John Forbes Nash llega a Princeton para realizar sus estudios de postgrado. Es un muchacho extraño y solitario, al que sólo comprende su compañero de cuarto. Por fin, Nash esboza una revolucionaria teoría y consigue una plaza de profesor en el MIT. Alicia Lardé, una de sus alumnas, lo deja fascinado al mostrarle que las leyes del amor están por encima de las de las matemáticas. Gracias a su prodigiosa habilidad para descifrar códigos es reclutado por Parcher William, del departamento de Defensa, para ayudar a los Estados Unidos en la Guerra Fría contra la Unión Soviética.",2001-12-14,Drama,7.855
Pecado original,"En Cuba, Luis Vargas (Antonio Banderas) sostiene una relación epistolar con Julia Russell (Angelina Jolie), una atractiva americana. En principio ella es todo lo que él necesita para casarse y el hecho de que sea norteamericana, es ideal para proyectar el estatus al que él aspira. Pero un buen día Julia desaparece... con el dinero de Luis. Ahora, Luis sólo piensa en vengarse y emprende un viaje hacia el complicado pasado de Julia. Las consecuencias de esa odisea de mentiras descubiertas y pasiones encontradas son devastadoras tanto para él como para ella",2001-05-08,Drama,6.138
杨门女将之天波府风波,,2001-10-08,Drama,0.0
Her,"En un futuro cercano, Theodore, un hombre solitario a punto de divorciarse que trabaja en una empresa como escritor de cartas para terceras personas, compra un día un nuevo sistema operativo basado en el modelo de Inteligencia Artificial, diseñado para satisfacer todas las necesidades del usuario. Para su sorpresa, se crea una relación romántica entre él y Samantha, la voz femenina de ese sistema operativo.",2013-12-18,Drama,7.839
Alas Roban,"Sita, una madre soltera, y su hija, Gendis, experimentan un terror místico después de que su autobús se descompone en la ruta Alas Roban.",2026-01-15,Drama,4.6
Soñadores,"París, 1968. Isabelle y su hermano Theo, solos en la ciudad mientras sus padres están de viaje, invitan a su apartamento a Matthew, un joven estudiante americano al que han conocido en un cine. Una vez en casa establecen unas reglas para conocerse mutuamente, explorando emociones y erotismo a través de una serie de juegos extremadamente arriesgados.",2003-10-10,Drama,7.179
పుష్పా 2 - The Rule,,2024-12-04,Drama,6.303
Fóllame,"Una joven de un barrio marginal es violada y, después, durante una discusión, mata a su propio hermano. Su destino se cruza con el de otra mujer, también marcada por un violento destino: es una prostituta que ha matado a su compañera de piso. Las dos chicas se encuentran por azar en su huida, y deciden aliarse en un salvaje viaje marcado por el sexo y la violencia. La pareja asesina sin piedad a todos los hombres que se cruzan en su camino.",2000-06-28,Drama,4.9
La saga Crepúsculo: Amanecer - Parte 2,"Bella concluye su transformación en vampiro y ahora debe familiarizarse con su nueva condición. Con el nacimiento de Renesmee, la familia Cullen deberá protegerse ante la amenaza de los Volturi ya que existe una ley para los vampiros que prohíbe a todos los clanes convertir a niños, pues son difíciles de controlar y pueden generar auténticas masacres que pongan en peligro la secreta existencia de los vampiros... Segunda parte de la adaptación de ""Amanecer"" que supone la quinta entrega de la franquicia cinematográfica Crepúsculo, basada en las novelas de Stephenie Meyer.",2012-11-13,Drama,6.456
Juegos de guerra,"A David Lughtman, estudiante de diecisiete años, le han suspendido varias asignaturas. Pero haciendo uso de su gran habilidad con las computadoras, logra cambiar las notas y aprobar el curso. Un día, jugando con su máquina, David entra en contacto con ""Joshua"", la computadora del Departamento de Defensa de los Estados Unidos, y decide ""jugar a la guerra"". El muchacho cree que es un juego más pero, sin darse cuenta, desafía a ""Joshua"" a un escalofriante juego de guerra termonuclear mundial. Entre las dos máquinas planean desplegar todas las estrategias y opciones para una Tercera Guerra Mundial.",1983-06-03,Drama,7.066
Brokeback Mountain: En terreno vedado,"Verano de 1963. Dos vaqueros, Ennis Del Mar y Jack Twist, se conocen mientras hacen cola para ser contratados por el ranchero Joe Aguirre. Los dos aspiran a conseguir un trabajo estable, casarse y formar una familia. Cuando Aguirre les envía a cuidar ganado a la majestuosa montaña Brokeback, entre ambos surge un sentimiento de camaradería que deriva hacia una relación íntima. Al concluir el verano, tienen que abandonar Brokeback y seguir caminos diferentes.",2005-10-22,Drama,7.786
Dímelo bajito,"Kami cree que lo tiene todo controlado… Todo excepto el inesperado regreso de sus vecinos, los hermanos Di Bianco, después de 7 años. Thiago le robó su primer beso y Taylor fue su mejor amigo, pero ahora su vuelta pondrá el mundo de Kami del revés. ¿Podrán superar el pasado que les une? ¿O explotará todo en mil pedazos una vez más?",2025-12-11,Drama,6.268
Jack Reacher,"Jack Reacher (Tom Cruise), un antiguo policía militar que vive semiescondido como un vagabundo y que trabaja por su cuenta, decide investigar el caso de un francotirador que ha sido acusado de matar, por puro azar, a cinco personas en un tiroteo. Al ser interrogado, el francotirador se declara inocente y, además, exige la presencia de Jack Reacher.",2012-12-20,Drama,6.668
La piel que habito,"Desde que su mujer murió quemada en un accidente de coche, el Dr. Ledgard, eminente cirujano plástico, se interesa por la creación de una nueva piel con la que hubiera podido salvarla. Doce años después consigue cultivarla en su laboratorio, aprovechando los avances de la terapia celular. Para ello no dudará en traspasar una puerta hasta ahora terminantemente vedada: la transgénesis con seres humanos. Pero ese no será el único crimen que cometerá...",2011-08-17,Drama,7.487
Orgía de ninfómanas,Una mujer brutal regenta un burdel de lujo donde impera el sexo y la violencia. Eran entrenadas para ofrecer su cuerpo al sexo en todas sus perversiones.,1981-05-29,Drama,4.875
Los archivos del Pentágono,"En junio de 1971, los principales periódicos de EE.UU., entre los que se encontraban 'The New York Times' y 'The Washington Post', tomaron una valiente posición en favor de la libertad de expresión, informando sobre los documentos del Pentágono y el encubrimiento masivo de secretos por parte del gobierno, que había durado cuatro décadas y cuatro presidencias estadounidenses. En ese momento, Katherine Graham, primera mujer editora del Post, y el director Ben Bradlee intentaban relanzar un periódico en decadencia. Juntos decidieron tomar la audaz decisión de apoyar al 'The New York Times' y luchar contra el intento de la Administración Nixon de restringir la primera enmienda. Historia basada en los documentos del Post que recogían información clasificada sobre la Guerra de Vietnam.",2017-12-22,Drama,7.004
"Miss You, Love You",,2026-05-29,Drama,6.5
귀신과 함께 춤을,,2018-09-27,Drama,6.5
La saga Crepúsculo: Luna nueva,"Edward Cullen decide abandonar a Bella Swan para mantenerla alejada de los peligros del mundo vampírico. Con la ayuda de Jacob Black, su amigo de la infancia y miembro de la misteriosa tribu quileute, Bella intentará superar el abandono de Edward, que la ha dejado sumida en el mayor de los desconsuelos. Pero los peligros siguen acechando a la joven; nuevas y asombrosas criaturas sobrenaturales se cruzarán en su camino, y Bella sólo contará con el apoyo del cada vez más cercano e irresistible Jacob. Repentinamente, Bella se encuentra inmersa en el mundo de los hombres lobo, ancestrales enemigos de los vampiros, y su lealtad es puesta a prueba...",2009-11-18,Drama,5.989
내 아내의 언니3,,2019-08-08,Drama,5.0
モーニング・ムーンは粗雑に,,1981-06-21,Drama,4.3
Cisne negro,"Nina, una brillante bailarina que forma parte de una compañía de ballet de Nueva York, vive completamente absorbida por la danza. La presión de su controladora madre, la rivalidad con su compañera Lily y las exigencias del severo director se irán incrementando a medida que se acerca el día del estreno. Esta tensión provoca en Nina un agotamiento nervioso y una confusión mental que la incapacitan para distinguir entre realidad y ficción.",2010-12-03,Drama,7.686
Una mujer sin escrúpulos,"Un hombre está tan desesperado por promocionarse que ofrece su mujer a su jefe. A pesar de este sacrificio, otro hombre consigue el ascenso. Entonces decide suicidarse y su mujer promete vengarse de todos los implicados. (FILMAFFINITY)",1993-07-14,Drama,5.213
Drive,"Durante el día, Driver trabaja en un taller y es conductor especialista de cine, pero, algunas noches de forma esporádica, trabaja como chófer para delincuentes. Shannon, su mentor y jefe, que conoce bien su talento al volante, le busca directores de cine y televisión o criminales que necesiten al mejor conductor para sus fugas, llevándose la correspondiente comisión. Pero el mundo de Driver cambia el día en que conoce a Irene, una guapa vecina que tiene un hijo pequeño y a su marido en la cárcel.",2011-09-15,Drama,7.583
The Brutalist,"Cuando el visionario arquitecto László Toth y su esposa Erzsébet huyen de la Europa de posguerra en 1947 para reconstruir su legado y ver el nacimiento de la América moderna, sus vidas cambian a causa de un misterioso y adinerado cliente.",2024-12-20,Drama,6.954
Mother Mary,"La intensa relación entre la cantante de pop Mary y Sam, una antigua amiga suya, diseñadora de moda, que se vuelven a reunir tras la necesidad de la primera de un vestido para su nueva gira de conciertos.",2026-04-16,Drama,5.71
Una proposición indecente,"David (Harrelson), arquitecto, y Diona Murphy (Moore), agente inmobiliario, son un matrimonio felizmente casado y bien avenido que, por culpa de un traspié económico, ve peligrar su nivel de vida. En Las Vegas, donde buscan un golpe de suerte en el juego que les traiga algo de dinero, un maduro y apuesto multimillonario (Redford) ofrece a David un millón de dólares a cambio de pasar una noche con su mujer. A pesar de las dudas iniciales, ambos acaban aceptando la propuesta...",1993-04-07,Drama,6.412
Civil War,"En un futuro cercano, donde América está sumida en una cruenta guerra civil, un equipo de periodistas y fotógrafos de guerra emprenderá un viaje por carretera en dirección a Washington DC. Su misión: llegar antes de que las fuerzas rebeldes asalten la Casa Blanca y arrebaten el control al presidente de Estados Unidos.",2024-04-10,Drama,6.86
शिद्दत,,2021-10-01,Drama,6.681
Glass (Cristal),"Cristal sigue los pasos de David Dunn en su búsqueda de la figura superhumana de La Bestia. En la sombra, Elijah Price parece emerger como una figura clave que conoce los secretos de ambos.",2019-01-16,Drama,6.665
Encuentros en la tercera fase,"Una noche, cerca de su casa, en Indiana, Roy Neary (Richard Dreyfuss) observa en el cielo unos misteriosos objetos voladores. Obsesionado por comprender lo que ha visto, se distancia de su esposa (Teri Garr). Neary encuentra apoyo en Jillian Guiler (Melinda Dillon), que también fue testigo de esas visiones nocturnas. Juntos buscan una respuesta a ese misterio que ha alterado sus vidas. Al mismo tiempo, un nutrido grupo de científicos internacionales, bajo la dirección de Claude Lacombe (François Truffaut), empieza a investigar las apariciones de OVNIS y otros extraños fenómenos.",1977-12-14,Drama,7.352
"Crazy, Stupid, Love.","La situación del cuarentón y puritano Cal Weaver es perfecta: tiene un buen trabajo, una bonita casa y unos hijos estupendos y está casado con el amor de su adolescencia. Sin embargo, cuando Cal se entera de que su esposa, Emily, le ha engañado y quiere divorciarse, su vida 'perfecta' se desmorona. Para colmo, en el actual mundo de los solteros, Cal, que no ha tenido una cita desde hace décadas, es el desastre en persona.",2011-07-29,Drama,7.3
Jai Bhim,"Jai Bhim sigue a una pareja joven que vive pacíficamente en una comunidad tribal hasta que el esposo es arrestado y torturado por la policía en un caso falso. Cuando las autoridades informan a la esposa embarazada que su pareja había escapado de la custodia y estaba desaparecida, ella recurre a un abogado de derechos humanos para que ayude a hacer justicia en el caso.",2021-11-02,Drama,7.298
Melancoly Baby,,1979-08-29,Drama,6.333
El curioso caso de Benjamin Button,"Un hombre nace con ochenta años y va rejuveneciendo a medida que pasa el tiempo, es decir, en lugar de cumplir años los descumple. Ésta es la historia de un hombre extraordinario, de la gentes que va conociendo, de sus amores, pero sobre todo de su relación con Daisy.",2008-12-25,Drama,7.6
Corazones malheridos,Una aspirante a música y un marine a punto de irse a Irak deciden casarse por conveniencia. Pero una tragedia pronto convierte su relación falsa en algo muy real.,2022-07-29,Drama,8.044
Gran Turismo,"Un adolescente jugaba a 'Gran Turismo', videojuego en el que ganó una serie de competiciones patrocinadas por Nissan, y le sirvió de trampolín para acabar convirtiéndose en un piloto de carreras profesional.",2023-08-09,Drama,7.7
Los asesinos de la luna,"Miembros de la tribu Osage de los Estados Unidos, son asesinados bajo misteriosas circunstancias en la década de 1920 provocando una importante investigación por el FBI involucrando a J. Edgar Hoover.",2023-10-18,Drama,7.4
La pianista,"Una mujer, profesora de piano en un conservatorio, frecuenta cines porno y tiendas de sexo para escapar de la influencia de su dominante madre. Uno de sus alumnos se propone seducirla.",2001-09-05,Drama,7.254
セーラー服 百合族,,1983-06-24,Drama,5.6
Juego de armas,Historia de dos jóvenes a los que el Pentágono pagó 300 millones de dólares para armar a los aliados americanos en Afganistán,2016-08-18,Drama,6.943
Call Boy,"Ryo Morinaka es un estudiante universitario y trabaja a tiempo parcial en un bar. Él está aburrido con su vida diaria y existe en un estado de letargo. Un día, su amigo Shinya Tajima lleva al dueño de una barra de host al lugar donde trabaja Ryo Morinaka. Shizuka Mido es el dueño de la barra de host. Pronto, Ryo Morinaka comienza a trabajar para Shizuka Mido en la barra de host solo para miembros. Inicialmente se siente avergonzado, pero cumple los deseos de las mujeres mayores y desarrolla un sentido de propósito. (Géneros: Erótico, Drama)",2018-04-06,Drama,6.5
โกฮัง..หัวใจโกโฮม,,2026-04-02,Drama,9.0
음란 과외2,,2019-06-07,Drama,7.4
교환아내 2,,2023-02-03,Drama,6.0
친구엄마,,2015-11-12,Drama,5.7
A pesar de ti,"Morgan es una madre joven que intenta evitar que su hija Clara, de 16 años, cometa los mismos errores que ella, que se quedó embarazada y se casó demasiado joven, teniendo que aparcar sus propios sueños. La única persona que trae paz a la tensa relación madre-hija es Chris, su marido y padre de Clara. Pero esa paz se rompe cuando un trágico y extraño accidente trae desgarradoras consecuencias para ellas. Mientras lucha por reconstruir sus vidas, Morgan encuentra consuelo en la última persona que esperaba, mientras Clara se vuelve hacia el único chico que le han prohibido ver.",2025-10-22,Drama,7.0
Look Back: Continúa dibujando,"Fujino, una chica popular y extrovertida, es aclamada por sus compañeros de clase por sus cómics divertidos en el periódico de la clase. Un día, su profesora le pide que comparta el espacio con Kyomoto, un recluso que se ausenta de la escuela y cuyas hermosas obras de arte despiertan en ella un fervor competitivo. Lo que comienza como celos se transforma cuando Fujino se da cuenta de su pasión compartida por el dibujo.",2024-06-28,Drama,8.108
Good Boy,"Un delincuente de 19 años, Tommy, es secuestrado y obligado a un proceso de rehabilitación por una pareja disfuncional, Chris y Kathryn, que intentan convertirlo en un «buen chico». Tommy debe encontrar la forma de escapar.",2026-03-06,Drama,7.223
Incendios,"Jeanne y Simon Marwan son dos mellizos cuya madre, que lleva mucho tiempo sin hablar, está a punto de morir. Pero, antes del fatal desenlace, les da dos cartas que deben ser entregadas a un padre al que creían muerto y a un hermano cuya existencia desconocían. Ambos emprenderán un viaje al Líbano para localizarlos y encontrar respuestas a su existencia. Basada en una obra de teatro de Wajdi Mouawad.",2010-09-17,Drama,8.111
Mystère,,1983-11-28,Drama,5.1
Unang Tikim,,2024-07-07,Drama,5.4
Die My Love,"Intenso drama psicológico y comedia negra que sigue a Grace (Jennifer Lawrence), una joven madre y escritora que comienza a sufrir una profunda depresión posparto tras mudarse con su esposo Jackson (Robert Pattinson) a la zona rural de Montana, buscando una vida más tranquila. A medida que la salud mental de Grace se deteriora, su matrimonio se ve afectado, transitando territorios de psicosis, tensión y desesperación. La película explora con crudeza y complejidad temas de maternidad, salud mental y el impacto de la depresión en la pareja. Dirigida por Lynne Ramsay, el filme está basado en la novela de Ariana Harwicz y fue aclamado en el Festival de Cannes 2025, destacando las actuaciones poderosas de Lawrence y Pattinson, junto a un elenco que incluye a LaKeith Stanfield, Nick Nolte y Sissy Spacek. Con una narrativa inquietante y una atmósfera absorbente, ""Die My Love"" invita a una reflexión profunda sobre las luchas internas y el amor en medio del caos emocional.",2025-10-06,Drama,6.1
Rivales,"Casada con un campeón con una mala racha de derrotas, la estrategia de Tashi para la redención de su marido da un giro sorprendente cuando éste debe enfrentarse a Patrick (su antiguo mejor amigo y ex novio de Tashi). A medida que sus pasados y presentes chocan, y las tensiones se disparan, Tashi debe preguntarse a sí misma cuánto le costará ganar.",2024-04-18,Drama,6.9
Joker: Folie à Deux,"Tras crear el caos, Arthur Fleck ha sido internado en Arkham a la espera de juicio por sus crímenes como Joker. Mientras lidia con su doble identidad, Arthur no sólo se topa con el amor verdadero, sino que también descubre la música que siempre ha estado dentro de él.",2024-10-01,Drama,5.401
Love,"Un 1 de enero por la mañana, el teléfono suena. Murphy se despierta junto a su esposa y su hijo de dos años. Escucha el mensaje, la madre de Electra, muy inquieta, le pregunta si tiene noticias de su hija que está desaparecida. Teme que le haya sucedido algo grave. A lo largo de un día lluvioso, Murphy se encuentra solo en casa, recordando su historia de amor más grande; dos años con Electra. Una pasión llena de promesas, juegos, excesos, errores...",2015-07-15,Drama,6.453
La saga Crepúsculo: Eclipse,"En esta tercera entrega de la exitosa saga de vampiros de las novelas de Stephenie Meyer, Bella tendrá que elegir entre Edward y Jacob. La ciudad de Seattle es devastada por una serie de misteriosos asesinatos que va en aumento, mientras una vampiresa busca venganza. Bella debe escoger entre su amor por Edward y su amistad con Jacob, consciente de que su decisión puede iniciar una batalla entre vampiros y licántropos. Rodeada de peligro y con su graduación acercándose, ahora se enfrenta a la decisión más importante de su vida.",2010-06-23,Drama,6.193
La trampa del asesino,"James Dial, un francotirador retirado, vive atormentado por haber fracasado en la misión de eliminar a uno de los terroristas más peligrosos del mundo. Uno de sus clientes se pone en contacto con él para que termine el trabajo, pero el terrorista está preso en Londres. La misión se convierte en una pesadilla: Dial tiene que esconderse ya que lo buscan la policía y un tal Windsor, el jefe de la investigación. Cuando Windsor aparece asesinado, Dial es acusado de su muerte. La pesadilla se agrava. Entonces su única esperanza es la colaboración de una adolescente de doce años que le ayudará a localizar al asesino.",2007-05-11,Drama,5.5
Contact,"Eleanor Arroway perdió la fe en Dios tras la muerte de sus padres en su niñez. Sin embargo, Ellie ha desarrollado una clase distinta de fe en lo desconocido: trabaja con un grupo de científicos escrutando ondas de radio procedentes del espacio exterior en busca de señales de inteligencias extraterrestres. Su trabajo se verá recompensado cuando detecte una señal desconocida que supuestamente porta las instrucciones de fabricación de una máquina para reunirse con los creadores del mensaje.",1997-07-11,Drama,7.444
Desert Warrior,"Un pícaro honorable y misterioso, conocido como Hanzala, se convierte en enemigo del emperador Kisra después de ayudar a un rey y una princesa fugitivos en el desierto.",2026-04-23,Drama,5.7
El fuego de la venganza,"México D.F. Un agente del gobierno decepcionado con su vida, acepta a regañadientes un trabajo que consiste en proteger a una niña cuyos padres han recibido amenazas de secuestro. La relación con su pequeña protegida irá creciendo hasta despertar en él un espíritu perdido. Pero cuando la niña es secuestrada, su rabia se desatará contra los responsables.",2004-04-23,Drama,7.5
Door II : Tokyo Diary,,1991-04-25,Drama,6.1
El gran diluvio,"En el que podría ser el último día en la Tierra, una lucha a vida o muerte en un piso inundado se convierte en la única esperanza de supervivencia de la humanidad.",2025-09-18,Drama,5.992
蜜桃成熟時,,1993-04-17,Drama,6.413
Dangerous Drugs of Sex,,2020-02-14,Drama,6.446
Scarlet,"Una princesa medieval experta en el manejo de la espada se embarca en una peligrosa misión para vengar la muerte de su padre. Tras fracasar en su misión y encontrarse gravemente herida en un 'Otromundo', conoce a un joven idealista de nuestro presente que no solo la ayuda a curarse, sino que le muestra la posibilidad de un futuro libre de amargura y rabia. Cuando se enfrenta de nuevo al asesino de su padre, Scarlet se enfrenta a su batalla más difícil: ¿podrá romper el ciclo del odio y encontrar un sentido a la vida más allá de la venganza?",2025-11-21,Drama,7.3
¡Qué bello es vivir!,"George Bailey es un honrado y modesto ciudadano que dirige y mantiene a flote un pequeño banco familiar, a pesar de los intentos de un poderoso banquero por arruinarlo. El dia de Nochebuena de 1945, abrumado por la repentina desaparición de una importante suma de dinero, que supondría no solo la quiebra de su banco sino también un gran escándalo, decide suicidarse, pero cuando está a punto de hacerlo ocurre algo extraordinario.",1946-12-20,Drama,8.279
La guerra del planeta de los simios,"César y sus monos son forzados a encarar un conflicto mortal contra un ejército de humanos liderado por un brutal coronel. Después de sufrir pérdidas enormes, César lucha con sus instintos más oscuros en una búsqueda por vengar a su especie. Cuando finalmente se encuentren, Cesar y el Coronel protagonizarán una batalla que pondrá en juego el futuro de ambas especies y el del mismo planeta. Tercera película de la nueva saga de El Planeta de los Simios.",2017-07-11,Drama,7.218
CODA: Los sonidos del silencio,"Como CODA (acrónimo en inglés de 'hija de adultos con sordera'), Ruby es la única de su familia que puede oír. Cuando el negocio familiar de pesca se ve amenazado, Ruby debe elegir entre su amor por la música y su miedo a abandonar a sus padres.",2021-08-13,Drama,7.891
El mago del Kremlin,"En medio del caos postsoviético de los años 90, el joven Vadim Baranov (Paul Dano) empieza a labrarse un camino como artista y productor de televisión. Su elocuencia y conexión con las altas esferas le llevan a convertirse, de la noche a la mañana, en el asesor de un agente del KGB con un brillante porvenir: Vladimir Putin (Jude Law). Desde las entrañas del poder, ambos darán forma a la nueva Rusia, difuminando los límites entre la verdad y la mentira.",2026-01-21,Drama,6.552
Pomeriggio caldo,"A Courtney, una joven periodista, se le asigna un informe sobre la historia de una mujer joven que perdió a su esposo en un extraño ritual vudú. Él decide llevar a su esposa muy sexuada Connie en el viaje a Nueva Orleans. Connie se ve envuelta en un asunto secreto con uno de los lugareños. Poco a poco cautivada por su hechizo, finalmente hace alarde de su aventura frente a su esposo y finalmente se va con su nuevo amante para unirse al seguidor del vudú. Dividido entre el desprecio por la infidelidad de su esposa y el miedo por su vida, Courtney debe decidir su destino en el clímax altamente cargado ... ""11 Days 11 Nights Part 3""",1989-03-16,Drama,4.2
La chaqueta metálica,"Un grupo de reclutas se prepara en Parish Island, centro de entrenamiento de la marina Norteamericana. Allí está el sargento Hartmann, duro e implacable, cuya única misión en la vida es endurecer el cuerpo y el alma de los novatos, para que puedan defenderse del enemigo. Pero no todos los jóvenes soportan igual sus métodos...",1987-06-26,Drama,8.119
Giselle (Apasionadamente tuya),"Una muchacha atractiva seduce a todos los miembros de su familia. Indirectamente causa el fracaso del matrimonio de su padre, porque su madrastra se enamora de ella. También, mantiene relaciones con el hijastro de su padre, y con el cuidador de la granja. Ella y algunas amigas son violadas, pero todos ellos celebran la ruina de los valores tradicionales de la familia.",1980-03-05,Drama,4.5
Donnie Darko,"Donnie es un chico americano dotado de gran inteligencia e imaginación. Tras escapar milagrosamente de una muerte casi segura, comienza a sufrir alucinaciones que lo llevan a actuar como nunca hubiera imaginado y a descubrir un mundo insólito a su alrededor, pues en sus visiones un gran conejito lo manipula para cometer una serie de crímenes.",2001-01-19,Drama,7.762
Calígula,"Tras la muerte del paranoico emperador Tiberio, Calígula, su heredero, toma el poder y sume al imperio en una sangrienta espiral de locura y depravación.",1979-08-14,Drama,6.0
Eduardo Manostijeras,"Érase una vez... un castillo donde vivía un inventor que dedicó parte de su vida a crear una criatura perfecta a la que llamó Edward. Pero el inventor murió de repente y dejó incompleta su creación, ya que en vez de dedos tenía unas horribles manos con hojas de tijera. El pobre Edward vivía sólo en el castillo hasta que una encantadora joven, que trabajaba para la firma Avon, lo llevó a su casa junto con su familia. Pero una criatura tan especial como Edward no estaba preparada para vivir en una ciudad tan extravagante y falsa como Suburbia.",1990-12-07,Drama,7.721
Mowgli: La leyenda de la selva,"Trata sobre la educación de Mowgli, criado por una manada de lobos en las selvas de India. Mientras aprende las reglas, a menudo complicadas, de la jungla. Bajo la tutela de un oso llamado Baloo y una pantera llamada Bagheera, Mowgli llega a ser aceptado por los animales de la jungla como uno más de ellos. Por todos menos uno: el temible tigre Shere Khan. Pero puede haber peligros mayores acechando en la jungla, cuando Mowgli se enfrenta a sus orígenes humanos.",2018-11-25,Drama,6.477
No mires arriba,Dos astrónomos emprenden una gira mediática para avisar a la humanidad de un cometa que va a impactar con la Tierra. ¿Cuál es la respuesta de un mundo apático? «¡Bah!».,2021-12-08,Drama,7.064
La vida de Pi,"Pi Patel es un muchacho cuyo padre es el dueño del zoológico de la ciudad de la India en la que viven. Su familia decide marcharse a Canadá, pero una tormenta hace naufragar el barco en el que viajan. Pi consigue salvarse gracias a una barcaza en la que también hay otro ""pasajero"", un tigre de Bengala al que el joven intentará domar para poder sobrevivir.",2012-11-20,Drama,7.41
Mujercitas,"Amy, Jo, Beth y Meg son cuatro hermanas adolescentes que se embarcan en unas vacaciones con su madre, pero sin su padre, un evangelista itinerante. A medida que atraviesan el estado de Massachusetts, sumido en plena Guerra Civil, descubren el amor y la importancia de los lazos familiares.",2019-12-25,Drama,7.852
The Mandalorian and Grogu,"Continuación de la serie ""The Mandalorian"" en forma de película. El Imperio ha caído y los señores de la guerra imperiales siguen dispersos por toda la galaxia. Mientras la incipiente Nueva República trabaja para proteger todo por lo que luchó la Rebelión, ha reclutado la ayuda del legendario cazarrecompensas mandaloriano Din Djarin y su joven aprendiz Grogu.",2026-05-20,Sci-Fi,6.734
El día de la revelación,"Si descubrieras que no estamos solos, si alguien te abriera los ojos y te lo demostrase, ¿te asustarías? Este verano, la verdad será revelada a siete mil millones de personas. Llega... el día de la revelación.",2026-06-10,Sci-Fi,6.722
Proyecto Salvación,"El profesor de ciencias Ryland Grace se despierta en una nave espacial a años luz de casa sin recordar quién es ni cómo ha llegado hasta allí. A medida que recupera la memoria, empieza a descubrir su misión: resolver el enigma de la misteriosa sustancia que provoca la extinción del sol. Deberá recurrir a sus conocimientos científicos y a sus ideas poco ortodoxas para salvar todo lo que hay en la Tierra de la extinción... pero una amistad inesperada significa que quizá no tenga que hacerlo solo.",2026-03-15,Sci-Fi,8.682
He-Man y los masters del universo,"En las regiones más lejanas del espacio, el reino de Eternia está amenazado por el villano Skeletor y sus traviesos ejércitos de oscuridad. Para salvar el reino de su padre y proteger las vidas de sus seres queridos, el joven príncipe Adam tiene que recuperar una espada mítica y convertirse en el legendario guerrero conocido como ""He-Man"".",2026-06-03,Sci-Fi,7.228
Backrooms,Una puerta extraña aparece en el sótano de una sala de exposición de muebles.,2026-05-27,Sci-Fi,6.878
Hoppers,"Una amante de los animales aprovecha la oportunidad de utilizar una tecnología que coloca su conciencia en un castor robótico, descubriendo misterios dentro del mundo animal que van más allá de lo que podría haber imaginado.",2026-03-04,Sci-Fi,8.19
Avatar: Fuego y ceniza,"Jake Sully y Neytiri enfrentan una nueva amenaza en Pandora: los Ash People, una tribu Na'vi violenta y sedienta de poder, liderada por la implacable Varang. Tras la devastadora guerra contra la RDA y la pérdida de su hijo mayor, la familia de Jake deberá luchar por su supervivencia y el futuro de Pandora en un conflicto que llevará a los personajes a sus límites emocionales y físicos. Con nuevos y antiguos aliados, esta épica visual y emocional redefine el destino de un mundo al borde del abismo.",2025-12-17,Sci-Fi,7.599
Spider-Man: Un nuevo día,"Han pasado cuatro años desde los acontecimientos de No Way Home, y Peter Parker ahora es un adulto que vive completamente solo, ha desaparecido voluntariamente de las vidas y recuerdos de quienes ama. Combatiendo el crimen en una Nueva York que ya no conoce su nombre, se ha dedicado por completo a proteger su ciudad, pero a medida que aumentan las exigencias sobre él, la presión desencadena una evolución física que amenaza su existencia, al mismo tiempo que un extraño nuevo patrón de crímenes da lugar a una de las amenazas más poderosas a las que se ha enfrentado.",2026-07-29,Sci-Fi,0.0
Interstellar,Un grupo de exploradores hacen uso de un agujero de gusano recientemente descubierto para superar las limitaciones de los viajes espaciales tripulados y vencer las inmensas distancias que tiene un viaje interestelar.,2014-11-05,Sci-Fi,8.479
Acero puro,"En un futuro no muy lejano, el boxeo es robótico: en los combates ya no se enfrentan seres humanos, sino robots humanoides, sofisticadas máquinas diseñadas para luchar. Charlie Kenton, un antiguo púgil que casi llegó a alcanzar la gloria, está pasando una mala racha como promotor de combates. Un día, encuentra un viejo robot desechado y, al comprobar que es un gran boxeador, decide entrenarlo.",2011-09-28,Sci-Fi,7.109
Kill Code,,2026-04-16,Sci-Fi,5.4
La guerra de los mundos,"Will Radford, un destacado analista de ciberseguridad, pasa sus días rastreando posibles amenazas a la seguridad nacional a través de un programa de vigilancia masiva. Un ataque de una entidad desconocida le lleva a cuestionarse si el gobierno le está ocultando algo a él... y al resto del mundo.",2025-07-29,Sci-Fi,4.092
Greenland 2,"Después de sobrevivir al fin del mundo por la caída de un cometa, Jeff Garrity, junto con su mujer Allison y su hijo Nathan, deciden abandonar el búnker que les ha mantenido a salvo cinco años para buscar una zona en Europa que podría ser habitable. Así, el último refugio es el principio de un nuevo comienzo. Juntos emprenderán un viaje donde los desastres naturales y los humanos que sobrevivieron han convertido el mundo en un auténtico infierno.",2026-01-07,Sci-Fi,6.435
Vengadores: Infinity War,"El todopoderoso Thanos ha despertado con la promesa de arrasar con todo a su paso, portando el Guantelete del Infinito, que le confiere un poder incalculable. Los únicos capaces de pararle los pies son los Vengadores y el resto de superhéroes de la galaxia, que deberán estar dispuestos a sacrificarlo todo por un bien mayor. Capitán América e Ironman deberán limar sus diferencias, Black Panther apoyará con sus tropas desde Wakanda, Thor y los Guardianes de la Galaxia e incluso Spider-Man se unirán antes de que los planes de devastación y ruina pongan fin al universo. ¿Serán capaces de frenar el avance del titán del caos?",2018-04-25,Sci-Fi,8.237
Predator: Badlands,Un joven Predator rechazado por su clan encuentra un aliado inesperado en Thia y emprende un peligroso viaje en busca del adversario definitivo.,2025-11-05,Sci-Fi,7.796
Matrix,"Thomas Anderson lleva una doble vida: por el día es programador en una importante empresa de software, y por la noche un hacker informático llamado Neo. Su vida no volverá a ser igual cuando unos misteriosos personajes le inviten a descubrir la respuesta a la pregunta que no le deja dormir: ¿qué es Matrix?",1999-03-31,Sci-Fi,8.248
Spider-Man: No Way Home,"Peter Parker es desenmascarado y por tanto no es capaz de separar su vida normal de los enormes riesgos que conlleva ser un súper héroe. Cuando pide ayuda a Doctor Strange, los riesgos pasan a ser aún más peligrosos, obligándole a descubrir lo que realmente significa ser Spider-Man.",2021-12-15,Sci-Fi,7.934
Máquina de guerra,"En una última misión agotadora durante el entrenamiento para ser ranger, un ingeniero de combate debe liderar a su unidad contra una gigantesca máquina asesina de otro mundo.",2026-02-12,Sci-Fi,7.395
Los Vengadores,"Cuando un enemigo inesperado surge como una gran amenaza para la seguridad mundial, Nick Fury, director de la Agencia SHIELD, decide reclutar a un equipo para salvar al mundo de un desastre casi seguro.",2012-04-25,Sci-Fi,8.046
Supergirl,"Tomando como referencia la reciente miniserie escrita por Tom King, esta película promete una visión diferente de lo que la mayoría piensa cuando le viene a la mente la prima de Superman. ""Veremos la diferencia entre Superman, que fue enviado a la Tierra y criado por unos padres cariñosos desde que era un bebé, y Supergirl, criada en una roca, una astilla de Krypton, y que vio morir y ser asesinados de formas terribles a todos los que la rodeaban durante los primeros 14 años de su vida para luego venir a la Tierra. Ella es mucho más dura y no es la Supergirl a la que estamos acostumbrados"".",2026-06-23,Sci-Fi,4.6
Deadpool y Lobezno,"Un apático Wade Wilson se afana en la vida civil tras dejar atrás sus días como Deadpool, un mercenario moralmente flexible. Pero cuando su mundo natal se enfrenta a una amenaza existencial, Wade debe volver a vestirse a regañadientes con un Lobezno aún más reacio a ayudar.",2024-07-24,Sci-Fi,7.6
Vengadores: Endgame,"Tras el chasquido de Thanos que eliminó a la mitad de la vida en el universo, los Vengadores supervivientes quedan devastados y divididos. Cinco años después, una inesperada oportunidad les permite intentar revertir la catástrofe. Reuniéndose una vez más, los héroes emprenden una misión extrema que los obliga a viajar al pasado, enfrentarse a sus propias pérdidas y hacer sacrificios definitivos para restaurar el equilibrio del universo.",2019-04-24,Sci-Fi,8.238
Robot salvaje,"Esta aventura épica cuenta la historia de una robot, Rozzum 7-1-3-4, ""Roz"" para abreviar, que naufraga en una isla inhabitada y debe aprender a adaptarse a los entornos rigurosos construyendo relaciones con los animales de la isla y convirtiéndose en la madre adoptiva de una cría de ganso huérfana.",2024-09-12,Sci-Fi,8.3
Superman,"En un mundo que ha perdido la fe en la bondad, Superman lucha por reconciliar su herencia kryptoniana con los valores humanos que moldearon su carácter. Criado en la Tierra, representa la verdad, la justicia y el estilo americano, pero debe enfrentarse a un mundo cínico que cuestiona sus ideales. Entre el deber de proteger a la humanidad y la búsqueda de su identidad, Superman demuestra que la esperanza y la bondad nunca pasan de moda, incluso en los tiempos más oscuros, inspirando a otros a creer en un futuro mejor.",2025-07-09,Sci-Fi,7.3
Spider-Man: Homecoming,"Peter Parker comienza a experimentar su recién descubierta identidad como el superhéroe Spider-Man. Después de la experiencia vivida con los Vengadores, Peter regresa a casa, donde vive con su tía. Bajo la atenta mirada de su mentor Tony Stark, Peter intenta mantener una vida normal como cualquier joven de su edad, pero interrumpe en su rutina diaria el nuevo villano Vulture y, con él, lo más importante de la vida de Peter comenzará a verse amenazado.",2017-07-05,Sci-Fi,7.3
Jurassic World: El renacer,"Cinco años después de los eventos de ""Dominion"", la ecología del planeta ha demostrado ser insoportable para los dinosaurios, donde los pocos que quedan viven aislados en las regiones ecuatoriales. Zora Bennett es contratada para dirigir a un equipo de especialistas cuyo objetivo es conseguir el material genético de las tres criaturas más grandes, las cuales tienen en su ADN la clave para fabricar un medicamento que aportará grandes beneficios a la humanidad. Pero la operación se cruzará con una familia cuyo barco volcó y todos acabarán en una isla prohibida ocupada por dinosaurios de numerosas especies, donde tendrán que hacer lo imposible para sobrevivir.",2025-06-23,Sci-Fi,6.27
Origen,"Dom Cobb es un ladrón hábil, el mejor de todos, especializado en el peligroso arte de extracción: el robo de secretos valiosos desde las profundidades del subconsciente durante el estado de sueño cuando la mente está más vulnerable. Esta habilidad excepcional de Cobb le ha hecho un jugador codiciado en el traicionero nuevo mundo de espionaje corporativo, pero al mismo tiempo, le ha convertido en un fugitivo internacional y ha tenido que sacrificar todo que le importaba. Ahora a Cobb se le ofrece una oportunidad para redimirse. Con un último trabajo podría recuperar su vida anterior, pero solamente si logra lo imposible.",2010-07-15,Sci-Fi,8.4
28 años después: El templo de los huesos,"El Dr. Kelson (Ralph Fiennes) se ve envuelto en una nueva y sorprendente relación, cuyas consecuencias podrían cambiar el mundo tal y como se conoce. Por otra parte, el encuentro de Spike (Alfie Williams) con el Gran Lord Jimmy Crystal (Jack O'Connell) se convierte en una pesadilla de la que el chico no puede escapar. En este mundo, los infectados ya no son la mayor amenaza para la supervivencia, ya que la inhumanidad de los supervivientes puede ser aún más extraña y aterradora.",2026-01-14,Sci-Fi,7.131
Avatar,"Año 2154. Jake Sully, un exmarine en silla de ruedas, es enviado al planeta Pandora, donde se ha creado el programa Avatar, gracias al cual los seres humanos pueden controlar de forma remota un cuerpo biológico con apariencia y genética de la especie nativa. Pronto se encontrará con la encrucijada entre seguir las órdenes de sus superiores o defender al mundo que le ha acogido y siente como suyo.",2009-12-16,Sci-Fi,7.607
Spider-Man,"Peter Parker es un joven y tímido estudiante que vive con su tía May y su tío Ben desde la muerte de sus padres. Un día es mordido por una araña que ha sido modificada genéticamente, descubriendo al día siguiente que posee unos poderes poco habituales: tiene la fuerza y agilidad de una araña.",2002-05-01,Sci-Fi,7.332
Gru 4. Mi villano favorito,"Gru, Lucy y las niñas -Margo, Edith y Agnes- dan la bienvenida a un nuevo miembro en la familia: Gru Junior, que parece llegar con el propósito de ser un suplicio para su padre. Gru tendrá que enfrentarse en esta ocasión a su nueva némesis Maxime Le Mal y su sofisticada y malévola novia Valentina, lo que obligará a la familia a tener que darse a la fuga. Cuarta entrega de 'Gru, mi villano favorito'.",2024-06-20,Sci-Fi,7.0
Spider-Man: Cruzando el Multiverso,"Tras reencontrarse con Gwen Stacy, el amigable vecindario de Spider-Man de Brooklyn al completo es catapultado a través del Multiverso, donde se encuentra con un equipo de Spidermans encargados de proteger su propia existencia. Pero cuando los héroes se enfrentan sobre cómo manejar una nueva amenaza, Miles se encuentra enfrentado a las otras Arañas y debe redefinir lo que significa ser un héroe para poder salvar a la gente que más quiere.",2023-05-31,Sci-Fi,8.3
Milky☆Subway: The Galactic Limited Express - La película,"Seis delincuentes juveniles deben limpiar un tren como parte de un programa de servicios comunitarios, hasta que este emprende la marcha inesperadamente con ellos dentro.",2026-02-06,Sci-Fi,9.3
Spider-Man: Lejos de casa,"Peter Parker decide irse junto a MJ, Ned y el resto de sus amigos a pasar unas vacaciones a Europa. Sin embargo, el plan de Parker por dejar de lado sus superpoderes durante unas semanas se ven truncados cuando Nick Fury contacta con él para solicitarle ayuda para frenar el ataque de unas criaturas elementales que están causando el caos en el continente. En ese momento, Parker vuelve a ponerse el traje de Spider-Man para cumplir con su labor.",2019-06-28,Sci-Fi,7.4
Signal One,"Un científico informático es invitado por un multimillonario de la tecnología a unirse a su centro privado en una isla caribeña para investigar materia extraterrestre en la Tierra. Cuando establecen contacto más allá de nuestro mundo, estalla el caos y nos quedamos preguntándonos: ¿vienen en son de paz?",2026-06-05,Sci-Fi,6.659
Blade Runner 2049,"Han pasado 30 años desde los acontecimientos ocurridos en Blade Runner (1982). El oficial K, un blade runner caza-replicantes del Departamento de Policía de Los Ángeles, descubre un secreto que ha estado enterrado durante mucho tiempo y que tiene el potencial de llevar a la sociedad al caos. Su investigación le conducirá a la búsqueda del legendario Rick Deckard, un antiguo blade runner en paradero desconocido, que lleva desaparecido 30 años.",2017-10-04,Sci-Fi,7.595
Sonic 3: La película,"Sonic, Knuckles y Tails se reúnen para enfrentarse a un nuevo y poderoso adversario, Shadow, un misterioso villano cuyos poderes no se parecen a nada de lo que nuestros héroes han conocido hasta ahora. Con sus facultades superadas en todos los sentidos, el Equipo Sonic tendrá que establecer una insólita alianza con la esperanza de detener a Shadow y proteger el planeta.",2024-12-19,Sci-Fi,7.617
Iron Man 2,"El mundo sabe que el multimillonario Tony Stark es Iron Man, el superhéroe enmascarado. Sometido a presiones por parte del gobierno, la prensa y la opinión pública para que comparta su tecnología con el ejército, Tony es reacio a desvelar los secretos de la armadura de Iron Man porque teme que esa información pueda caer en manos indeseables.",2010-04-28,Sci-Fi,6.855
Dune,"En un lejano futuro, la galaxia conocida es gobernada mediante un sistema feudal de casas nobles bajo el mandato del Emperador. Las alianzas y la política giran entorno a un pequeño planeta, Dune,  del que extrae la 'especia melange', la materia prima que permite los viajes espaciales. La Casa Atreides, bajo el mandato del Duque Leto Atreides recibe el encargo de custodiar el planeta, relevando en la encomienda a sus históricos enemigos, los Harkonnen. Paul Atreides, hijo del duque, se verá atrapado en las intrigas políticas mientras descubre el destino que le deparan los desiertos de Dune.",2021-09-15,Sci-Fi,7.78
La sustancia,"'Tú, pero mejor en todos los sentidos'. Esa es la promesa de la sustancia, un producto revolucionario basado en la división celular, que crea un alter ego más joven, más bello, más perfecto.",2024-09-07,Sci-Fi,7.1
Dune,"En un lejano futuro, la galaxia conocida es gobernada mediante un sistema feudal de casas nobles bajo el mandato del Emperador. Las alianzas y la política giran entorno a un pequeño planeta, Dune,  del que extrae la 'especia melange', la materia prima que permite los viajes espaciales. La Casa Atreides, bajo el mandato del Duque Leto Atreides recibe el encargo de custodiar el planeta, relevando en la encomienda a sus históricos enemigos, los Harkonnen. Paul Atreides, hijo del duque, se verá atrapado en las intrigas políticas mientras descubre el destino que le deparan los desiertos de Dune.",2021-09-15,Sci-Fi,7.78
La sustancia,"'Tú, pero mejor en todos los sentidos'. Esa es la promesa de la sustancia, un producto revolucionario basado en la división celular, que crea un alter ego más joven, más bello, más perfecto.",2024-09-07,Sci-Fi,7.1
"Buena suerte, pásalo bien, no mueras","Un hombre que afirma venir del futuro llega a un pequeño restaurante en Los Ángeles. Su misión: reclutar a los humanos descontentos para que, en el transcurso de una noche, formen parte de una misión global: detener a una inteligencia artificial que se ha vuelto rebelde y amenaza la supervivencia del mundo.",2026-02-13,Sci-Fi,7.023
Iron Man,"El multimillonario fabricante de armas Tony Stark debe enfrentarse a su turbio pasado después de sufrir un accidente con una de sus armas. Equipado con una armadura de última generación tecnológica, se convierte en 'El hombre de hierro' para combatir el mal a escala global.",2008-04-30,Sci-Fi,7.662
Worldbreaker,"2030. Una biotoxina ha destrozado la civilización, transformando a los humanos en bestias letales conocidas como ""devoradores"". Para asegurar su seguridad, un hombre (Luke Evans) busca refugio en una isla desierta con su hija. Pero la llegada de un náufrago desencadena un enfrentamiento mortal. Padre e hija deben unir fuerzas para sobrevivir en un mundo donde ningún lugar es seguro.",2025-10-30,Sci-Fi,6.067
Spider-Man: un nuevo universo,"En un universo paralelo donde Peter Parker ha muerto, un joven de secundaria llamado Miles Morales es el nuevo Spider-Man. Sin embargo, cuando el líder mafioso Wilson Fisk construye el 'Super Colisionador' trae a una versión alternativa de Peter Parker que tratará de enseñar a Miles como ser un mejor Spider-Man. Pero no será el único Spider Man en entrar a este universo:  cuatro versiones alternativas buscan regresar a su universo antes de que toda la realidad se colapse.",2018-12-06,Sci-Fi,8.393
La guerra de las galaxias,"La princesa Leia, líder del movimiento rebelde que desea reinstaurar la República en la galaxia en los tiempos ominosos del Imperio, es capturada por las malévolas Fuerzas Imperiales, capitaneadas por el implacable Darth Vader, el sirviente más fiel del emperador. El intrépido Luke Skywalker, ayudado por Han Solo, capitán de la nave espacial ""El Halcón Milenario"", y los androides, R2D2 y C3PO, serán los encargados de luchar contra el enemigo y rescatar a la princesa para volver a instaurar la justicia en el seno de la Galaxia.",1977-05-25,Sci-Fi,8.206
Dune: Parte dos,"Sigue el viaje mítico de Paul Atreides mientras se une a Chani y los Fremen en una guerra de venganza contra los conspiradores que destruyeron a su familia. Al enfrentarse a una elección entre el amor de su vida y el destino del universo conocido, Paul se esfuerza por evitar un futuro terrible que solo él puede prever.",2024-02-27,Sci-Fi,8.126
Avatar: El sentido del agua,"Más de una década después de los acontecimientos de 'Avatar', los Na'vi Jake Sully, Neytiri y sus hijos viven en paz en los bosques de Pandora hasta que regresan los hombres del cielo. Entonces comienzan los problemas que persiguen sin descanso a la familia Sully, que decide hacer un gran sacrificio para mantener a su pueblo a salvo y seguir ellos con vida.",2022-12-14,Sci-Fi,7.593
¡Olvídate de mí!,"Una mujer usa los servicios de una empresa para borrar de su memoria todo recuerdo de su ex pareja. Ofendido, el hombre intenta hacer lo mismo que ella, pero el proceso no sucede según lo esperado y el protagonista debe atravesar la gigantesca marea de recuerdos de su propio cerebro para recomponer las cosas.",2004-03-19,Sci-Fi,8.091
WALL·E: Batallón de limpieza,"En el año 2800, en un planeta Tierra devastado y sin vida, tras cientos de solitarios años haciendo aquello para lo que fue construido -limpiar el planeta de basura- el pequeño robot WALL•E descubre una nueva misión en su vida cuando se encuentra con una moderna y lustrosa robot exploradora llamada EVE. Ambos viajarán a lo largo de la galaxia y vivirán una emocionante e inolvidable aventura.",2008-06-26,Sci-Fi,8.114
Los Cuatro Fantásticos: Primeros pasos,"Con un mundo retrofuturista inspirado en los años 60 como telón de fondo, la Primera Familia de Marvel deberá hacer frente a su mayor desafío hasta la fecha. Obligados a buscar el equilibrio entre su papel de héroes y sus fuertes vínculos familiares, tendrán que defender la Tierra de un hambriento dios espacial llamado Galactus y su intrigante heraldo, Estela Plateada.",2025-07-23,Sci-Fi,6.96
TRON: Ares,"La historia de Ares, un programa muy sofisticado que se envía desde el mundo digital al mundo real en una misión peligrosa y que va a representar el primer encuentro de la humanidad con seres creados por la IA.",2025-10-08,Sci-Fi,6.495
Masters del universo,"Basada en la famosa serie animada. He-man y sus amigos deben viajar a la Tierra del siglo XX para rescatar una llave cósmica que les permita derrotar a Skeletor, que se ha apoderado del castillo de Grayskull y que mantiene prisionera a Sorceress. Los inconvenientes son que Skeletor posee otra llave y que la original está en manos de unos jóvenes terrícolas, que creen que es un instrumento musical.",1987-08-07,Sci-Fi,5.817
Depredador,"Un comando de mercenarios es contratados por la CIA para rescatar a unos pilotos apresados por las guerrillas en la selva Centroamericana. La misión resulta satisfactoria, pero durante su viaje de regreso se dan cuenta de que algo está dándoles caza uno a uno, ese algo resulta ser un cazador alienígena que se queda con las calaveras de sus víctimas como trofeos",1987-06-12,Sci-Fi,7.562
Iron Man 3,"El descarado y brillante empresario Tony Stark/Iron Man se enfrentará a un enemigo cuyo poder no conoce límites. Cuando Stark comprende que su enemigo ha destruido su universo personal, se embarca en una angustiosa búsqueda para encontrar a los responsables. Este viaje pondrá a prueba su entereza una y otra vez. Acorralado, Stark tendrá que sobrevivir por sus propios medios, confiando en su ingenio y su instinto para proteger a las personas que quiere.",2013-04-18,Sci-Fi,6.933
Black Panther,"Después de los acontecimientos de ""Capitán América: Civil War"", T'Challa vuelve a casa, la nación aislada y muy avanzada tecnológicamente de Wakanda, para ser proclamado Rey. Pero la reaparición de un viejo enemigo pone a prueba el temple de T'Challa como Rey y Black Panther ya que se ve arrastrado a un conflicto que pone en peligro todo el destino de Wakanda y del mundo.",2018-02-13,Sci-Fi,7.364
Pacific Rim,"Cuando legiones de monstruosas criaturas, denominadas Kaiju, comienzan a salir del mar, se inicia una guerra que acabará con millones de vidas y que consumirá los recursos de la humanidad durante interminables años. Para combatir a los Kaiju gigantes diseñan un tipo especial de arma: enormes robots, llamados Jaegers, que son controlados simultáneamente por dos pilotos cuyas mentes están bloqueadas en un puente neural. Pero incluso los Jaegers proporcionan poca defensa ante los incansables Kaiju. A punto de la derrota, las fuerzas que defienden a la humanidad no tienen otra elección que recurrir a dos insólitos héroes: un ex piloto acabado (Charlie Hunnam) y un aprendiz que todavía no se ha puesto a prueba (Rinko Kikuchi). Ambos se unen para traer a un legendario pero al parecer obsoleto Jaeger del pasado. Juntos, son la última esperanza de la humanidad frente al Apocalipsis que se avecina.",2013-07-11,Sci-Fi,6.93
Venom: El último baile,"Eddie y Venom están a la fuga. Perseguidos por sus sendos mundos y cada vez más cercados, el dúo se ve abocado a tomar una decisión devastadora que hará que caiga el telón sobre el último baile de Venom y Eddie.",2024-10-22,Sci-Fi,6.673
Spider-Man 3,"Parece que Parker ha conseguido por fin el equilibrio entre su devoción por Mary Jane y sus deberes como superhéroe. Pero, de repente, su traje se vuelve negro y adquiere nuevos poderes; también él se transforma, mostrando el lado más oscuro y vengativo de su personalidad. Bajo la influencia del nuevo traje, Peter se convierte en un ser egoísta que sólo se preocupa por sí mismo. Tiene, pues, que afrontar un dilema: disfrutar de sus nuevos poderes o seguir siendo un héroe compasivo. Mientras tanto, sobre él se cierne la amenaza de dos temibles enemigos: Venom y el Hombre de Arena.",2007-05-01,Sci-Fi,6.463
The Amazing Spider-Man,"Como la mayoría de los adolescentes de su edad, Peter está intentando descubrir quién es y cómo ha llegado a ser lo que es. En su viaje para atar los cabos de su pasado descubre un secreto que guardaba su padre, un secreto que finalmente dará forma a su destino como Spiderman.",2012-06-23,Sci-Fi,6.739
Terminator 2: El juicio final,"Ha pasado once años desde que Sarah Connor fue marcada como objetivo para ser eliminada por un cyborg del futuro. Ahora su hijo John, el futuro líder de la resistencia, es el objetivo de un Terminator más moderno, más mortífero. Una vez más, la resistencia se las ha ingeniado para enviar un protector de vuelta al pasado para intentar salvar a John y a su madre Sarah.",1991-07-03,Sci-Fi,8.152
Sin piedad,"En un futuro próximo, un detective (Chris Pratt) es acusado de asesinar a su esposa. Tiene 90 minutos para demostrar su inocencia ante la Jueza de la I.A. avanzada (Rebecca Ferguson), a la que él mismo defendió en su día, antes de que esta decida su destino.",2026-01-19,Sci-Fi,7.046
Star Wars: Los últimos Jedi,"La malvada Primera Orden se ha vuelto más poderosa y tiene contra las cuerdas a la Resistencia, liderada por la General Leia Organa. El piloto Poe Dameron encabeza una misión para intentar destruir un acorazado de la Primera Orden. Mientras tanto, la joven Rey tendrá que definir su futuro y su vocación, y el viejo jedi Luke Skywalker revaluar el significado de su vida.",2017-12-13,Sci-Fi,6.75
Malta,"Mariana quiere irse lejos de Bogotá, lejos de su familia, pero sobre todo lejos de sí misma. Malta es un lugar por donde empezar. Antes de llegar allí tendrá que adentrarse en otros territorios.",2024-03-08,Sci-Fi,5.4
El corredor del laberinto,"Thomas abre los ojos y se da cuenta que está en un ascensor. Lo extraño es que no recuerda nada, ni dónde está, ni quién es. Lo único que aún permanece intacto en su memoria es su nombre, y ya es mucho. Antes de que le dé tiempo a cuestionarse algo sobre sí mismo las puertas se abrirán y aparecerá ante él un extraño mundo. Todo lo que ve son chicos de su edad que tienen su mismo estado de amnesia. Una aventura fantástica que pronto destapará la dura realidad bajo ese velo de incertidumbre: todos ellos están atrapados en un laberinto. Si quieren tener alguna posibilidad de salir de allí y recuperar su antigua vida y aquello que no son capaces de recordar deberán unir fuerzas para escapar. Un mundo post-apocalíptico que les acorralará e irá un paso por delante será el desafío que tengan que pasar estos jóvenes por la libertad.",2014-09-10,Sci-Fi,7.19
Independence Day,"En víspera del 4 de julio, unas gigantescas naves espaciales aparecen en el cielo. El estupor inicial se convierte en terror al ver cómo éstas atacan al planeta lanzando rayos destructivos en las mayores ciudades de todo el mundo. Ahora la única esperanza para la salvación de la tierra está en la voluntad de algunos supervivientes, que se unen planeando el último ataque masivo contra los alienígenas, antes de que sea demasiado tarde para la humanidad.",1996-06-25,Sci-Fi,6.913
El abismo secreto,"Mandan a dos operativos de élite a vigilar lados opuestos de un misterioso abismo y allí intiman desde la distancia, pero deberán aunar fuerzas para sobrevivir al mal que esconde el abismo.",2025-02-13,Sci-Fi,7.653
Regreso al futuro,"El adolescente Marty McFly es amigo de Doc, un científico al que todos toman por loco. Cuando Doc crea una máquina para viajar en el tiempo, un error fortuito hace que Marty llegue a 1955, año en el que sus futuros padres aún no se habían conocido. Después de impedir su primer encuentro, deberá conseguir que se conozcan y se casen; de lo contrario, su existencia no sería posible.",1985-07-03,Sci-Fi,8.327
La guerra del mañana,"Unos viajeros llegan desde el año 2051 para dar un mensaje: 30 años en el futuro, la humanidad estará perdiendo la guerra contra unos alienígenas. La única esperanza para sobrevivir es que los soldados y civiles vayan al futuro y se sumen a la batalla. Decidido a salvar el mundo por su hija, Dan Forester se une a una científica brillante y a su distante padre para reescribir el destino del planeta.",2021-09-03,Sci-Fi,7.503
Capitán América: Civil War,"Continúa la historia de “Avengers: Age of Ultron”, con Steve Rogers liderando un nuevo equipo de Vengadores en su esfuerzo por proteger a la humanidad. Tras otro incidente internacional relacionado con los Vengadores que ocasiona daños colaterales, la presión política fuerza a crear un sistema de registro y un cuerpo gubernamental para determinar cuándo se requiere los servicios del equipo. El nuevo status quo divide a los Vengadores mientras intentan salvar al mundo de un nuevo y perverso villano.",2016-04-27,Sci-Fi,7.449
The Amazing Spider-Man 2: El poder de Electro,"Peter Parker lleva una vida muy ocupada, compaginando su tiempo entre su papel como Spider-Man, acabando con los malos, y en el instituto con la persona a la que quiere, Gwen. Peter no ve el momento de graduarse. No ha olvidado la promesa que le hizo al padre de Gwen de protegerla, manteniéndose lejos de ella, pero es una promesa que simplemente no puede cumplir. Las cosas cambiarán para Peter cuando aparece un nuevo villano, Electro, y un viejo amigo, Harry Osborn, regresa, al tiempo que descubre nuevas pistas sobre su pasado.",2014-04-16,Sci-Fi,6.543
ஜன நாயகன்,,,Sci-Fi,0.0
Gru Mi villano favorito,"En una alegre urbanización con cuidados jardines rodeados por verjas de madera pintadas de blanco y llenos de rosales, sobresale una casa negra con el césped amarillento. Los vecinos ignoran que debajo de la vivienda hay un enorme escondite secreto. Allí está Gru, rodeado por un pequeño ejército de lacayos, planeando el mayor robo de toda la historia. ¡Va a hacerse con la luna!",2010-07-08,Sci-Fi,7.258
Lilo y Stitch,La conmovedora y divertidísima historia de una solitaria niña hawaiana y el extraterrestre fugitivo que la ayuda a reparar su desestructurada familia.,2025-05-17,Sci-Fi,7.208
Terminator,"Un cyborg ha sido enviado desde el futuro en una misión mortal: eliminar a Sarah Connor, una joven cuya vida tendrá una gran importancia en los próximos años. Sarah tiene sólo un protector —Kyle Reese— también enviado desde el futuro. El Terminator utiliza su inteligencia excepcional y fuerza para encontrar a Sarah, pero ¿hay alguna forma de detener al cyborg aparentemente indestructible?",1984-10-26,Sci-Fi,7.684
Logan,"Sin sus poderes, por primera vez, Lobezno es verdaderamente vulnerable. Después de una vida de dolor y angustia, sin rumbo y perdido en el mundo donde los X-Men son leyenda, su mentor Charles Xavier lo convence de asumir una última misión: proteger a una joven que será la única esperanza para la raza mutante.",2017-02-28,Sci-Fi,7.8
"Alien, el octavo pasajero","De regreso a la Tierra, la nave de carga Nostromo interrumpe su viaje y despierta a sus siete tripulantes. El ordenador central, MADRE, ha detectado la misteriosa transmisión de una forma de vida desconocida, procedente de un planeta cercano aparentemente deshabitado. La nave se dirige entonces al extraño planeta para investigar el origen de la comunicación.",1979-05-25,Sci-Fi,8.171
El quinto elemento,"Cada 5.000 años se abre una puerta entre las dimensiones. En una dimensión existe el Universo y la vida. En la otra dimensión existe un elemento que no está hecho ni de tierra, ni de fuego, ni de aire, ni de agua, sino que es una anti-energía, la anti-vida: es el quinto elemento.",1997-05-02,Sci-Fi,7.584
Guerra Mundial Z,"Cuando el mundo comienza a ser invadido por una legión de muertos vivientes, Gerry Lane, un experto investigador de las Naciones Unidas, intentará evitar el fin de la civilización en una carrera contra el tiempo y el destino. La destrucción a la que se ve sometida la raza humana lo lleva a recorrer el mundo entero buscando la solución para frenar esa horrible epidemia.",2013-06-19,Sci-Fi,6.836
Logan,"Sin sus poderes, por primera vez, Lobezno es verdaderamente vulnerable. Después de una vida de dolor y angustia, sin rumbo y perdido en el mundo donde los X-Men son leyenda, su mentor Charles Xavier lo convence de asumir una última misión: proteger a una joven que será la única esperanza para la raza mutante.",2017-02-28,Sci-Fi,7.8
"Alien, el octavo pasajero","De regreso a la Tierra, la nave de carga Nostromo interrumpe su viaje y despierta a sus siete tripulantes. El ordenador central, MADRE, ha detectado la misteriosa transmisión de una forma de vida desconocida, procedente de un planeta cercano aparentemente deshabitado. La nave se dirige entonces al extraño planeta para investigar el origen de la comunicación.",1979-05-25,Sci-Fi,8.171
ஜன நாயகன்,,,Sci-Fi,0.0
¡La novia!,"En el Chicago de los años 30, Frankenstein pide ayuda al Dr. Euphronius para crear una compañera. Dan vida a una mujer asesinada como la Novia, lo que desencadena un romance, el interés de la policía y un cambio social radical.",2026-03-04,Sci-Fi,6.152
Thunderbolts*,"Un grupo de supervillanos poco convencional es reclutado para hacer misiones para el gobierno: Yelena Belova, Bucky Barnes, Red Guardian, Ghost, Taskmaster y John Walker. Después de verse atrapados en una trampa mortal urdida por Valentina Allegra de Fontaine, estos marginados deben embarcarse en una peligrosa misión que les obligará a enfrentarse a los recovecos más oscuros de su pasado.",2025-04-30,Sci-Fi,7.29
Megalodón 2: La fosa,Una exploración submarina en las profundidades del océano se convierte en una espiral de caos cuando una malévola operación minera amenaza la misión y obliga al equipo de investigación a librar una arriesgada batalla por la supervivencia. Secuela de 'The Meg' (2018).,2023-08-02,Sci-Fi,6.373
Godzilla y Kong: El nuevo imperio,"Una aventura cinematográfica completamente nueva, que enfrentará al todopoderoso Kong y al temible Godzilla contra una colosal amenaza desconocida escondida dentro de nuestro mundo. La nueva y épica película profundizará en las historias de estos titanes, sus orígenes y los misterios de Isla Calavera y más allá, mientras descubre la batalla mítica que ayudó a forjar a estos seres extraordinarios y los unió a la humanidad para siempre.",2024-03-27,Sci-Fi,7.049
La llegada,"Unas misteriosas naves espaciales aterrizan por todo el mundo. Un equipo, liderado por la lingüista Louise Banks, intenta descifrar el motivo de su visita. A medida que la humanidad se tambalea al borde de la guerra, Louise y su equipo luchan contra el tiempo, llegando a poner en peligro su vida y, muy posiblemente, la del resto de la humanidad.",2016-11-10,Sci-Fi,7.627
Terminator,"Un cyborg ha sido enviado desde el futuro en una misión mortal: eliminar a Sarah Connor, una joven cuya vida tendrá una gran importancia en los próximos años. Sarah tiene sólo un protector —Kyle Reese— también enviado desde el futuro. El Terminator utiliza su inteligencia excepcional y fuerza para encontrar a Sarah, pero ¿hay alguna forma de detener al cyborg aparentemente indestructible?",1984-10-26,Sci-Fi,7.684
Mad Max: Furia en la carretera,"Perseguido por su turbulento pasado, Mad Max cree que la mejor forma de sobrevivir es ir solo por el mundo. Sin embargo, se ve arrastrado a formar parte de un grupo que huye a través del desierto en un War Rig conducido por una Emperatriz de élite: Furiosa. Escapan de una Ciudadela tiranizada por Immortan Joe, a quien han arrebatado algo irreemplazable. Enfurecido, el Señor de la Guerra moviliza a todas sus bandas y persigue implacablemente a los rebeldes en una 'guerra de la carretera' de altas revoluciones.",2015-05-13,Sci-Fi,7.634
Primitive War,"Vietnam, 1968. El equipo de reconocimiento Vulture Squad se adentra en un valle aislado para investigar un pelotón de Boinas Verdes desaparecido. Su misión toma un giro oscuro cuando descubren una amenaza invisible.",2025-08-21,Sci-Fi,6.632
Thor: Ragnarok,"Thor está preso al otro lado del universo sin su poderoso martillo y se enfrenta a una carrera contra el tiempo. Su objetivo es volver a Asgard y parar el Ragnarok porque significaría la destrucción de su planeta natal y el fin de la civilización Asgardiana a manos de una todopoderosa y nueva amenaza, la implacable Hela. Pero, primero deberá sobrevivir a una competición letal de gladiadores que lo enfrentará a su aliado y compañero en los Vengadores, ¡el Increíble Hulk!",2017-10-02,Sci-Fi,7.581
El increíble Hulk,"El científico Bruce Banner recorre el mundo tratando de encontrar una cura a su problema, en busca de un antídoto que le permita librarse de su Alter Ego. Perseguido por el ejército y por su propia rabia interna, es incapaz de sacar de su cabeza a Betty Ross. Así que se decide a volver a la civilización, donde debe enfrentarse a una criatura creada cuando el agente de la KGB, Emil Blonsky, se expone a una dosis superior de la radiación que convirtió a Bruce en Hulk. Incapaz de volver a su estado humano, Emil hace responsable a Hulk de su aterradora condición, mientras que la ciudad de Nueva York se convierte en el escenario de la última batalla entre las dos criaturas más poderosas que jamás han pisado la Tierra.",2008-06-12,Sci-Fi,6.243
Elio,"Cuenta la historia de Elio, un niño de 11 años, que lucha por encajar hasta que de repente es transportado por extraterrestres y es elegido para ser el embajador galáctico de la Tierra.",2025-06-18,Sci-Fi,6.915
Malta,"Mariana quiere irse lejos de Bogotá, lejos de su familia, pero sobre todo lejos de sí misma. Malta es un lugar por donde empezar. Antes de llegar allí tendrá que adentrarse en otros territorios.",2024-03-08,Sci-Fi,5.4
Proyecto Rampage,"Davis Okoye es un especialista en primates de reconocido prestigio que mantiene un vínculo muy importante con un singular gorila albino llamado George, un animal que posee una inteligencia extraordinaria y al que lleva cuidando desde su nacimiento. Cuando este gorila es víctima de una peligrosa modificación genética, su ADN mutará rápidamente y de manera incontrolada. Será entonces cuando George crezca de forma exponencial y se convierta en un monstruo violento. Su tamaño, rapidez, agilidad y violencia estará fuera de control.  Pero este gorila no es el único animal que ha mutado, Okoye pronto descubrirá que hay otros animales que tienen el mismo problema, y que destruyen todo lo que encuentran a su paso. Para frenar esta amenaza y recuperar a su entrañable compañero, Okoye deberá enfrentarse a los responsables de esta mutación que está sembrando el pánico en el mundo, pues el primatólogo es el único capaz de frenar a estos monstruos y su amenaza.",2018-04-11,Sci-Fi,6.458
Ice Age: El gran cataclismo,"En la nueva historia veremos a Scrat y su mítica bellota en el espacio, donde accidentalmente desencadenará una serie de acontecimientos que amenazarán la Edad de Hielo. Para salvarse, Sid, Manny, Diego y el resto de la manada deberán salir de su hogar y embarcarse en una aventura llena de comedia y aventuras, viajando por tierras exóticas donde se encontrarán con nuevos y peculiares personajes.",2016-06-23,Sci-Fi,6.115
Jurassic World: Dominion,"Cuatro años después de la destrucción de Isla Nublar, los dinosaurios conviven – y cazan – con los seres humanos en todo el mundo. Este frágil equilibrio cambiará el futuro y decidirá, de una vez por todas, si los seres humanos seguirán en la cúspide de los depredadores en un planeta que comparten con los animales más temibles de la creación.",2022-06-01,Sci-Fi,6.599
Black Panther: Wakanda Forever,"La reina Ramonda, Shuri, M’Baku, Okoye y las Dora Milaje, luchan para proteger su nación de la injerencia de potencias mundiales a raíz de la muerte del rey T’Challa. Mientras los wakandianos se esfuerzan por adaptarse a su nueva etapa, los héroes deben actuar unidos, con la ayuda del Perro de la Guerra Nakia y Everett Ross, y forzar un nuevo destino para el reino de Wakanda.",2022-11-09,Sci-Fi,7.006
28 años después,"Años transcurridos tras los sucesos de ""28 semanas después"", el virus de la ira ha regresado y un grupo de supervivientes debe sobrevivir en un mundo asolado por hordas de infectados. Realizada con un iPhone 15 Pro Max y con la ayuda de numerosos accesorios especializados.",2025-06-18,Sci-Fi,6.61
Ice Age: El gran cataclismo,"En la nueva historia veremos a Scrat y su mítica bellota en el espacio, donde accidentalmente desencadenará una serie de acontecimientos que amenazarán la Edad de Hielo. Para salvarse, Sid, Manny, Diego y el resto de la manada deberán salir de su hogar y embarcarse en una aventura llena de comedia y aventuras, viajando por tierras exóticas donde se encontrarán con nuevos y peculiares personajes.",2016-06-23,Sci-Fi,6.115
Primitive War,"Vietnam, 1968. El equipo de reconocimiento Vulture Squad se adentra en un valle aislado para investigar un pelotón de Boinas Verdes desaparecido. Su misión toma un giro oscuro cuando descubren una amenaza invisible.",2025-08-21,Sci-Fi,6.632
Bumblebee,"Sexta entrega de la saga 'Transformers', esta vez centrada en el ""hermano pequeño"" de los Autobots, Bumblebee. Tratando de escapar, en el año 1987, Bumblebee encuentra refugio en un depósito de chatarra en una pequeña ciudad en la costa Californiana. Charlie (Hailee Steinfeld), a punto de cumplir 18 años y tratando de encontrar su lugar en el mundo, descubre a Bumblebee, dañado durante una batalla y descompuesto. Cuando Charlie lo revive, aprende rápidamente que éste no es un VW amarillo ordinario.",2018-11-22,Sci-Fi,6.721
El maníaco invisible,"Un científico trata de presentar su teoría de la invisibilidad, sobre la cual estuvo trabajando durante mucho tiempo. Sus compañeros se burlan de su teoría y, en un ataque desenfrenado de furia, les mata. Lo encierran en un centro mental, pero logra huir y llevando a cabo su teoría logra hacerse invisible, pero sus ansias de matar crecen.",1990-07-13,Sci-Fi,4.4
Capitán América: Brave New World,"Tras reunirse con el recién elegido presidente de los EE. UU., Thaddeus Ross, Sam se encuentra en medio de un incidente internacional. Debe descubrir el motivo que se esconde tras un perverso complot global, antes de que su verdadero artífice enfurezca al mundo entero.",2025-02-12,Sci-Fi,5.969
District 9,"Tras la llegada de una enorme nave espacial extraterrestre a Johannesburgo (Sudáfrica), a los alienígenas recién llegados a la Tierra se les obligó a vivir en condiciones penosas como ""refugiados"", en una especie de campo de concentración construido en las afueras la ciudad. Todo empezó unos veinte años atrás, cuando los extraterrestres tomaron el primer contacto con nuestro planeta. Los humanos esperaban un ataque hostil, o un gran avance tecnológico de la raza alienígena. Pero nada de ello sucedió. Los propios extraterrestres eran refugiados de su propio mundo. Sin saber bien que hacer, se confinó a los alienígenas en un campo de refugiados, el ""Distrito 9"", hasta que las naciones del mundo decidieran qué hacer ante la nueva y extraña situación. Pero el tiempo pasó...",2009-08-05,Sci-Fi,7.469
2001: Una odisea del espacio,"Mientras investigan la aparición de misteriosos monolitos en el universo, dos astronautas luchan contra la inteligencia artificial de su nave.",1968-04-02,Sci-Fi,8.049
28 años después,"Años transcurridos tras los sucesos de ""28 semanas después"", el virus de la ira ha regresado y un grupo de supervivientes debe sobrevivir en un mundo asolado por hordas de infectados. Realizada con un iPhone 15 Pro Max y con la ayuda de numerosos accesorios especializados.",2025-06-18,Sci-Fi,6.61
Ant-Man,"Armado con la asombrosa capacidad de reducir su tamaño a la dimensiones de un insecto, el estafador Scott Lang debe sacar a relucir al héroe que lleva dentro y ayudar a su mentor, el doctor Hank Pym, a proteger de una nueva generación de amenazas el secreto que se esconde tras el traje de Ant-Man, con un casco que le permite comunicarse con las hormigas. A pesar de los obstáculos aparentemente insuperables que les acechan, Pym y Lang deben planear y llevar a cabo un atraco para intentar salvar al mundo.",2015-07-14,Sci-Fi,7.066
Black Panther: Wakanda Forever,"La reina Ramonda, Shuri, M’Baku, Okoye y las Dora Milaje, luchan para proteger su nación de la injerencia de potencias mundiales a raíz de la muerte del rey T’Challa. Mientras los wakandianos se esfuerzan por adaptarse a su nueva etapa, los héroes deben actuar unidos, con la ayuda del Perro de la Guerra Nakia y Everett Ross, y forzar un nuevo destino para el reino de Wakanda.",2022-11-09,Sci-Fi,7.006
Redux Redux,"Irene Kelly es una mujer que, en un intento de vengar la muerte de su hija, viaja a través de distintas realidades para matar una y otra vez al asesino. Su obsesión por la venganza pronto se convierte en una adicción que amenaza con poner en jaque la humanidad.",2025-12-28,Sci-Fi,6.685
Jurassic World,"Veintidós años después de lo ocurrido en Jurassic Park, la isla Nublar ha sido transformada en un parque temático, Jurassic Wold, con versiones «domesticadas» de algunos de los dinosaurios más conocidos. Cuando todo parece ir a la perfección y ser el negocio del siglo, un nuevo dinosaurio de especie todavía desconocida y que es mucho más inteligente de lo que se pensaba, comienza a causar estragos entre los visitantes del Parque.",2015-06-06,Sci-Fi,6.701
TRON: Legacy,"Cuando Sam Flynn (Garrett Hedlund), programador experto en tecnología de 27 años e hijo de Kevin Flynn (Jeff Bridges), investiga la desaparición de su padre, se encuentra de repente inmerso en un peligroso y salvaje mundo surreal donde existen feroces luchas a muerte, un lugar paralelo donde su padre ha estado viviendo durante 25 años. Con la ayuda de una joven (Olivia Wilde), padre e hijo se embarcarán en un viaje a vida o muerte a través de un universo cibernético, que con el tiempo se ha convertido en mucho más avanzado y peligroso... Secuela del clásico de culto de 1982.",2010-12-14,Sci-Fi,6.544
Ready Player One,"Cuando el creador de una realidad virtual llamada OASIS muere, lanza un reto póstumo a todos sus usuarios para que busquen un huevo de pascua, que dará al que lo encuentre su fortuna y el control de su mundo.",2018-03-28,Sci-Fi,7.588
Minions: El origen de Gru,"En los años 70, Gru crece siendo un gran admirador de ""Los salvajes seis"", un supergrupo de villanos. Para demostrarles que puede ser malvado, diseña un plan con la esperanza de formar parte de la banda.",2022-06-29,Sci-Fi,7.3
Viuda Negra,"Natasha Romanoff, alias Viuda Negra, se enfrenta a las partes más oscuras de su historia cuando surge una peligrosa conspiración con vínculos con su pasado. Perseguida por una fuerza que no se detendrá ante nada para acabar con ella, Natasha debe enfrentarse a su historia como espía y a las relaciones rotas que dejó a su paso mucho antes de convertirse en una Vengadora.",2021-07-07,Sci-Fi,7.167
Blade Runner,"A principios del siglo XXI, la Tyrell Corporation desarrolló un nuevo tipo de robot llamado Nexus, un ser virtualmente idéntico al hombre y conocido como Replicante.  Los Replicantes Nexus-6 eran superiores en fuerza y agilidad, y al menos iguales en inteligencia, a los ingenieros de genética que los crearon.  En el espacio exterior, los Replicantes fueron usados como trabajadores esclavos en la arriesgada exploración y colonización de otros planetas.  Después de la sangrienta rebelión de un equipo de combate de Nexus-6 en una colonia sideral, los Replicantes fueron declarados proscritos en la Tierra bajo pena de muerte.  Brigadas de policías especiales, con el nombre de Unidades de Blade Runners, tenían órdenes de tirar a matar al ver a cualquier Replicante invasor.  A esto no se le llamó ejecución, se le llamó retiro.",1982-06-25,Sci-Fi,7.936
Chronicle,"Chronicle cuenta la historia de tres adolescentes normales y corrientes que de pronto desarrollan superpoderes que les permiten hacer cosas que nunca creyeron posibles. Mientras intentan aprender a controlar sus habilidades para usarlas en su beneficio, sus vidas se adentran en una espiral fuera de control, y se muestra el lado oscuro de sus recién descubiertos poderes con consecuencias inesperadas.",2012-02-01,Sci-Fi,6.856
G.I. Joe: La venganza,"En esta ocasión, los G.I Joes no solo tendrán que luchar contra su enemigo mortal, Cobra, sino que además se verán obligados a lidiar con las amenazas de dentro del gobierno que ponen en peligro su propia existencia.Dirigida por Jon M. Chu, y producida por Lorenzo di Bonaventura y Brian Goldner, con un guión de Rhett Reese y Paul Wernick. Basada en los personajes de G.I. Joe® de Hasbro.",2013-03-27,Sci-Fi,5.659
Men in Black,Un agente de policía se une a una organización secreta que controla y monitoriza la actividad extraterrestre en la Tierra.,1997-07-02,Sci-Fi,7.224
Flash,"Cuando su intento de salvar a su familia altera sin darse cuenta el futuro, Barry Allen queda atrapado en una realidad en la que el General Zod ha regresado y no hay superhéroes a quienes recurrir. Para salvar el mundo en el que se encuentra y regresar al futuro que conoce, la única esperanza de Barry es correr por su vida. Pero, ¿será suficiente hacer el sacrificio máximo para restablecer el universo?",2023-06-13,Sci-Fi,6.615
El maníaco invisible,"Un científico trata de presentar su teoría de la invisibilidad, sobre la cual estuvo trabajando durante mucho tiempo. Sus compañeros se burlan de su teoría y, en un ataque desenfrenado de furia, les mata. Lo encierran en un centro mental, pero logra huir y llevando a cabo su teoría logra hacerse invisible, pero sus ansias de matar crecen.",1990-07-13,Sci-Fi,4.4
Alice (Subservience),"Con su mujer en el hospital, un padre en apuros compra una Inteligencia Artificial para ayudarle en las tareas de casa. Pero a medida que la robot se encariña de su nuevo dueño, los límites empiezan a cruzarse. Pronto ella se empeña en eliminar lo que percibe como la verdadera amenaza para su felicidad: su familia.",2024-08-15,Sci-Fi,6.61
El truco final (El prestigio),"Robert Angier es un ilusionista respetado que se obsesiona con uno de los trucos de su rival Alfred Borden. Para conseguir el truco hará todo lo posible, sin saber hasta qué punto cambiará su vida...",2006-10-19,Sci-Fi,8.208
Jurassic World: El reino caído,"Tras cuatro años de abandono del complejo turístico Jurassic World, la isla Nublar sólo está habitada por los dinosaurios supervivientes. Cuando el volcán inactivo de la isla comienza a cobrar vida, Owen y Claire montan una campaña para rescatar a los dinosaurios restantes en la isla.",2018-06-06,Sci-Fi,6.531
Transformers: La era de la extinción,"Han pasado 4 años desde la tragedia de Chicago y la humanidad sigue reparando los destrozos, pero tanto los Autobots como los Decepticons han desaparecido de la faz de la Tierra. Ahora el Gobierno de los Estados Unidos está utilizando la tecnología rescatada en el asedio de Chicago para desarrollar sus propios Transformers. Al frente del proyecto está Joshua Joyce, un arrogante diseñador que piensa que los Autobots son ""basura tecnológica"" y se cree capaz de fabricar unos robots infinitamente más avanzados. Mientras tanto, Cade Yeager, un mécánico inventor, encuentra un Marmon semi-trailer. Al intentar repararlo, descubre que el camión no solo era un Transformer, sino también el mismísimo Optimus Prime, líder de los Autobots. Lo que Cade ignora son las consecuencias que pueden derivarse de este hallazgo.",2014-06-25,Sci-Fi,5.966
El imperio contraataca,"Tras un ataque sorpresa de las tropas imperiales a las bases camufladas de la alianza rebelde, Luke Skywalker, en compañía de R2D2, parte hacia el planeta Dagobah en busca de Yoda, el último maestro Jedi, para que le enseñe los secretos de la Fuerza. Mientras, Han Solo, la princesa Leia, Chewbacca, y C3PO esquivan a las fuerzas imperiales y piden refugio al antiguo propietario del Halcón Milenario, Lando Calrissian, en la ciudad minera de Bespin, donde les prepara una trampa urdida por Darth Vader.",1980-05-20,Sci-Fi,8.392
Transformers: El despertar de las bestias,"Cuando surge una nueva amenaza capaz de destruir todo el planeta, Optimus Prime y los Autobots deben unirse a una poderosa facción conocida como los Maximals. Con el destino de la humanidad en juego, los humanos Noah y Elena harán lo que sea necesario para ayudar a los Transformers mientras se involucran en la batalla final para salvar la Tierra.",2023-06-06,Sci-Fi,7.17
E.T. el extraterrestre,"Un pequeño ser de otro planeta se queda abandonado en la Tierra cuando su nave se marcha olvidándose de él. Tiene miedo. Está completamente solo, pero se hará amigo de un niño, que lo esconde en su casa. El niño y sus hermanos intentarán encontrar la forma de que el pequeño extraterrestre regrese a su planeta antes de que los científicos y la policía lo encuentren.",1982-06-11,Sci-Fi,7.5
Lilo & Stitch,"Lilo es una niña hawaiana que se siente sola y decide adoptar un ""perro"" muy feo al que llama Stitch. Stitch sería la mascota perfecta... si no fuera en realidad un experimento genético que ha escapado de un planeta alienígena y que ha aterrizado por casualidad en la tierra.",2002-06-21,Sci-Fi,7.561
Furiosa: De la saga Mad Max,"En un mundo postapocalíptico donde todo ha perdido su valor, los pocos supervivientes se guían por la ley del más fuerte. Sin aprecio por la vida, lo único que despierta un brutal interés es la gasolina, sinónimo de poder y objetivo de bandas armadas hasta los dientes y sin escrúpulos. En este contexto conoceremos la  historia de la arrebatadoramente despiadada, salvaje y joven Furiosa, quien cae en manos de una horda de motoristas y debe sobrevivir a muchas pruebas mientras reúne los medios para encontrar el camino de vuelta a casa. Precuela de 'Mad Max: Furia en la carretera' (2015).",2024-05-22,Sci-Fi,7.5
Alienoid,"‎Los gurús de finales de la dinastía Goryeo intentan obtener una espada legendaria y sagrada, y los humanos en 2022 persiguen a un prisionero alienígena que está encerrado en el cuerpo de un humano. Las dos partes se cruzan cuando se abre un portal de viajes en el tiempo.‎",2022-07-20,Sci-Fi,6.894
Men in Black,Un agente de policía se une a una organización secreta que controla y monitoriza la actividad extraterrestre en la Tierra.,1997-07-02,Sci-Fi,7.224
La acompañante,La muerte de un multimillonario desencadena una serie de acontecimientos para Iris y sus amigos durante un viaje de fin de semana a su finca junto al lago.,2025-01-22,Sci-Fi,7.015
El reino del planeta de los simios,"Ambientada varias generaciones en el futuro tras el reinado de César, en la que los simios son la especie dominante que vive en armonía y los humanos se han visto reducidos a vivir en la sombra. Mientras un nuevo y tiránico líder simio construye su imperio, un joven simio emprende un angustioso viaje que le llevará a cuestionarse todo lo que sabe sobre el pasado y a tomar decisiones que definirán el futuro de simios y humanos por igual.",2024-05-08,Sci-Fi,7.055
Soy leyenda,"Año 2012. Robert Neville es el último hombre vivo que hay sobre la Tierra, pero no está solo. Los demás seres humanos se han convertido en unos mutantes nocturnos llamados ""Darkseekers"" y todos ansían beber su sangre. Durante el día vive en estado de alerta, como un cazador, y busca a los muertos vivientes mientras duermen; pero durante la noche debe esconderse de ellos y esperar el amanecer. Esta pesadilla empezó hace tres años: Neville era un brillante científico, pero no pudo impedir la expansión de un terrible virus creado por el hombre. Él ha sobrevivido porque es inmune al virus; todos los días envía mensajes por radio con la esperanza de que haya otros supervivientes, pero es inútil. Lo único que puede hacer es buscar una fórmula que le permita utilizar su sangre inmune para devolverles a los hombres su naturaleza. Pero está en inferioridad de condiciones y el tiempo se acaba.",2007-12-12,Sci-Fi,7.217
Megalodón,"Un sumergible de aguas profundas que forma parte de un programa internacional de vigilancia submarina, ha sido atacado por una enorme criatura que se creía extinta. Ahora está averiado en el fondo de la fosa oceánica más profunda del Pacífico con su tripulación atrapada en el interior. El tiempo se acaba y, en contra de los deseos de su hija Suyin (Li Bingbing), un visionario oceanógrafo chino (Winston Chao) contrata a Jonas Taylor (Jason Statham), un especialista en rescate en aguas profundas. Su misión será salvar a la tripulación y también al océano de una amenaza imparable: un tiburón prehistórico de 23 metros conocido con el nombre de Megalodón.",2018-08-09,Sci-Fi,6.247
Sonic: La película,"Sonic, el descarado erizo azul basado en la famosa serie de videojuegos de Sega, vivirá aventuras y desventuras cuando conoce a su amigo humano y policía, Tom Wachowski. Sonic y Tom unirán sus fuerzas para tratar de detener los planes del malvado Dr. Robotnik, que intenta atrapar a Sonic con el fin de emplear sus inmensos poderes para dominar el mundo.",2020-02-12,Sci-Fi,7.281
Alita: Ángel de combate,"Ido, un compasivo médico de cíborgs, encuentra a Alita abandonada en el desguace de Iron City. Cuando Alita despierta, no sabe quién es, ni reconoce el mundo en el que se encuentra, todo es nuevo para ella. Ido intentará proteger a Alita de su misterioso pasado, mientras que su nuevo amigo Hugo le ayudará a despertar sus recuerdos. En ese momento, Alita descubre que posee habilidades de combate extraordinarias, que podría usar para salvar a su nueva familia y amigos. Decidida a encontrar la verdad tras sus orígenes, Alita comienza un viaje que le enfrentará a las injusticias de un mundo oscuro y corrupto, descubriendo que sólo ella puede cambiarlo.",2019-01-31,Sci-Fi,7.257
La cosa (El enigma de otro mundo),"En una estación experimental de la Antártida, un equipo de investigadores descubre a un ente extraño venido del espacio, que según todos los indicios ha permanecido enterrado en la nieve durante más de 100.000 años. Al descongelarse, experimenta una metamorfosis sorprendente...",1982-06-25,Sci-Fi,8.073
La cosa (El enigma de otro mundo),"En una estación experimental de la Antártida, un equipo de investigadores descubre a un ente extraño venido del espacio, que según todos los indicios ha permanecido enterrado en la nieve durante más de 100.000 años. Al descongelarse, experimenta una metamorfosis sorprendente...",1982-06-25,Sci-Fi,8.073
Jurassic World: El reino caído,"Tras cuatro años de abandono del complejo turístico Jurassic World, la isla Nublar sólo está habitada por los dinosaurios supervivientes. Cuando el volcán inactivo de la isla comienza a cobrar vida, Owen y Claire montan una campaña para rescatar a los dinosaurios restantes en la isla.",2018-06-06,Sci-Fi,6.531
Los Juegos del Hambre: Sinsajo - Parte 1,"Katniss Everdeen se encuentra en el Distrito 13 después de destrozar los Juegos para siempre. Bajo el liderazgo de la comandante Coin y el consejo de sus amigos más leales, Katniss extiende sus alas mientras lucha por salvar a Peeta Mellark y a una nación alentada por su valentía...",2014-11-19,Sci-Fi,6.818
Soy leyenda,"Año 2012. Robert Neville es el último hombre vivo que hay sobre la Tierra, pero no está solo. Los demás seres humanos se han convertido en unos mutantes nocturnos llamados ""Darkseekers"" y todos ansían beber su sangre. Durante el día vive en estado de alerta, como un cazador, y busca a los muertos vivientes mientras duermen; pero durante la noche debe esconderse de ellos y esperar el amanecer. Esta pesadilla empezó hace tres años: Neville era un brillante científico, pero no pudo impedir la expansión de un terrible virus creado por el hombre. Él ha sobrevivido porque es inmune al virus; todos los días envía mensajes por radio con la esperanza de que haya otros supervivientes, pero es inútil. Lo único que puede hacer es buscar una fórmula que le permita utilizar su sangre inmune para devolverles a los hombres su naturaleza. Pero está en inferioridad de condiciones y el tiempo se acaba.",2007-12-12,Sci-Fi,7.217
Star Wars: El despertar de la fuerza,"Treinta años después de la victoria de la Alianza Rebelde sobre la segunda Estrella de la Muerte (hechos narrados en el Episodio VI: El retorno del Jedi), la galaxia está todavía en guerra. Una nueva República se ha constituido, pero una siniestra organización, la Primera Orden, ha resurgido de las cenizas del Imperio Galáctico. A los héroes de antaño, que luchan ahora en la Resistencia, se suman nuevos héroes: Poe Dameron, un piloto de caza, Finn, un desertor de la Primera Orden, Rey, una joven chatarrera, y BB-8, un androide rodante. Todos ellos luchan contra las fuerzas del Mal: el Capitán Phasma, de la Primera Orden, y Kylo Ren, un temible y misterioso personaje que empuña un sable de luz roja.",2015-12-15,Sci-Fi,7.248
Guardianes de la Galaxia Vol. 2,"Continúan las aventuras del equipo en su travesía por los confines del cosmos. Los Guardianes deberán luchar para mantener unida a su nueva familia mientras intentan resolver el misterio de los verdaderos orígenes de Peter Quill. Viejos rivales se convertirán en nuevos aliados, y queridos personajes de los cómics clásicos acudirán en ayuda de nuestros héroes a medida que el universo cinematográfico de Marvel continúa expandiéndose.",2017-04-25,Sci-Fi,7.61
Sonic: La película,"Sonic, el descarado erizo azul basado en la famosa serie de videojuegos de Sega, vivirá aventuras y desventuras cuando conoce a su amigo humano y policía, Tom Wachowski. Sonic y Tom unirán sus fuerzas para tratar de detener los planes del malvado Dr. Robotnik, que intenta atrapar a Sonic con el fin de emplear sus inmensos poderes para dominar el mundo.",2020-02-12,Sci-Fi,7.281
Star Wars: El ascenso de Skywalker,"Un año después de los eventos de ""Los últimos Jedi"", los restos de la Resistencia se enfrentarán una vez más a la Primera Orden, involucrando conflictos del pasado y del presente. Mientras tanto, el antiguo conflicto entre los Jedi y los Sith llegará a su clímax, lo que llevará a la saga de los Skywalker a un final definitivo. Final de la trilogía iniciada con ""El despertar de la Fuerza"".",2019-12-18,Sci-Fi,6.267
Gru 2. Mi villano favorito,"La película de animación de los estudios Universal, giraba en torno a una apacible y colorida población en la que vivía el malvado Gru. Ayudado por su batallón de Minions, unos pequeños seres de color amarillo, intentaron robar la Luna, aunque no todo acabó como esperaban. Tres niñas curiosas y algo traviesas se cruzaron en su camino, entorpeciéndole todos sus planes y conviertiendo su objetivo en una alocada hazaña interestelar.  Ahora, 'Gru, mi villano favorito 2', narra una nueva aventura en la que Gru volverá a estar acompañado de simpáticos humanoides.",2013-06-26,Sci-Fi,6.945
Lilo & Stitch,"Lilo es una niña hawaiana que se siente sola y decide adoptar un ""perro"" muy feo al que llama Stitch. Stitch sería la mascota perfecta... si no fuera en realidad un experimento genético que ha escapado de un planeta alienígena y que ha aterrizado por casualidad en la tierra.",2002-06-21,Sci-Fi,7.561
Terminator Génesis,"Año 2032. La guerra del futuro se está librando y un grupo de rebeldes humanos tiene el sistema de inteligencia artificial Skynet contra las cuerdas. John Connor es el líder de la resistencia, y Kyle Reese es su fiel soldado, criado en las ruinas de una postapocalíptica California. Para salvaguardar el futuro, Connor envía a Reese a 1984 para salvar a su madre, Sarah de un Terminator programado para matarla con el fin de que no llegue a dar a luz a John. Pero lo que Reese encuentra en el otro lado no es como él esperaba.",2015-06-23,Sci-Fi,5.956
El reino del planeta de los simios,"Ambientada varias generaciones en el futuro tras el reinado de César, en la que los simios son la especie dominante que vive en armonía y los humanos se han visto reducidos a vivir en la sombra. Mientras un nuevo y tiránico líder simio construye su imperio, un joven simio emprende un angustioso viaje que le llevará a cuestionarse todo lo que sabe sobre el pasado y a tomar decisiones que definirán el futuro de simios y humanos por igual.",2024-05-08,Sci-Fi,7.055
Cowboys & Aliens,"Arizona, 1873. Un extraño, que no recuerda su pasado, acaba por casualidad en el duro y desértico pueblo de Absolution. Pronto descubre que los forasteros no son bienvenidos y que nadie mueve un dedo en sus calles sin que se lo ordene el Coronel ""Mano de hierro"" Dolarhyde Ford. Pero Absolution está a punto de experimentar un pánico incompresible cuando la desolada ciudad es atacada por unos maleantes desde el cielo. Ahora, el extraño que rechazaban es su única esperanza de salvación. Este pistolero, se da cuenta de que tiene un secreto que puede darle al pueblo una oportunidad para enfrentarse a los alienígenas. Con la ayuda de la escurridiza viajera Ella, logran reunir a un grupo de antiguos rivales: los ciudadanos, Dolarhyde y sus chicos, los bandidos y los guerreros apache, todos ellos en peligro de ser aniquilados. Unidos contra un enemigo común, se prepararán para un épico enfrentamiento por la supervivencia.",2011-07-29,Sci-Fi,5.68
Alita: Ángel de combate,"Ido, un compasivo médico de cíborgs, encuentra a Alita abandonada en el desguace de Iron City. Cuando Alita despierta, no sabe quién es, ni reconoce el mundo en el que se encuentra, todo es nuevo para ella. Ido intentará proteger a Alita de su misterioso pasado, mientras que su nuevo amigo Hugo le ayudará a despertar sus recuerdos. En ese momento, Alita descubre que posee habilidades de combate extraordinarias, que podría usar para salvar a su nueva familia y amigos. Decidida a encontrar la verdad tras sus orígenes, Alita comienza un viaje que le enfrentará a las injusticias de un mundo oscuro y corrupto, descubriendo que sólo ella puede cambiarlo.",2019-01-31,Sci-Fi,7.257
Alice (Subservience),"Con su mujer en el hospital, un padre en apuros compra una Inteligencia Artificial para ayudarle en las tareas de casa. Pero a medida que la robot se encariña de su nuevo dueño, los límites empiezan a cruzarse. Pronto ella se empeña en eliminar lo que percibe como la verdadera amenaza para su felicidad: su familia.",2024-08-15,Sci-Fi,6.61
Matrix Reloaded,"Las máquinas avanzan imparables hacia Zion en su afán por destruir a toda la humanidad y todas las naves se preparan para la dura batalla. Neo junto con Morfeo y Trinity buscan el camino del elegido dentro de Matrix para vencer a las máquinas y se encuentran con dificultades inesperadas: el agente Smith ha vuelto y no sólo eso, otros programas dentro de Matrix intentarán acabar con su misión. Mientras tanto Neo se tendrá que adaptar a la vida real y a la fama de ser el elegido.",2003-05-15,Sci-Fi,7.078
The Witch: Part 2. The Other One,"Una niña se despierta en un enorme laboratorio secreto. luego, accidentalmente conoce a otra chica que está tratando de proteger su casa de una pandilla. La chica misteriosa derroca a la pandilla con sus poderes inesperados y el personal del laboratorio se dispuso a encontrarla.",2022-06-15,Sci-Fi,7.406
Mickey 17,"Mickey 17, un miembro de la tripulación 'expendable' (prescindible) enviado a un planeta helado para colonizarlo, se niega a dejar que su clon de reemplazo, Mickey 18, tome su lugar... Adaptación del libro original de Edward Ashton.",2025-02-28,Sci-Fi,6.835
Looper,"Como en 2072 los asesinatos están terminantemente prohibidos, las víctimas son enviadas a través de una máquina del tiempo al pasado (2042), donde los Loopers, un grupo de asesinos a sueldo, se encargan de eliminarlas y deshacerse rápidamente de sus cuerpos. El problema surge cuando Joe (Gordon-Levitt), uno de los Loopers, recibe desde el futuro un encargo muy especial: eliminarse a sí mismo (Bruce Willis).",2012-09-26,Sci-Fi,6.911
Venom,"Eddie Brock es un consolidado periodista y astuto reportero que está investigando una empresa llamada Fundación Vida. Esta fundación, dirigida por el eminente científico Carlton Drake, está ejecutando secretamente experimentos ilegales en seres humanos y realizando pruebas que involucran formas de vida extraterrestres y amorfas conocidas como simbiontes. Durante una visita furtiva a la central, el periodista quedará infectado por un simbionte. Comenzará entonces a experimentar cambios en su cuerpo que no entiende, y escuchará una voz interior, la del simbionte Venom, que le dirá lo que tiene que hacer. Cuando Brock adquiera los poderes del simbionte que le usa como huésped, Venom tomará posesión de su cuerpo, convirtiéndole en un despiadado y peligroso súpervillano.",2018-09-28,Sci-Fi,6.826
Un lugar tranquilo,"Evelyn y Lee Abbott son una pareja con tres hijos que vive en una granja aislada de toda civilización al norte de Nueva York. Esta familia ha sobrevivido durante meses en un mundo invadido y amenazado por mortales criaturas extraterrestres que se guían por el sonido para cazar. En este contexto en el que una palabra puede significar la muerte, la familia Abbott vive silenciosamente, andan descalzos y se comunican por medio del lenguaje de señas.",2018-04-03,Sci-Fi,7.393
Capitana Marvel,"La historia sigue a Carol Danvers mientras se convierte en uno de los héroes más poderosos del universo, cuando la Tierra se encuentra atrapada en medio de una guerra galáctica entre dos razas alienígenas. Situada en los años 90, 'Capitana Marvel' es una historia nueva de un período de tiempo nunca antes visto en la historia del Universo Cinematográfico de Marvel.",2019-03-06,Sci-Fi,6.781
Pacific Rim: Insurrección,"Un futuro cercano. Después de la primera invasión que sufrió la humanidad, la lucha aun no ha terminado. El planeta vuelve a ser asediado por los Kaiju, una raza de alienígenas colosales que emergen desde un portal interdimensional, con el objetivo de destruir a la raza humana.  Ante esta nueva amenaza para la cual los humanos no están preparados, los Jaegers, robots gigantes de guerra pilotados por dos personas para sobrellevar la inmensa carga neural que conlleva manipularlos, ya no están a la altura de lo que se les viene encima. Será entonces cuando los supervivientes de la primera invasión, además de nuevos personajes como el hijo de Pentecost (John Boyega), tendrán que idear la manera de sorprender al enorme enemigo, apostando por nuevas estrategias defensivas y de ataque. Con la Tierra en ruinas e intentando reconstruirse, esta nueva batalla puede ser decisiva para el futuro.",2018-03-21,Sci-Fi,6.126
El final de Oak Street,"Un hombre de mediana edad se encuentra en un extraño campamento para dormir, compitiendo con excéntricos campistas. Busca a su amigo desaparecido y a una mítica bestia gris que guarda un tesoro escondido.",2026-08-12,Sci-Fi,0.0
X-Men: Días del futuro pasado,"Ambientada en la década de los 70, los miembros de la famosa Patrulla X tendrán que evitar un futuro apocalíptico en el que los mutantes luchan por sobrevivir en campos de concentración controlados por los temibles Centinelas. Para ello, los héroes del universo Marvel deberán unificar sus fuerzas dejando a un lado la creciente enemistad de los bandos liderados por Charles Xavier y Magneto. Trask Industries, la empresa encargada de crear a estos gigantescos cazamutantes, será el origen de todos sus problemas. Tan sólo viajando en el tiempo podrán impedir la masacre que se avecina. ¿Serán capaces nuestros héroes de derrocar a la multinacional y evitar así el exterminio de su especie?",2014-05-15,Sci-Fi,7.5
Megamind,"Megamind es el supervillano más brillante que el mundo haya conocido. Y el que menos éxito tiene. Durante años, ha estado intentando conquistar Metro City por todos los medios posibles. Cada intento constituye un fracaso, por culpa de Metro Man, un héroe invencible hasta que Megamind consigue matarlo. De repente, la vida de Megamind carece de sentido. ¿Qué puede hacer un supervillano sin un superhéroe con el que enfrentarse?. Crear a Titán, un nuevo héroe más fuerte que Metro Man. Pero Titán empieza a pensar que es mucho más divertido ser malo que ser bueno. Además, Titán no se propone conquistar el mundo, sino destruirlo. ¿Podrá derrotar Megamind a su diabólica criatura?",2010-10-28,Sci-Fi,7.029
Encuentros en la tercera fase,"Una noche, cerca de su casa, en Indiana, Roy Neary (Richard Dreyfuss) observa en el cielo unos misteriosos objetos voladores. Obsesionado por comprender lo que ha visto, se distancia de su esposa (Teri Garr). Neary encuentra apoyo en Jillian Guiler (Melinda Dillon), que también fue testigo de esas visiones nocturnas. Juntos buscan una respuesta a ese misterio que ha alterado sus vidas. Al mismo tiempo, un nutrido grupo de científicos internacionales, bajo la dirección de Claude Lacombe (François Truffaut), empieza a investigar las apariciones de OVNIS y otros extraños fenómenos.",1977-12-14,Sci-Fi,7.352
In Time,"Ambientada en una sociedad futura. El hallazgo de una fórmula contra el envejecimiento trae consigo no solo superpoblación, sino también la transformación del tiempo en moneda de cambio, que permite sufragar tanto lujos como necesidades. Los ricos pueden vivir para siempre, pero los demás tendrán que negociar cada minuto de vida, y los pobres mueren jóvenes. Después de conseguir, por casualidad, una inmensa cantidad de tiempo, Will Salas, un joven obrero, será perseguido por unos policías corruptos conocidos como ""los guardianes del tiempo"". En su huida, Will tomará como rehén a una joven de familia adinerada.",2011-10-27,Sci-Fi,6.97
Juegos de guerra,"A David Lughtman, estudiante de diecisiete años, le han suspendido varias asignaturas. Pero haciendo uso de su gran habilidad con las computadoras, logra cambiar las notas y aprobar el curso. Un día, jugando con su máquina, David entra en contacto con ""Joshua"", la computadora del Departamento de Defensa de los Estados Unidos, y decide ""jugar a la guerra"". El muchacho cree que es un juego más pero, sin darse cuenta, desafía a ""Joshua"" a un escalofriante juego de guerra termonuclear mundial. Entre las dos máquinas planean desplegar todas las estrategias y opciones para una Tercera Guerra Mundial.",1983-06-03,Sci-Fi,7.066
La guerra de las galaxias. Episodio I: La amenaza fantasma,"La Federación de Comercio ha bloqueado el pequeño planeta de Naboo, gobernado por la joven Reina Amidala, como parte de un plan ideado por Sith Darth Sidious, que manteniéndose en el anonimato dirige a los neimoidianos, que están al mando de la Federación. Amidala es convencida por los Jedis Qui-Gon Jinn y su aprendiz, o padawan, Obi-Wan Kenobi a viajar hasta Coruscant, capital de la República y sede del Consejo Jedi para intentar mediar esta amenaza. Pero esquivando el bloqueo, la nave real resulta dañada, obligando a la tripulación a aterrizar en el desértico y remoto planeta de Tatooine...",1999-05-19,Sci-Fi,6.579
2012,"El geólogo Adrian Helmsley, descubre de que el núcleo de la Tierra se está calentando. Teme que la corteza se vuelva inestable, coincidiendo con las predicciones mayas del fin del mundo. Entre tanto, los líderes del mundo ""venden"" plazas para escapar del cataclismo. El escritor Curtis Jackson tropieza con esa información... y luchará por salvar a su familia mientras el suelo se hunde bajo sus pies, y los terremotos y las erupciones volcánicas destruyen el mundo tal y como lo conocemos.",2009-10-10,Sci-Fi,5.883
Turno de noche,"Cuando un hongo mutante altamente contagioso escapa de una instalación sellada, dos jóvenes empleados, acompañados por un veterano agente de bioterrorismo, deben sobrevivir al turno de noche más alocado de la historia para salvar a la humanidad de la extinción, mientras el microorganismo se propaga y destruye todo a su paso.",2026-01-22,Sci-Fi,6.789
El amanecer del planeta de los simios,"Un grupo de simios con grandes cualidades para la supervivencia toma las calles, liderado por César, un simio dotado de una inteligencia y unos instintos superiores para cualquier primate. Ante la necesidad de libertad, esta raza animal decide no doblegarse ante los humanos. Tendrá que luchar contra un grupo de humanos que han sobrevivido a una fuerte epidemia, desatada en la década anterior. Ambas partes han establecido una tregua, pero se verá interrumpida.",2014-07-08,Sci-Fi,7.338
El hombre menguante,"Paul es un padre de familia ejemplar y el dueño de una empresa de construcción naval. Durante uno de sus habituales baños en el mar, es testigo de un extraño suceso meteorológico. A partir de ese momento, Paul empieza a encoger sin explicación científica posible. Por accidente, una mañana queda atrapado en su propio sótano. El hombre deberá luchar si quiere sobrevivir en un entorno cotidiano convertido, repentinamente, en un terreno letal.",2025-10-22,Sci-Fi,6.055
Bugonia,"Dos jóvenes obsesionados con las conspiraciones secuestran a la directora ejecutiva de una reconocida empresa porque están convencidos de que es un alienígena decidido a destruir la Tierra. Remake del film coreano ""Save the Green Planet"".",2025-10-23,Sci-Fi,7.317
Eternals,"Hace millones de años, los seres cósmicos conocidos como los Celestiales comenzaron a experimentar genéticamente con los humanos. Su intención era crear individuos superpoderosos que hicieran únicamente el bien, pero algo salió mal y aparecieron los Desviantes, destruyendo y creando el caos a su paso. Ambas razas se han enfrentado en una eterna lucha de poder a lo largo de la historia. En medio de esta guerra, Ikaris y Sersi tratarán de vivir su propia historia de amor.",2021-11-03,Sci-Fi,6.77
La constelación del perro,,2026-08-26,Sci-Fi,0.0
Liga de la Justicia,"Motivado por la fe que había recuperado en la humanidad e inspirado por la acción altruista de Superman, Bruce Wayne recluta la ayuda de su nueva aliada, Diana Prince, para enfrentarse a un enemigo aún mayor. Juntos, Batman y Wonder Woman se mueven rápidamente para intentar encontrar y reclutar un equipo de metahumanos que combata esta nueva amenaza. El problema es que a pesar de la formación de esta liga de héroes sin precedentes (Batman, Wonder Woman, Aquaman, Cyborg y Flash) puede que sea demasiado tarde para salvar el planeta de una amenaza de proporciones catastróficas.",2017-11-15,Sci-Fi,6.073
28 días después,"Londres es un cementerio. Las calles están ahora desiertas. Reina un silencio total. Tras la propagación de un virus que acabó con la mayor parte de la población, tuvo lugar la invasión de unos seres terroríficos. El virus se difundió, tras la incursión en un laboratorio, de un grupo de defensores de los derechos de los animales. Transmitido por la sangre, el virus produce efectos devastadores. En 28 días la epidemia se extiende por todo el país y sólo queda un puñado de supervivientes...",2002-10-31,Sci-Fi,7.2
La guerra de los mundos,"Ray Ferrier es un descargador de muelle, divorciado y padre nada modélico. Poco después de que su ex mujer y su nuevo marido se vayan después de dejar a Robbie, su hijo adolescente, y a su pequeña hija Rachel para una de sus contadas visitas, estalla una tremenda e inesperada tormenta eléctrica. Unos momentos después, en un cruce cerca de la casa, Ray es testigo de un acontecimiento que cambiará su vida y la de los suyos para siempre. Una enorme máquina de tres patas emerge del suelo y antes de que alguien pueda hacer algo, arrasa todo lo que está a su alcance. Un día como otro cualquiera acaba de convertirse en la fecha más extraordinaria de su vida: el primer ataque alienígena contra la Tierra.",2005-06-28,Sci-Fi,6.547
Godzilla: Rey de los Monstruos,"Los criptozoólogos de la agencia Monarch se enfrentan a un grupo de enormes monstruos: Godzilla, Mothra, Rodan y el enemigo de la humanidad, King Ghidorah. Estas ancianas criaturas harán todo lo posible por sobrevivir, poniendo en riesgo la existencia del ser humano en el planeta.",2019-05-29,Sci-Fi,6.691
Hulk,"Bruce Banner un brillante investigador en el campo de la tecnología genética, oculta un pasado doloroso que lo ha dejado estigmatizado. Su antigua novia, la investigadora Betty Ross (Jennifer Connelly), que perdió la paciencia esperando que recuperara la estabilidad emocional, fue testigo de un grave accidente sufrido por Banner en el laboratorio: debido a una explosión el cuerpo del científico absorbió una dosis letal de rayos gamma; desde entonces, Banner empezó a sentir en su interior la presencia de un ente peligroso y, a la vez, oscuramente atractivo. Mientras tanto, Hulk, una criatura salvaje y prodigiosamente fuerte aparece esporádicamente, dejando tras de sí una estela de destrucción. Se trata de una situación de emergencia que exige la intervención del ejército, encabezado por el padre de Betty, el general ""Thunderbolt"" Ross. Betty es la única que sospecha que Bruce tiene algo que ver con Hulk.",2003-06-19,Sci-Fi,5.583
M3GAN 2.0,"Con el futuro de la existencia humana en juego, Gemma se da cuenta de que la única opción es resucitar a M3GAN y darle unas cuantas mejoras, haciéndola más rápida, más fuerte y más letal.",2025-06-25,Sci-Fi,7.203
Monstruos contra alienígenas,"Cuando la californiana Susan Murphy es golpeada accidentalmente por un meteorito lleno de mugre espacial en el día de su boda, crece misteriosamente hasta alcanzar más de 15 metros de altura. Los militares entran en acción y Susan es capturada y llevada a unas instalaciones gubernamentales secretas. Allí, la rebautizan como Genórmica y la retienen junto a un variopinto grupo de monstruos: el doctor Cucaracha, brillante pero con cabeza de insecto, el bravucón mitad mono mitad pez, el Eslabón Perdido, el gelatinoso e indestructible B.O.B., y la larva de más de 100 metros llamada Insectosaurio. Sin embargo, su confinamiento se acaba cuando un misterioso robot alienígena aterriza y empieza a arrasarlo todo. En un momento de desesperación, al Presidente le convencen de que reclute al abigarrado grupo de monstruos para luchar contra los alienígenas y salvar al mundo de la destrucción inminente.",2009-03-19,Sci-Fi,6.252
Un lugar tranquilo 2,"Tras los fatales acontecimientos sucedidos en la primera parte, la familia Abbot debe enfrentarse a los peligros del mundo exterior mientras luchan en silencio por sobrevivir. Forzados a aventurarse en lo desconocido, pronto se dan cuenta de que las criaturas que cazan orientadas por el sonido no son la única amenaza que acecha más allá del camino de arena. Secuela de la exitosa producción ""Un lugar tranquilo"" (A Quiet Place, 2018).",2021-05-21,Sci-Fi,7.431
Black Adam,"Casi 5000 años después de que los dioses antiguos le concediesen sus poderes y tras ser encarcelado, Black Adam queda liberado de su tumba terrenal y está listo para hacer justicia a su manera en el mundo moderno.",2022-10-19,Sci-Fi,6.798
星河入梦,,2026-02-17,Sci-Fi,6.2
Ant-Man y la Avispa,"Mientras Scott Lang se convierte en un súper héroe y en un padre, Hope van Dyne y el Dr. Hank Pym presentan una nueva misión urgente que encuentra a Ant-Man luchando junto a The Wasp para descubrir secretos de su pasado.",2018-07-04,Sci-Fi,6.902
Godzilla Minus One,"En el Japón de la posguerra, Godzilla trae una nueva devastación a un paisaje ya abrasado. Sin intervención militar ni ayuda gubernamental a la vista, los supervivientes deben unirse frente a la desesperación y luchar contra un horror implacable.",2023-11-03,Sci-Fi,7.573
Slanted,"Una insegura adolescente chino-estadounidense se somete a cirugía experimental para parecer blanca, con la esperanza de asegurarse el título de reina del baile y la aceptación de sus compañeros.",2026-03-13,Sci-Fi,6.107
Hope,"Tras un extraño hallazgo cerca de una aislada ciudad portuaria, los habitantes se ven envueltos en una desesperada lucha por la supervivencia.",2026-07-15,Sci-Fi,0.0
X-Men: Apocalipsis,"Desde los albores de la civilización, fue adorado como un dios. Apocalypse, el primer y más poderoso mutante del universo X-Men de Marvel, acumuló los poderes de muchos otros mutantes, convirtiéndose en inmortal e invencible. Pero al despertar tras miles de años, se encuentra desilusionado con el mundo en que se encuentra y decide reclutar un equipo de mutantes poderosos, entre ellos a un descorazonado Magneto (Michael Fassbender), con el fin de limpiar la humanidad y crear una nueva orden mundial, sobre la cual él reinará. A medida que el destino de la tierra está en juego, Raven (Jennifer Lawrence) con la ayuda del Profesor X (James McAvoy) se unirán junto a un equipo de jóvenes X-Men para detener a su mayor enemigo y salvar así a la humanidad de la destrucción total.",2016-05-18,Sci-Fi,6.525
La mosca,"Seth Brundle, un excéntrico y solitario científico que crea uno de los inventos más revolucionarios de la historia: la cabina de teletransportación. En un intento por ponerla a prueba a la vez que ignora todo atisbo de prudencia, decide usarse a sí mismo como cobaya en la primera teletransportación aplicada a un humano, con la mala suerte de que una mosca se introduce junto con él en el artefacto. A partir de allí comenzará para Brundle una gradual pero definitiva transformación, una inquietante metamorfosis que le consumirá poco a poco, poniéndole en peligro a él y a los que le rodean.",1986-08-15,Sci-Fi,7.434
The Witch: Part 1 - The Subversion,"Una estudiante de instituto con amnesia intenta averiguar lo que le sucede, pero esto le mete en más problemas, hasta que descubre algo que no imaginaba.",2018-06-27,Sci-Fi,7.918
La guerra de las galaxias. Episodio III: La venganza de los Sith,"Último capítulo de la saga de Star Wars, en el que Anakin Skywalker definitivamente se pasa al lado oscuro. En el Episodio III aparecerá el General Grievous, un ser implacable mitad-alien mitad-robot, el líder del ejército separatista Droid. Los Sith son los amos del lado oscuro de la Fuerza y los enemigos de los Jedi. Ellos fueron prácticamente exterminados por los Jedi hace mil años, pero la orden del mal sobrevivió en la clandestinidad.",2005-05-17,Sci-Fi,7.468
Idiocracia,"Tras un experimento militar fallido, el oficial Joe Bawers y la prostituta Rita despiertan quinientos años adelante en el futuro, en un mundo distópico en el que la selección natural ha favorecido a los más idiotas, debido a que se reproducen más. Esto ha resultado en una humanidad estúpida e ignorante, de modo que Joe descubre que es el hombre más inteligente del planeta. Pronto se convierte en un cercano consejero del Presidente de los Estados Unidos, el excéntrico Camacho.",2006-09-01,Sci-Fi,6.373
Un lugar tranquilo: Día uno,Una mujer llamada Sam trata de sobrevivir a una invasión en la ciudad de Nueva York por criaturas alienígenas sedientas de sangre con oídos ultrasónicos. Tercera entrega de la saga y precuela de las dos anteriores.,2024-06-26,Sci-Fi,6.645
Ninja Turtles,"Nueva York está en peligro debido a que Shredder y El Clan del Pie, dominan la ciudad y ejercen un férreo control sobre todo, incluyendo policía y políticos. Pero cuatro héroes, Leonardo, Michelangelo, Donatello y Raphael, saldrán de las alcantarillas y con la ayuda de la reportera April y su compañero Vern Fenwick intentarán salvar la ciudad.",2014-08-07,Sci-Fi,5.9
Terminator: Destino oscuro,Sarah Connor une todas sus fuerzas con una mujer cyborg para proteger a una joven de un extremadamente poderoso y nuevo Terminator.,2019-10-23,Sci-Fi,6.421
Rogue One: Una historia de Star Wars,"El Imperio Galáctico ha terminado de construir el arma más poderosa de todas, la Estrella de la muerte, pero un grupo de rebeldes decide realizar una misión de muy alto riesgo: robar los planos de dicha estación antes de que entre en operaciones, mientras se enfrentan también al poderoso Lord Sith conocido como Darth Vader, discípulo del despiadado Emperador Palpatine.",2016-12-14,Sci-Fi,7.508
La mosca,"Seth Brundle, un excéntrico y solitario científico que crea uno de los inventos más revolucionarios de la historia: la cabina de teletransportación. En un intento por ponerla a prueba a la vez que ignora todo atisbo de prudencia, decide usarse a sí mismo como cobaya en la primera teletransportación aplicada a un humano, con la mala suerte de que una mosca se introduce junto con él en el artefacto. A partir de allí comenzará para Brundle una gradual pero definitiva transformación, una inquietante metamorfosis que le consumirá poco a poco, poniéndole en peligro a él y a los que le rodean.",1986-08-15,Sci-Fi,7.434
John Carter,"Adaptación de ‘Una princesa de Marte’, la primera novela fantástica de Edgar Rice Burroughs. La película lleva a la gran pantalla una aventura épica que se desarrolla en el devastado planeta Marte, un mundo habitado por tribus guerreras y seres salvajes. John Carter es un veterano de la Guerra Civil norteamericana (1861-1865) que se halla en el planeta Marte, se ve inmerso en una nueva y misteriosa guerra con un extraño ejército de marcianos, entre los que se encuentran Tars Tarkas y la princesa Dejah Thoris.",2012-03-07,Sci-Fi,6.371
X-Men: Apocalipsis,"Desde los albores de la civilización, fue adorado como un dios. Apocalypse, el primer y más poderoso mutante del universo X-Men de Marvel, acumuló los poderes de muchos otros mutantes, convirtiéndose en inmortal e invencible. Pero al despertar tras miles de años, se encuentra desilusionado con el mundo en que se encuentra y decide reclutar un equipo de mutantes poderosos, entre ellos a un descorazonado Magneto (Michael Fassbender), con el fin de limpiar la humanidad y crear una nueva orden mundial, sobre la cual él reinará. A medida que el destino de la tierra está en juego, Raven (Jennifer Lawrence) con la ayuda del Profesor X (James McAvoy) se unirán junto a un equipo de jóvenes X-Men para detener a su mayor enemigo y salvar así a la humanidad de la destrucción total.",2016-05-18,Sci-Fi,6.525
Black Adam,"Casi 5000 años después de que los dioses antiguos le concediesen sus poderes y tras ser encarcelado, Black Adam queda liberado de su tumba terrenal y está listo para hacer justicia a su manera en el mundo moderno.",2022-10-19,Sci-Fi,6.798
The Witch: Part 1 - The Subversion,"Una estudiante de instituto con amnesia intenta averiguar lo que le sucede, pero esto le mete en más problemas, hasta que descubre algo que no imaginaba.",2018-06-27,Sci-Fi,7.918
Rogue One: Una historia de Star Wars,"El Imperio Galáctico ha terminado de construir el arma más poderosa de todas, la Estrella de la muerte, pero un grupo de rebeldes decide realizar una misión de muy alto riesgo: robar los planos de dicha estación antes de que entre en operaciones, mientras se enfrentan también al poderoso Lord Sith conocido como Darth Vader, discípulo del despiadado Emperador Palpatine.",2016-12-14,Sci-Fi,7.508
Rompenieves,"Un experimento para solucionar el calentamiento global acabó con la mayoría de vida existente en el planeta. El último tren llamado Snowpiercer (Rompenieves) se mueve en círculos por el mundo, a través de un desierto de hielo y nieve. Los últimos supervivientes de la Tierra se amontonan en sus vagones. El joven Curtis (Chris Evans) iniciará una revolución desde los vagones de cola.",2013-08-01,Sci-Fi,6.908
Godzilla,"Gareth Edwards dirige este ""reboot"", que se sitúa antes en el tiempo que la película de 1998 dirigida por Roland Emmerich, que nos llevará a conocer los orígenes del famoso monstruo japonés gigante Godzilla.  Protagonizada por Bryan Cranston, ganador del Globo de Oro por Breaking Bad, que da vida a Joe Brody un científico que descubre que algo terrible está a punto de suceder cuando una serie de tsunamis comienzan a llegar a las costas, anticipando la llegada de numerosos monstruos de gran tamaño mientras el ejército intenta defenderse en vano.",2014-05-14,Sci-Fi,6.361
Neon Genesis Evangelion: The End of Evangelion,Seele ordena un ataque sin cuartel contra NERV con el objetivo de destruir los Evas antes de que Gendo pueda provocar el Tercer Impacto y la unión de las almas humanas.,1997-07-19,Sci-Fi,8.3
La princesa Kaguya del cosmos,"La vida de Iroha se sale de control cuando Kaguya, una despreocupada fugitiva de la Luna, se muda con ella y la convence para actuar juntas en un mundo virtual.",2026-01-22,Sci-Fi,8.4
Matrix Revolutions,"Quedan veinte horas para la irrupción de las máquinas en Sión, el último bastión de los humanos libres. Mientras el cuerpo de Neo permanece en coma, su consciencia se encuentra en tierra de nadie, en un lugar entre el mundo humano y el de las máquinas.",2003-11-05,Sci-Fi,6.754
Matrix Resurrections,"En un mundo compuesto por dos realidades, lo cotidiano y lo oculto tras ella, Thomas Anderson se ve obligado de nuevo a ir tras el conejo blanco. Dicha elección continúa siendo la vía de acceso a Matrix, que esta vez es más poderosa e intrincada que en ocasiones anteriores.",2021-12-16,Sci-Fi,6.329
Monstruos contra alienígenas,"Cuando la californiana Susan Murphy es golpeada accidentalmente por un meteorito lleno de mugre espacial en el día de su boda, crece misteriosamente hasta alcanzar más de 15 metros de altura. Los militares entran en acción y Susan es capturada y llevada a unas instalaciones gubernamentales secretas. Allí, la rebautizan como Genórmica y la retienen junto a un variopinto grupo de monstruos: el doctor Cucaracha, brillante pero con cabeza de insecto, el bravucón mitad mono mitad pez, el Eslabón Perdido, el gelatinoso e indestructible B.O.B., y la larva de más de 100 metros llamada Insectosaurio. Sin embargo, su confinamiento se acaba cuando un misterioso robot alienígena aterriza y empieza a arrasarlo todo. En un momento de desesperación, al Presidente le convencen de que reclute al abigarrado grupo de monstruos para luchar contra los alienígenas y salvar al mundo de la destrucción inminente.",2009-03-19,Sci-Fi,6.252
The Marvels,"Cuando sus obligaciones la envían a un agujero de gusano vinculado a un revolucionario kree, los poderes de Carol Danvers, la capitana Marvel, se entremezclan con los de Kamala Khan, también conocida como la Sra. Marvel y la sobrina de Carol, ahora astronauta de S.A.B.E.R., Monica Rambeau. Juntas, deberán salvar el universo como ""The Marvels"".",2023-11-08,Sci-Fi,5.9
Her,"En un futuro cercano, Theodore, un hombre solitario a punto de divorciarse que trabaja en una empresa como escritor de cartas para terceras personas, compra un día un nuevo sistema operativo basado en el modelo de Inteligencia Artificial, diseñado para satisfacer todas las necesidades del usuario. Para su sorpresa, se crea una relación romántica entre él y Samantha, la voz femenina de ese sistema operativo.",2013-12-18,Sci-Fi,7.839
Juegos de guerra,"A David Lughtman, estudiante de diecisiete años, le han suspendido varias asignaturas. Pero haciendo uso de su gran habilidad con las computadoras, logra cambiar las notas y aprobar el curso. Un día, jugando con su máquina, David entra en contacto con ""Joshua"", la computadora del Departamento de Defensa de los Estados Unidos, y decide ""jugar a la guerra"". El muchacho cree que es un juego más pero, sin darse cuenta, desafía a ""Joshua"" a un escalofriante juego de guerra termonuclear mundial. Entre las dos máquinas planean desplegar todas las estrategias y opciones para una Tercera Guerra Mundial.",1983-06-03,Sci-Fi,7.066
Transformers: El último caballero,"Dos especies en guerra: una de carne y hueso, la otra de metal. El Último Caballero rompe con el mito original de la franquicia de Transformers y redefine lo que significa ser un héroe. Humanos y Transformers están en guerra y Optimus Prime se ha ido. La llave para salvar nuestro futuro está enterrada en los secretos del pasado, en la historia oculta de los Transformers en la Tierra. Salvar a nuestro mundo está en manos de una alianza única: Cade Yeager (Mark Wahlberg); Bumblebee; un Lord Inglés (Sir Anthony Hopkins); y una profesora de la Universidad de Oxford (Laura Haddock). Hay un momento en la vida de todo ser humano en la que recibimos el llamado para hacer la diferencia. En Transformers: El Último Caballero los perseguidos se convertirán en héroes; los héroes se convertirán en villanos y sólo un mundo sobrevivirá: el de ellos o el nuestro. Quinta película de Transformers dirigida por Michael Bay.",2017-06-16,Sci-Fi,6.056
蜜桃成熟時33D,,2011-10-06,Sci-Fi,5.7
Spider-Man 2,"Han pasado dos años desde que el tranquilo Peter Parker dejó a Mary Jane Watson, su gran amor, y decidió seguir asumiendo sus responsabilidades como Spider-Man. Peter debe afrontar nuevos desafíos mientras lucha contra el don y la maldición de sus poderes equilibrando sus dos identidades: el escurridizo superhéroe Spider-Man y el estudiante universitario. Las relaciones con las personas que más aprecia están ahora en peligro de ser descubiertas con la aparición del poderoso villano de múltiples tentáculos Doctor Octopus, ""Doc Ock"".",2004-06-25,Sci-Fi,7.312
Tenet,"Armado solamente con una palabra, Tenet, el protagonista deberá luchar por la supervivencia del mundo entero y evitar la Tercera Guerra Mundial, en una historia de espionaje internacional. La misión se desplegará más allá del tiempo real. No son viajes en el tiempo, es inversión.",2020-08-22,Sci-Fi,7.174
Ninja Turtles,"Nueva York está en peligro debido a que Shredder y El Clan del Pie, dominan la ciudad y ejercen un férreo control sobre todo, incluyendo policía y políticos. Pero cuatro héroes, Leonardo, Michelangelo, Donatello y Raphael, saldrán de las alcantarillas y con la ayuda de la reportera April y su compañero Vern Fenwick intentarán salvar la ciudad.",2014-08-07,Sci-Fi,5.9
"Yo, robot","En el año 2035, los robots son unos dispositivos que usamos todos los días y en quienes confiamos, excepto un detective paranoico, investigando lo que solo él cree que es un crimen perpetrado por un robot. El caso lo lleva a descubrir algo aún peor que amenaza la raza humana.",2004-07-15,Sci-Fi,6.965
Divergente,"""Divergente"" es la historia de una sociedad que se divide en cinco categorías: Verdad, Abnegación, Osadía, Cordialidad y Erudición. Todos los miembros de esta sociedad tienen que elegir a una edad temprana, los dieciséis años, a qué bando creen pertenecer, atendiendo a sus virtudes personales más destacadas. En este dilema se encuentra la protagonista, Beatrice, que sorprende a todos sus allegados y amigos con la decisión que toma. Beatrice, que pasa a llamarse más tarde Tris, tiene que buscar su lugar adecuado, pero ella no es como el resto. Guarda un secreto que podría ser definitivo para mantener el orden social descrito y también para salvar su propia vida.",2014-03-14,Sci-Fi,6.905
Prometheus,"Un grupo de científicos y exploradores emprende un viaje espacial a un remoto planeta, en el que sus límites físicos y mentales serán puestos a prueba. El motivo de la misión es que los humanos creen que allá podrán encontrar las respuestas a las preguntas más profundas y al mayor de los misterios: el origen de la vida en la Tierra.",2012-05-30,Sci-Fi,6.598
La constelación del perro,,2026-08-26,Sci-Fi,0.0
Venom: habrá matanza,Eddie Brock  y su simbionte Venom todavía están intentando descubrir cómo vivir juntos cuando un preso que está en el corredor de la muerte se infecta con un simbionte propio.,2021-09-30,Sci-Fi,6.745
Glass (Cristal),"Cristal sigue los pasos de David Dunn en su búsqueda de la figura superhumana de La Bestia. En la sombra, Elijah Price parece emerger como una figura clave que conoce los secretos de ambos.",2019-01-16,Sci-Fi,6.665
Encuentros en la tercera fase,"Una noche, cerca de su casa, en Indiana, Roy Neary (Richard Dreyfuss) observa en el cielo unos misteriosos objetos voladores. Obsesionado por comprender lo que ha visto, se distancia de su esposa (Teri Garr). Neary encuentra apoyo en Jillian Guiler (Melinda Dillon), que también fue testigo de esas visiones nocturnas. Juntos buscan una respuesta a ese misterio que ha alterado sus vidas. Al mismo tiempo, un nutrido grupo de científicos internacionales, bajo la dirección de Claude Lacombe (François Truffaut), empieza a investigar las apariciones de OVNIS y otros extraños fenómenos.",1977-12-14,Sci-Fi,7.352
Capitán América: El primer vengador,"Nacido durante la Gran Depresión, Steve Rogers creció como un chico enclenque en una familia pobre. Horrorizado por las noticias que llegaban de Europa sobre los nazis, decidió enrolarse en el ejército; sin embargo, debido a su precaria salud, fue rechazado una y otra vez. Enternecido por sus súplicas, el general Chester Phillips le ofrece la oportunidad de tomar parte en un experimento especial: la Operación Renacimiento. Tras meses de preparación y entrenamiento recibe su primera misión como Capitán América. Armado con un escudo indestructible y su inteligencia para la batalla, el Capitán América emprende la guerra contra el mal, como centinela de la libertad y como líder de los Vengadores.",2011-07-22,Sci-Fi,7.008
Ant-Man y la Avispa: Quantumanía,"La pareja de superhéroes Scott Lang y Hope van Dyne regresa para continuar sus aventuras como Ant-Man y la Avispa. Los dos, junto a los padres de Hope, Hank Pym y Janet van Dyne y la hija de Scott, Cassie Lang, se dedican a explorar el Mundo Cuántico, interactuando con nuevas y extrañas criaturas y embarcándose en una aventura que les llevará más allá de los límites de lo que creían posible.",2023-02-15,Sci-Fi,6.226
Lightyear,"Atrapado en un planeta hostil a 4,2 millones de años luz de la Tierra junto a su comandante y su tripulación, Buzz Lightyear intenta encontrar la manera de volver a casa a través del espacio y el tiempo. Pero la llegada de Zurg, una presencia imponente con un ejército de robots despiadados y una agenda misteriosa, complica aún más las cosas y pone en peligro la misión.",2022-06-15,Sci-Fi,6.9
Predators,"Royce es un mercenario que, a regañadientes, encabeza a un grupo de guerreros de élite que acaban dándose cuenta de que los han llevado juntos a otro planeta… para servir de presa. Con la excepción de un médico desprestigiado, todos ellos son unos desalmados asesinos —mercenarios, yakuzas, presidiarios, miembros de escuadrones de la muerte—, “depredadores” humanos que ahora están siendo cazados y eliminados sistemáticamente por una nueva raza de Depredadores extraterrestres.",2010-07-07,Sci-Fi,6.302
Star Trek,"Todo está preparado para el viaje inaugural de la nave más moderna que jamás se haya creado: la USS Enterprise. Su joven tripulación tiene una importante misión: encontrar una manera de detener al malvado Nero que, movido por la venganza, amenaza a toda la humanidad. Pero el destino de la galaxia está en manos de dos jóvenes rivales, que nacieron en mundos diferentes. Uno de ellos, Tiberius James Kirk, humano, busca emociones y es un líder nato. El otro, Spock, medio humano y medio vulcaniano, es menospreciado por los vulcanianos, por sus emociones humanas.",2009-05-06,Sci-Fi,7.432
Slanted,"Una insegura adolescente chino-estadounidense se somete a cirugía experimental para parecer blanca, con la esperanza de asegurarse el título de reina del baile y la aceptación de sus compañeros.",2026-03-13,Sci-Fi,6.1
Señales,"Graham Hess es un pastor protestante que vive con sus dos hijos y con su hermano, Merrill, una antigua estrella del béisbol que trabaja en una gasolinera. Tras la muerte de su esposa en un accidente de tráfico, Graham pierde la fe y, en consecuencia, abandona a sus feligreses. Una mañana, al despertarse, se encuentra con que sus hijos han hecho un descubrimiento escalofriante en los campos de maíz que rodean su granja.",2002-08-02,Sci-Fi,6.706
Killer Whale,Las mejores amigas Maddie y Trish quedan atrapadas en una remota laguna con la peligrosa orca Ceto.,2026-01-16,Sci-Fi,5.7
Los Juegos del Hambre: En llamas,"Tras vencer en los 74º Juegos del Hambre anuales, la joven Katniss Everdeen y su compañero Peeta Mellark regresan a casa. Atrás dejaron a sus amigos y su familia, teniendo ambos que participar en la 'gira de la victoria' por todos los distritos. Durante ese largo viaje, Katniss se da cuenta de que se está gestando una rebelión, pero en el Capitolio todo sigue igual y bajo estricto control del Presidente Snow, que está organizando los 75º Juegos del Hambre, denominados 'El Vasallaje de los Veinticinco': una competición especial con una inesperada novedad que cambiará Panem para siempre.",2013-11-15,Sci-Fi,7.427
Dune: Parte tres,"Paul Atreides, ahora Emperador Muad'Dib, se desenvuelve en su inmenso poder mientras lucha contra enemigos políticos y una conspiración dentro de su círculo. Mientras la Casa Atreides se enfrenta al colapso, surge el verdadero peligro para la amante de Paul, Chani, y su heredero nonato.",2026-12-16,Sci-Fi,0.0
Jurassic Park (Parque Jurásico),"El multimillonario John Hammond tiene una idea para un espectacular parque temático: una isla retirada donde los visitantes puedan observar dinosaurios reales. Con la última tecnología en el desarrollo de ADN, los científicos pueden clonar braquiosaurios, triceratops, velociraptors y un tiranosaurio rex, utilizando para ello la sangre fosilizada en ámbar contenida en insectos que los mordieron hace millones de años. Los paleontólogos Alan Grant, Ellie Sattler y Ian Malcolm visitan el parque y quedan muy sorprendidos con los resultados obtenidos. Pero cuando un problemático empleado manipula el sofisticado sistema de seguridad los dinosaurios escapan, obligando a los visitantes a luchar por su supervivencia.",1993-06-11,Sci-Fi,7.97
V de Vendetta,"En un futuro no muy lejano, Gran Bretaña es un país totalitario dirigido con mano de hierro por un tirano (John Hurt). Una tarde, tras el toque de queda nocturno, la joven Evey (Natalie Portman) es rescatada en plena calle por un misterioso enmascarado cuyo nombre es V (Hugo Weaving). El extraño personaje le explica cuáles son sus planes para combatir la falta de libertad. A partir de ese momento, las acciones de V tendrán como objetivo hacer estallar en todo el país una revolución contra el gobierno fascista.",2006-02-23,Sci-Fi,7.902
Contact,"Eleanor Arroway perdió la fe en Dios tras la muerte de sus padres en su niñez. Sin embargo, Ellie ha desarrollado una clase distinta de fe en lo desconocido: trabaja con un grupo de científicos escrutando ondas de radio procedentes del espacio exterior en busca de señales de inteligencias extraterrestres. Su trabajo se verá recompensado cuando detecte una señal desconocida que supuestamente porta las instrucciones de fabricación de una máquina para reunirse con los creadores del mensaje.",1997-07-11,Sci-Fi,7.444
La Patrulla Canina: La superpelícula,"Cuando un meteorito mágico se estrella en Ciudad Aventura, los cachorros de la Patrulla Canina consiguen unos superpoderes que los transforman en ¡Los PODEROSOS CACHORROS! Para Skye, la más pequeña del equipo, sus nuevos poderes son un sueño hecho realidad. Pero las cosas se complican cuando Humdinger, el archienemigo de los cachorros que acaba de fugarse de la cárcel, se une a Victoria Vance, una desquiciada científica obsesionada con los meteoritos, y forman una alianza para robar los superpoderes y convertirse en supervillanos. Con el destino de Ciudad Aventura al filo del abismo, los Poderosos Cachorros tendrán que detener a los supervillanos antes de que sea demasiado tarde, y Skye descubrirá que hasta la más pequeña del equipo puede ser la que determine el resultado.",2023-09-21,Sci-Fi,6.937
El gran diluvio,"En el que podría ser el último día en la Tierra, una lucha a vida o muerte en un piso inundado se convierte en la única esperanza de supervivencia de la humanidad.",2025-09-18,Sci-Fi,5.992
Guardianes de la galaxia,"El temerario aventurero Peter Quill es objeto de un implacable cazarrecompensas después de robar una misteriosa esfera codiciada por Ronan, un poderoso villano cuya ambición amenaza todo el universo. Para poder escapar del incansable Ronan, Quill se ve obligado a pactar una complicada tregua con un cuarteto de disparatados inadaptados: Rocket, un mapache armado con un rifle, Groot, un humanoide con forma de árbol, la letal y enigmática Gamora y el vengativo Drax the Destroyer. Pero cuando Quill descubre el verdadero poder de la esfera, deberá hacer todo lo posible para derrotar a sus extravagantes rivales en un intento desesperado de salvar el destino de la galaxia.",2014-07-30,Sci-Fi,7.906
¡Nop!,"Los habitantes de un remoto pueblo del interior de California, entre los que se encuentran los propietarios de un rancho, James y Jill Haywood, realizan un descubrimiento tan insólito como estremecedor.",2022-07-20,Sci-Fi,6.822
La naranja mecánica,"Gran Bretaña, en un futuro indeterminado. Alex es un joven muy agresivo que tiene dos pasiones: la violencia desaforada y Beethoven. Es el jefe de la banda de los drugos, que dan rienda suelta a sus instintos más salvajes apaleando, violando y aterrorizando a la población. Cuando esa escalada de terror llega hasta el asesinato, Alex es detenido y, en prisión, se someterá voluntariamente a una innovadora experiencia de reeducación que pretende anular drásticamente cualquier atisbo de conducta antisocial.",1971-10-28,Sci-Fi,8.2
Scarlet,"Una princesa medieval experta en el manejo de la espada se embarca en una peligrosa misión para vengar la muerte de su padre. Tras fracasar en su misión y encontrarse gravemente herida en un 'Otromundo', conoce a un joven idealista de nuestro presente que no solo la ayuda a curarse, sino que le muestra la posibilidad de un futuro libre de amargura y rabia. Cuando se enfrenta de nuevo al asesino de su padre, Scarlet se enfrenta a su batalla más difícil: ¿podrá romper el ciclo del odio y encontrar un sentido a la vida más allá de la venganza?",2025-11-21,Sci-Fi,7.3
La guerra del planeta de los simios,"César y sus monos son forzados a encarar un conflicto mortal contra un ejército de humanos liderado por un brutal coronel. Después de sufrir pérdidas enormes, César lucha con sus instintos más oscuros en una búsqueda por vengar a su especie. Cuando finalmente se encuentren, Cesar y el Coronel protagonizarán una batalla que pondrá en juego el futuro de ambas especies y el del mismo planeta. Tercera película de la nueva saga de El Planeta de los Simios.",2017-07-11,Sci-Fi,7.218
Battleship,"“Battleship” es la libre adaptación al cine del popular juego de mesa de Hasbro conocido como “Hundir la flota” o ”Batalla naval”. La curiosa variante que plantea esta versión es que la batalla será entre la U.S. Navy y… ¡una flota alienígena! La historia nos propone una épica aventura de acción que transcurre en el mar, el cielo y la tierra, y en la que nuestro planeta lucha por sobrevivir contra una fuerza muy superior. La película está protagonizada por Taylor Kitsch en el papel del teniente Hopper, un oficial de la Marina destinado al John Paul Jones; Brooklyn Decker es Sam Shane, una fisioterapeuta de la Marina y novia de Hopper; Alexander Skarsgård es Stone, el hermano mayor de Hopper y comandante del Samson; Rihanna es la suboficial Raikes, especialista en armas del John Paul Jones; y Liam Neeson es el almirante Shane, el oficial superior de Hopper y Stone (y padre de Sam).",2012-04-11,Sci-Fi,5.903
Chappie,"En un futuro cercano, la policía mecanizada controla el crimen. Cuando un droide de la policía, Chappie, es robado y se le da una nueva programación, se convierte en el primer robot con la capacidad de pensar y sentir por sí mismo.",2015-03-04,Sci-Fi,6.8
Sin límites,"Un escritor (Bradley Cooper), que sufre una crisis de creatividad, prueba un día una nueva droga que lo pone en condiciones de usar al máximo todas sus facultades mentales; es una especie de píldora inteligente gracias a la cual consigue triunfar en Nueva York. Un poderoso financiero de Wall Street (De Niro) siente una extraordinaria curiosidad por averiguar qué se esconde detrás de tanto éxito...",2011-03-17,Sci-Fi,7.201
No mires arriba,Dos astrónomos emprenden una gira mediática para avisar a la humanidad de un cometa que va a impactar con la Tierra. ¿Cuál es la respuesta de un mundo apático? «¡Bah!».,2021-12-08,Sci-Fi,7.064
Starship Troopers: Las brigadas del espacio,"Johnny, Carmen, Dizzy y Ace son cuatro jóvenes amigos que finalizan el instituto y hacen planes para el futuro. En él domina el espacio como el lugar más apetecible para aprender un oficio y trabajar. La Tierra se halla en guerra con una raza de insectos alienígenas gigantes, y los cuatro amigos estudiarán disciplinas para destruirlos. Pero cada uno irá a una unidad diferente, según sus capacidades. Johnny se ve separado de su novia, Carmen, ya que él tiene que ir a infantería. El día que Johnny decide marcharse del ejército, los insectos arrasan su ciudad natal. Es la guerra.",1997-11-07,Sci-Fi,7.107
Immortal Combat,"Los guerreros más grandes de la historia, incluidos Gengis Kan y Juana de Arco, son convocados por una organización clandestina para luchar a muerte. Pero, sin que sus captores lo sepan, los combatientes han estado conspirando para cambiar el rumbo de los acontecimientos y desmantelar la letal organización desde dentro.",2026-04-24,Sci-Fi,5.1
El retorno del Jedi,"Luke Skywalker y la princesa Leia deben viajar a Tatooine para liberar a Han Solo. Para conseguirlo, deben infiltrarse en la peligrosa guarida de Jabba the Hutt, el gángster más temido de la galaxia. Una vez reunidos, el equipo recluta a tribus de Ewoks para combatir a las fuerzas imperiales en los bosques de la luna de Endor. Mientras tanto, el Emperador y Darth Vader conspiran para convertir a Luke al lado oscuro, pero el joven Skywalker, por su parte, está decidido a reavivar el espíritu del Jedi en su padre. La guerra civil galáctica culmina en un último enfrentamiento entre las fuerzas rebeldes unificadas y una segunda Estrella de la Muerte, indefensa e incompleta, en una batalla que decidirá el destino de la galaxia.",1983-05-25,Sci-Fi,7.909
Rescate lunar,"Siete años después de que la primera misión totalmente tripulada de Corea a la Luna terminara en desastre, se lanza con éxito un segundo vuelo espacial tripulado, hasta que un fuerte viento solar provoca que la nave espacial no funcione correctamente. Con un astronauta abandonado en el espacio y rápidamente quedándose sin oxígeno, el Centro Espacial Naro recurre a su ex director general para evitar otra catástrofe fatal.",2023-08-02,Sci-Fi,6.533
El corredor del laberinto: Las pruebas,"En este nuevo capítulo de la trepidante saga ""El Corredor del Laberinto"", Thomas (Dylan O'Brien) y el resto de clarianos tendrán que enfrentarse a su mayor desafío hasta el momento: buscar pistas sobre la misteriosa y poderosa organización conocida como CRUEL. Este viaje les llevará a “La Quemadura”, un apocalíptico lugar repleto de inimaginables obstáculos. Formando equipo con miembros de la resistencia, los clarianos deberán desenmascarar a las fuerzas superiores de CRUEL y averiguar qué planes tienen para todos ellos.",2015-09-09,Sci-Fi,6.729
LSD -ラッキースカイダイアモンド-,,1989-03-11,Sci-Fi,4.1
El origen del planeta de los simios,"Will Rodman es un joven científico que está investigando con monos para obtener un tratamiento contra el alzheimer, una enfermedad que afecta a su padre. Uno de esos primates, al que llaman César, experimenta una evolución en su inteligencia tan notable que el protagonista decide llevárselo a su casa para protegerlo. Le ayudará una bella primatóloga llamada Caroline.",2011-08-03,Sci-Fi,7.344
Kaiju No. 8: Misión de reconocimiento,"En un Japón repleto de Kaiju, Kafka Hibino trabaja como limpiador de monstruos. Tras reencontrarse con su amiga de la infancia, Mina Ashiro, una joven promesa de las Fuerzas de Defensa que luchan contra los Kaiju, decide intentar cumplir su antiguo sueño de unirse a las Fuerzas... cuando de repente se transforma en el poderoso Kaiju nº 8. Con la ayuda de un colega más joven, Reno Ichikawa, Kafka oculta su identidad mientras lucha por cumplir el sueño de su vida: aprobar el examen de las Fuerzas de Defensa y así poder estar al lado de Mina. Pero cuando un misterioso Kaiju inteligente ataca una base de las Fuerzas de Defensa, Kafka se enfrenta a una decisión crucial en una situación desesperada... Película recopilatoria que ofrece un resumen repleto de acción de la primera temporada y un nuevo episodio original, ""El día libre de Hoshina"".",2025-03-28,Sci-Fi,8.053
Regreso al futuro II,"Aunque a Marty McFly todavía le falta tiempo para asimilar el hecho de estar viviendo dentro de la familia perfecta gracias a su anterior viaje en el tiempo, no le queda ni espacio para respirar cuando su amigo Doc aparece de improviso con la máquina del tiempo (mucho más modernizada), e insta a que le acompañen él y su novia a viajar al futuro para solucionar un problema con la ley que tendrá uno de sus futuros hijos. En la tremenda vorágine futurista, con todo lo que ello conlleva, del Hill Valley de 2015, la presencia de tales viajeros temporales causará un efecto mayor que el que iban a arreglar. Un almanaque deportivo y la posesión del secreto de la existencia de la máquina del tiempo por parte del siempre villano Biff Tannen, serán los ingredientes que conjugarán una causa-efecto en el pasado, en el presente y en el propio futuro, que hará que Marty y Doc se tengan que emplear a fondo para poner fin a la catástrofe a la que les lleva el destino.",1989-11-22,Sci-Fi,7.782
Armageddon,"Un asteroide del tamaño del estado de Texas apunta directamente hacia la Tierra. En la NASA, tan sólo encuentran una posible solución: enviar a un equipo de astronautas al espacio para que destruya el meteorito antes de que colisione con nuestro planeta. Para ello recurren a Harry S. Stamper, el mayor experto en perforaciones petrolíferas, y a su cualificado equipo de perforadores, para que aterricen en la superficie del asteroide, lo perforen e introduzcan un dispositivo nuclear que al estallar consiga desviar su trayectoria y poder salvar el planeta, evitando así el armagedón.",1998-07-01,Sci-Fi,6.834
Ex Machina,"Nathan, un programador multimillonario con fama de ermitaño, selecciona a Caleb, un joven empleado de su empresa, para que pase una semana con él en un lugar remoto en las montañas con el objetivo de realizar un test en el que está involucrada su última creación: Ava, un robot-mujer en el que la inteligencia artificial lo es todo.",2015-01-21,Sci-Fi,7.573
Hombres de negro II,El agente J es enviado para encontrar al agente K y devolverle la memoria tras la reaparición de un caso del pasado de K.,2002-07-03,Sci-Fi,6.388
Dune,"Por orden imperial la familia Atreides deberá hacerse cargo de la explotación del desértico planeta de Arrakis, conocido también como Dune, el único planeta donde se encuentra 'la especia', una potente droga que, además, es necesaria para los vuelos espaciales.",1984-12-14,Sci-Fi,6.191
Amanecer de los muertos,"Un grupo de supervivientes se refugia en un centro comercial tras una epidemia que ha convertido a la mayoría de la población en zombis. El líder del grupo es el policía Kenneth Hall (Ving Rhames), que junto con otros personajes como la enfermera Ana Clark (Sarah Polley), el vendedor Michael (Jake Weber) o el experto en armas Andy (Bruce Bohne) intenta sobrevivir y escapar de los muertos vivientes. El grupo tendrá que enfrentarse a los zombis, a otros supervivientes hostiles y a sus propios conflictos internos, mientras busca una salida y una esperanza.",2004-03-19,Sci-Fi,7.07
Alien vs. Predator,"El descubrimiento de una antigua pirámide enterrada bajo los hielos de la Antártida hace acudir hasta el continente helado a un equipo de científicos y aventureros. Una vez allí, hacen un descubrimiento aún más aterrador: dos razas de extraterrestres en guerra. Gane quien gane, nosotros perdemos. La increíble y terrorífica aventura comienza cuando el millonario industrial Charles Bishop Weyland reúne a un equipo internacional de arqueólogos, científicos y expertos en seguridad, dirigidos por la especialista en medioambiente y aventurera Alexa ”Lex” Woods, para investigar unas misteriosas ”emanaciones de calor” que surgen desde las profundidades de la Antártida.",2004-08-12,Sci-Fi,5.949
Shin Godzilla,"Cuando un monstruo enorme y con branquias emerge de las profundidades y arrasa la ciudad, el gobierno se apresura a salvar a sus ciudadanos. Un equipo de voluntarios improvisado corta una red de trámites burocráticos para descubrir la debilidad del monstruo y sus misteriosos vínculos con una superpotencia extranjera. Pero el tiempo no está de su lado: la mayor catástrofe que jamás haya asolado el mundo está a punto de ocurrir ante sus propios ojos.",2016-07-29,Sci-Fi,7.234
La loca historia de las galaxias,"La princesa Vespa (Daphne Zuniga) decide huir justo antes de su boda con el príncipe Valium (JM J. Bullock), para ello se lleva a su robot Dot Matrix (Lorene Yarnell) y una pequeña nave espacial. Ante esto su padre, el rey Roland de Druidia (Dick Van Patten) ofrece una recompensa a quien encuentre a su hija. La recompensa interesa mucho a Lone Starr (Bill Pullman) y a su ayudante Vomito Barf (John Candy) que deben mucho dinero a un delincuente llamado Pizza el Hutt (Dom DeLuise). En su huida la princesa Vespa es interceptada por la nave del malvado Lord Casco Oscuro (Rick Moranis) que trabaja para el presidente del planeta Spaceballs (Mel Brooks), que ansía el aire puro del planeta Druidia. Lone Starr, con la ayuda del maestro Yogurt (Mel Brooks), que le enseña a usar la suerte, debe rescatar a la princesa y acabar con los Spaceball",1987-06-24,Sci-Fi,6.9
El planeta del tesoro,"Jim, un surfista solar, se enfrenta a una cacería intergaláctica de tesoros cuando cae en sus manos un legendario mapa que le llevará a buscar la fortuna más grande del Universo. A bordo de un espectacular 'galeón solar', Jim se convierte en el ayudante del cocinero del barco, John Silver -mitad hombre, mitad máquina-, que le enseña a ser un buen explorador del espacio.",2002-11-26,Sci-Fi,7.573
Los 4 fantásticos,"El ambicioso Von Doom patrocina un viaje de exploración científica  del espacio, en el que participan él mismo y cuatro tripulantes. Todo discurre sin incidentes, hasta que detectan un error de cálculo en la velocidad con la que se les acerca una tormenta. En unos minutos, el umbral de este fenómeno atmosférico está sobre ellos. La estación espacial se ve engullida por turbulentas nubes de radiación cósmica que cambian el genoma de la tripulación. Su ADN se ve irrevocablemente alterado.... y ése va a ser su futuro. De regreso a la Tierra, los efectos de la exposición muestran rápidamente sus primeros síntomas brindando a cada uno de ellos poderes sobrenaturales, convirtiéndose en Los Cuatro Fantásticos: Míster Fantástico, La Chica Invisible, La Antorcha Humana y La Cosa.",2005-06-29,Sci-Fi,5.808
Aniquilación,"Cuando su marido desaparece durante una misión secreta, la bióloga Lena se une a una expedición a una misteriosa región acordonada por el gobierno de Estados Unidos. El grupo, compuesto por varias mujeres científicas, investiga la Zona X, un intrigante lugar controlado por una poderosa fuerza alienígena del planeta Tierra. La Zona X es un lugar al que han ido otras expediciones, pero del que ninguna ha vuelto.",2018-02-22,Sci-Fi,6.442
Ralph rompe Internet,"Ralph sale de los recreativos, y se adentra en el mundo inexplorado, expansivo y emocionante de Internet. Ralph y su compañera Vanellope tendrán que jugárselo todo viajando por las redes en busca de una pieza de repuesto que salve Sugar Rush, el videojuego de Vanellope. Y para complicar más las cosas, ambos dependen de los ciudadanos de Internet, los llamados ‘ciudanets’ para que les ayuden a desenvolverse en ese peligroso mundo. Entre ellos está un empresario de Internet llamado Yesss, que es el algoritmo estrella y el alma de “BuzzTube”, la página web de moda del momento.",2018-11-20,Sci-Fi,7.162
El hijo,"Todo lo que los Breyer han querido siempre es algo teóricamente simple: un hijo. A pesar de sus intentos, ese deseo no parece hacerse realidad. Hasta que, una noche, algo cae en la granja en la que viven: una nave que lleva a un niño dentro. Conforme este va creciendo, descubre que tiene unas habilidades especiales que no le permiten encajar, unas habilidades que acaban sacando de él lo peor de sí mismo.",2019-05-09,Sci-Fi,6.154
Terminator: Salvation,"Nueva entrega de la saga de Terminator, que transcurre en un post-apocalíptico 2018, tras el día del Juicio Final. John Connor es el hombre destinado a liderar la resistencia de los humanos contra Skynet y su ejército de Terminators. Pero el futuro en el que a Connor le enseñaron a creer se ve alterado en parte por la aparición de Marcus Wright, un extraño cuyo último recuerdo es haber estado en el corredor de la muerte, y que afirma haber estado con Kyle Reese, el padre de John. Connor debe decidir si Marcus ha sido enviado desde el futuro o rescatado del pasado, todo en una carrera contrareloj mientras la Resistencia prepara su ataque final contra el corazón del centro de operaciones de Skynet.",2009-05-20,Sci-Fi,6.091
"Paprika, detective de los sueños","El psiquiatra Atsuko Chiba ha desarrollado un método de terapia revolucionario denominado ""PT"", un prototipo de máquina experimental gracias a la cual es posible introducirse en la mente de los pacientes para tratar sus ansiedades. Pero uno de los modelos de PT es robado del laboratorio del Dr. Atsuko, y comienzan a utilizarlo para invadir las mentes de sus creadores, destruyendo sus personalidades mientras duermen.",2006-10-01,Sci-Fi,7.816
Un amor entre dos mundos,"Adam es aparentemente un tipo corriente dentro de un universo extraordinario. Vive humildemente de lo que gana, pero su espíritu romántico conserva en la memoria el recuerdo del amor imposible por una chica que conoció en un mundo distinto, en un lugar que se halla fuera de su alcance. Sin embargo, cuando vuelve a verla en la televisión, no habrá nada en el mundo que le impida encontrar el camino que lo lleve hasta ella.",2012-09-27,Sci-Fi,6.276
El corredor del laberinto: La cura mortal,"En este final de saga, Thomas lidera a su grupo en una última misión. Deberán entrar en la legendaria Last City, un laberinto controlado por WCKD que puede llegar a ser el laberinto más mortífero de todos. Cualquier persona que lo supere obtendrá las respuestas a las preguntas y los protagonistas quieren saber lo que realmente sucede.",2018-01-10,Sci-Fi,7.082
Watchmen,"Estados Unidos, años 80. La Guerra Fría está en su apogeo, y los superhéroes, que antes habían sido admirados, ahora son perseguidos por la ley. Un día aparece muerto uno de ellos, ""El Comediante"", que trabajaba para la CIA. Su amigo Rorschach, el único héroe enmascarado en activo, emprenderá la investigación de su muerte, tras la que se oculta algo muy importante. Esperadísima adaptación del cómic de Alan Moore y Dave Gibbons (1986).",2009-03-04,Sci-Fi,7.356
Ghost in the Shell,"En un futuro no muy lejano, un grupo de agentes especiales se disponen a encontrar a un hacker misterioso conocido como ""Puppet Master"". En la búsqueda descubrirán alarmantes secretos acerca de la evolución de la inteligencia artificial. La película fue una gran inspiración para la trilogía de Matrix.",1995-11-18,Sci-Fi,7.9
Los elegidos,"Los Barret son una familia que vive en los suburbios. Lacey y Daniel (Keri Russell &amp; Josh Hamilton) presencian una serie de extraños acontecimientos perturbadores que afectan a su familia, a su seguridad y a su tranquilidad. Cuando descubren que su familia es el objetivo de una inimaginable y terrorífica fuerza mortal, ambos tendrán que hacer todo lo que esté en sus manos para resolver este oscuro misterio.",2013-02-21,Sci-Fi,6.354
La serie Divergente: Insurgente,"Tris (Shailene Woodley) y Cuatro (Theo James) son ahora fugitivos que son perseguidos por Jeanine (Kate Winslet), la líder de los eruditos. Tris deberá averiguar lo que su familia se sacrificó para proteger mientras los eruditos harán cualquier cosa para detenerlos. Atormentada por las elecciones de su pasado pero desesperada por proteger a los que ama, Tris, junto a Cuatro, se enfrentarán a un reto tras otro para desbloquear la verdad de su pasado y el futuro de su mundo. Secuela de ""Divergente"" (2014).",2015-03-18,Sci-Fi,6.359
Kingsman: El círculo de oro,"Cuando se produce un ataque contra el cuartel general de Kingsman y un nuevo villano se levanta, Eggsy y Merlin se ven obligados a trabajar junto con la agencia americana conocida como el Statesman para salvar al mundo.",2017-09-20,Sci-Fi,6.945
Terminator 3: La rebelión de las máquinas,"Ha pasado una década desde que John Connor salvara a la humanidad de la destrucción. En la actualidad John tiene 25 años y vive en la clandestinidad: no hay ninguna prueba documental de su existencia. Así evita ser rastreado por Skynet, la sofisticada corporación de máquinas que una vez intentó acabar con su vida. Pero, ahora, desde el futuro, ha sido enviado el T-X, la máquina destructora cyborg más desarrollada de Skynet. Su misión es completar el trabajo que no pudo terminar su predecesor, el T-1000. El T-X es una máquina tan implacable como bello su aspecto humano. Ahora la única esperanza de sobrevivir para Connnor es Terminator.",2003-07-02,Sci-Fi,6.193
Los Juegos del Hambre: Balada de pájaros cantores y serpientes,"Ambientada en un Panem postapocalíptico, nos traslada varias décadas antes del comienzo de las aventuras de Katniss Everdeen. El joven Coriolanus Snow será el mentor de Lucy Gray Baird, la chica elegida para ser homenajeada del empobrecido Distrito 12. La joven sorprenderá a todos cantando en la ceremonia de apertura de los Décimos Juegos del Hambre en los que Snow intentará aprovecharse de su talento y encanto para sobrevivir.",2023-11-15,Sci-Fi,7.0
28 semanas después,"Seis meses después de que la propagación del virus haya aniquilado las Islas Británicas, el ejército de los Estados Unidos declara que ha ganado la guerra contra la infección y que puede comenzar la reconstrucción del país. Con la primera ola de refugiados que vuelve al país, una familia consigue reencontrarse. Pero uno de los miembros guarda un terrible secreto sin ser consciente de ello. El virus aún no ha sido destruido y en esta ocasión, es más peligroso que nunca.",2007-04-26,Sci-Fi,6.606
Aliens vs. comandos,"Un equipo de comandos de las Fuerzas Especiales es abducido por una misteriosa nave espacial durante una operación militar. Al despertar, los soldados desconocen su paradero y pronto descubren que están prisioneros de una despiadada raza alienígena, lo que desencadena una frenética lucha por su supervivencia.",2025-07-25,Sci-Fi,6.151
Predator: Asesino de asesinos,"Esta antología original de animación narra las aventuras de tres de los guerreros más fieros de la historia de la humanidad: una saqueadora vikinga que guía a su hijo en su sangrienta búsqueda de la venganza, un ninja del Japón feudal que se enfrenta a su hermano samurái en una brutal batalla por la sucesión y un piloto de la Segunda Guerra Mundial que surca los cielos para investigar una amenaza extraterrestre contra los Aliados.",2025-06-05,Sci-Fi,7.783
Tomorrowland: El mundo del mañana,"Unidos por el mismo destino, una adolescente inteligente y optimista, llena de curiosidad científica, y un antiguo niño prodigio inventor, hastiado por las desilusiones, se embarcan en una peligrosa misión para desenterrar los secretos de un enigmático lugar localizado en algún lugar del tiempo y el espacio, conocido en la memoria colectiva como “Tomorrowland”, y así salvar a la humanidad.",2015-05-19,Sci-Fi,6.294
Geostorm,"Un ingeniero diseñador de satélites, tras un fallo en cadena de la mayor parte de los satélites meteorológicos de la Tierra, deberá formar equipo con su hermano, con quien hace años que no se habla, para viajar al espacio y salvar al planeta de una tormenta artificial de proporciones épicas... todo ello mientras en la superficie del planeta se está gestando un complot para asesinar al presidente de Estados Unidos.",2017-10-12,Sci-Fi,6.125
Predator,"Cuando el pequeño Rory (Jacob Tremblay) activa accidentalmente el regreso a la Tierra de los yautjas, desencadenará la vuelta de los cazadores más letales del universo, una especie extraterrestre caracterizada por convertir en su trofeo al resto de criaturas y por obtener su poder a través de la hibridación. Ahora, estos alienígenas han mejorado su ADN y ahora son aún más peligrosos, fuertes, inteligentes y mortales. Por eso, solo un grupo de exsoldados y una profesora de ciencias podrán evitar el fin de la humanidad.",2018-09-05,Sci-Fi,5.621
Oblivion,Un veterano asignado a extraer los recursos restantes de la Tierra comienza a cuestionar lo que sabe sobre su misión y sobre sí mismo.,2013-04-10,Sci-Fi,6.681
Passengers,"Una nave espacial, que viaja a un planeta lejano transportando a miles de personas, tiene una avería en una de las cápsulas de hibernación tras el impacto con un gran meteorito. Como resultado, un pasajero se despierta noventa años antes del final del viaje.",2016-12-21,Sci-Fi,6.954
El hombre invisible,"Dos semanas después de escapar de su tóxica relación con el rico y brillante científico Adrian Griffin, Cecilia está convencida de que Adrian va a aparecer en cualquier momento… hasta que recibe una nota comunicándole el suicidio de su expareja.",2020-02-26,Sci-Fi,7.089
#Vivo,"La rápida propagación de una infección desconocida provoca el caos absoluto en una ciudad. Sin embargo, un ciudadano que vive completamente solo logra permanecer al margen de ella. Esta es su historia.",2020-06-24,Sci-Fi,7.214
El efecto mariposa,"Evan Treborn, un joven que se está esforzando por superar unos dolorosos recuerdos de su infancia, descubre una técnica que le permite viajar atrás en el tiempo y ocupar su cuerpo de niño para poder cambiar el curso de su dolorosa historia. Sin embargo también descubre que cualquier mínimo cambio en el pasado altera enormemente su futuro.",2004-01-17,Sci-Fi,7.579
Blue Beetle,Un adolescente mexicano encuentra un escarabajo alienígena que le proporciona una armadura superpoderosa.,2023-08-16,Sci-Fi,6.636
El planeta de los simios,"George Taylor forma parte de una tripulación de astronautas a bordo de una nave espacial -en una misión de larga duración- que se estrella en un planeta desconocido y aparentemente carente de vida inteligente. Sin embargo, pronto se da cuenta de que el lugar está gobernado por una raza de simios inteligentes que esclavizan a los seres humanos, que carecen de la facultad del habla. Cuando su líder, el doctor Zaius, descubre con horror la facultad de hablar de Taylor, decide que lo mejor es exterminarlo.",1968-02-07,Sci-Fi,7.654
Superman Returns: El regreso,"Tras varios años de misteriosa ausencia, Supermán regresa a la Tierra, pero un viejo enemigo intenta arrebatarle sus poderes. Tratando de proteger al mundo de una destrucción masiva, Supermán emprende una aventura épica de redención que lo lleva desde las profundidades del océano a las regiones más remotas del espacio.",2006-06-28,Sci-Fi,5.8
The Faculty,"El instituto Herrington es un sitio de mugrientas paredes, anticuados libros de texto y profesores quemados. No hay dinero para excursiones ni para ordenadores nuevos ni para el departamento de Música. Los alumnos son de lo más heterogéneo: solitarios, líderes, pandilleros y cerebritos. Como todos los adolescentes del mundo, han de vérselas con unos padres que no los entienden, con unos profesores que los subestiman y, además, con sus activas hormonas. Lo que ignoran es que están a punto de enfrentarse con algo que nunca podrían haber imaginado.",1998-12-25,Sci-Fi,6.564
X-Men: Fénix oscura,"Los X-Men se enfrentan a su enemigo más poderoso: uno de sus miembros, Jean Grey. Durante una misión de rescate en el espacio, Jean casi muere al ser alcanzada por una misteriosa fuerza cósmica. Cuando regresa a casa, esa radiación la ha hecho más poderosa, pero mucho más inestable. Mientras lucha con la entidad que habita en su interior, Jean desata sus poderes de formas que no puede controlar ni comprender. Jean cae en una espiral fuera de control haciendo daño a aquellos que más ama y empieza a destruir los lazos que mantienen unidos a los X-Men.",2019-06-05,Sci-Fi,6.0
El día de mañana,"Las investigaciones del climatólogo Jack Hall indican que el calentamiento global podría desencadenar un repentino y catastrófico cambio climático de la Tierra. Hall advierte a los dirigentes políticos de la necesidad de adoptar inmediatamente medidas para evitarlo, pero sus advertencias llegan demasiado tarde: una serie de anómalos fenómenos climáticos empiezan a producirse en distintas partes del globo. El calentamiento global ha puesto el planeta al borde de una nueva era glacial. Mientras Jack advierte a la Casa Blanca del inminente cambio climático, su hijo Sam y sus amigos se encuentran atrapados en Nueva York, a donde han ido para participar en un concurso académico entre institutos.",2004-05-26,Sci-Fi,6.557
Mortal Kombat: Aniquilación,"Estamos en el universo del Emperador Shao-Khan, donde las reglas no existen y la vida es una continua batalla. Los esbirros del maquiavélico Khan han sido adiestrados para matar y están dispuestos a cumplir las órdenes de su amo, conseguir el control de la Tierra para iniciar su aniquilación total. Un héroe, llamado Liu Kang, les hará frente.",1997-11-11,Sci-Fi,4.562
Mad Max: Salvajes de la autopista,"En las autopistas desiertas de una Australia desconocida, tiene lugar una guerra sin merced entre motoristas forajidos y policías Interceptor, que intentan triunfar sobre la gentuza al volante de coches con motores trucados. En un mundo en plena decadencia, la moral se difuminará en el escenario post apocalíptico donde lo único que tiene valor es el bien más preciado: la gasolina. La depravación, crueldad y salvajismo reinan en las bandas que no dudarán en perseguir y acabar con cualquiera que se ponga entre ellos y su ansia destruir y ser los amos de la carretera. Max se cruzará en su camino y lo que empieza como un acto de justicia no tardará en tornarse una lucha personal para acabar con ellos.",1979-04-12,Sci-Fi,6.683
La guerra de las galaxias. Episodio II: El ataque de los clones,"Corren tenebrosos tiempos para la República. Ésta continúa envuelta en luchas y sumida en el caos. Un movimiento separatista, formado por centenares de planetas y poderosas alianzas y y lideradas por el misterioso conde Dooku, abre nuevas amenazas para la galaxia, a la que ni siquiera los Jedi parecen poder poner freno. Estas maniobras, planeadas hace mucho por una poderosa fuerza, conducen al estallido de las guerras clones y al principio del fin de la República. Para allanar el camino, los separatistas intentan asesinar a la senadora Padme Amidala. Para evitar futuros atentados, su seguridad es encomendada a dos caballeros Jedi...",2002-05-15,Sci-Fi,6.594
Alpha,"Alpha, de 13 años, es una adolescente con problemas que vive sola con su madre. Su mundo se derrumba el día que llega a casa de la escuela con un tatuaje en el brazo.",2025-08-20,Sci-Fi,6.317
Sonic 4: La película,,2027-03-11,Sci-Fi,0.0
Resident Evil: Bienvenidos a Raccoon City,"Nueva adaptación al cine de los videojuegos de Capcom. La que fue una pujante ciudad sede del gigante farmacéutico Umbrella Corporation, Raccoon City, es ahora un pueblo agonizante del Medio Oeste. El éxodo de la compañía dejó a la ciudad convertida en un erial… con un gran mal gestándose bajo la superficie. Cuando ese mal se desata, un grupo de supervivientes deben unirse para destapar la verdad detrás de Umbrella y sobrevivir a la noche.",2021-11-24,Sci-Fi,5.936
La Tierra Errante II,"Después de descubrir que el Sol se está apagando rápidamente, la humanidad emprende una búsqueda para evitar la extinción. En un intento desesperado por impulsar la Tierra hacia un nuevo sistema solar, se construyen enormes motores en la superficie terrestre. En una carrera a contrarreloj, se deja el destino de la humanidad en manos de aquellos lo suficientemente valientes como para aceptar la peligrosa misión.",2023-01-22,Sci-Fi,7.294
Robots,"Rodney Hojalata es un joven y genial inventor que sueña con hacer del mundo un lugar mejor. Cappy es una atractiva ejecutiva robot de la que Rodney se queda prendado al instante. Ratchet es el tirano corporativo; y luego está el Gran Soldador, un magistral inventor que ha perdido el norte … hasta que tropieza con el irreprimible soñador de Rodney. Además está un grupo de robots inadaptados conocidos como los Oxidados liderados por Manivela.",2005-03-10,Sci-Fi,6.487
Borderlands,"Lilith, una infame cazatesoros con un misterioso pasado, regresa a su planeta natal de Pandora para encontrar a la hija desaparecida del poderoso Atlas. Para ello forma una alianza inesperada con un heterogéneo equipo de inadaptados: Roland, un antiguo mercenario de élite ahora desesperado por la redención; Tiny Tina, una demolicionista salvaje preadolescente; Krieg, el musculoso protector de Tina; la científica Tannis; y Claptrap, un robot muy peculiar. Estos extraños héroes deberán luchar contra monstruos alienígenas y peligrosos bandidos para buscar y proteger a la niña desaparecida, que puede tener la clave de un poder inimaginable.",2024-08-07,Sci-Fi,5.59
Paul,"Un viajero espacial muy listillo llamado Paul (SETH ROGEN, The Green Hornet, Lío embarazoso) lleva sesenta años encerrado en una base militar ultrasecreta, aconsejando a los líderes mundiales acerca de otros alienígenas. Cuando empieza a darse cuenta de que ya no es tan útil y de que la mesa de disección se acerca peligrosamente, Paul decide escapar en la primera autocaravana que se detiene cerca de la base militar en el Área 51. Por suerte para él, en dicha autocaravana van dos terrícolas perfectamente dispuestos a rescatar y albergar a un alienígena con problemas.",2011-02-14,Sci-Fi,6.744
Capitán América: El soldado de invierno,"Capitán América, Viuda Negra y un nuevo aliado, Falcon, se enfrentan a un enemigo inesperado mientras intentan sacar a la luz una conspiración que pone en riesgo al mundo.",2014-03-20,Sci-Fi,7.656
La astronauta,"Sam Walker (Kate Mara) regresa en extrañas circunstancias de su primera misión espacial. El general William Harris (Laurence Fishburne) la obliga a permanecer en cuarentena, bajo la estricta vigilancia de la NASA, en una casa aislada de alta seguridad. Pese a vivir en una aparente normalidad, Walker empieza a percibir sucesos inquietantes en los alrededores de la propiedad. Es entonces cuando comienza a temer que no haya vuelto sola a la Tierra.",2025-09-26,Sci-Fi,6.137
Los Juegos del Hambre: Sinsajo - Parte 2,"La última entrega de 'Los Juegos del Hambre' nos muestra a una nación en guerra, en la que Katniss se enfrenta con uñas y dientes al presidente Snow. Con la ayuda de algunos amigos, entre ellos Gale, Finnick y Peeta, arriesgará la vida para salir del Distrito 13 y eliminar al presidente Snow.",2015-11-18,Sci-Fi,6.902
Evangelion: 3.0+1.01 Thrice Upon a Time,"En la última entrega de Rebuild of Evangelion, Misato y Wille intentan restaurar París en 720 segundos, enfrentándose a una horda de Evas. Mientras tanto, Shinji, Asuka y Rei vagan por Japón buscando su propósito.",2021-03-08,Sci-Fi,8.204
12 monos,"En el año 2035, un virus mortal ha arrasado la humanidad y los supervivientes viven bajo tierra. Un convicto llamado James Cole se ofrece como voluntario para viajar al pasado y averiguar el origen de la plaga. Su misión es encontrar al 'Ejército de los Doce Monos', una organización terrorista que se cree que liberó el virus. Sin embargo, su viaje se complica por los errores temporales, las visiones recurrentes y la duda sobre su propia cordura. Con la ayuda de una psiquiatra llamada Kathryn Railly y un loco llamado Jeffrey Goines, Cole intenta salvar el futuro antes de que sea demasiado tarde.",1995-12-29,Sci-Fi,7.608
The Host,"Los habitantes de Seúl observan sorprendidos un extraño objeto que cuelga de un puente sobre el río Han. El objeto es, en realidad, una monstruosa criatura mutante que al despertar devora a todo aquel que se cruza en su camino. En medio de tanto horror, la criatura mutante rapta a la hija del dueño de un quiosco que vive felizmente a la orilla del río. Mientras el ejército fracasa una y otra vez en sus intentos de destruir al monstruo, este hombrecillo anónimo y su familia intentan recuperar a su hija.",2006-07-27,Sci-Fi,6.975
Minority Report,"Washington DC, año 2054. La policía utiliza tecnología psíquica para arrestar y enjuiciar a los asesinos antes de que cometan un crimen. El futuro se puede predecir y los culpables son detenidos por la unidad de élite Precrime antes de que puedan delinquir. Las pruebas se basan en los ""precogs"", tres seres psíquicos cuyas visiones sobre los asesinatos nunca han fallado.",2002-06-20,Sci-Fi,7.355
Número 9,"Aventura post-apocalíptica protagonizada por nueve muñecos de trapo que deberán enfrentarse a unas máquinas gigantes si quieren preservar el futuro de la civilización. La historia transcurre en un futuro muy próximo. El invento conocido como la Gran Máquina activa y aporta energía a las máquinas que se han alzado contra la raza humana, diezmando a la población, antes de empezar a apagarse. El mundo pronto quedará destruido, pero un grupo de pequeños seres intenta salvar lo poco que queda de la civilización.",2009-08-19,Sci-Fi,6.957
Horizonte Final,"En el año 2047 una nave de rescate, la ""Lewis & Clark"", es enviada a investigar la misteriosa reaparición en la órbita de Neptuno de una nave experimental, la ""Horizonte Final"", desaparecida años antes junto a toda su tripulación. En el año 2040 la nave ""Horizonte Final"" fue lanzada al espacio para investigar los confines del universo, pero desapareció sin dejar rastro. Sucesos extraños comienzan a ocurrir a bordo mientras la misión de rescate intenta averiguar cuál ha sido el destino de los desaparecidos...",1997-08-15,Sci-Fi,6.58
65,"Después de un catastrófico accidente en un planeta desconocido, el piloto Mills descubre rápidamente que realmente está varado en la Tierra… hace 65 millones de años. Ahora, con solo una oportunidad de rescate, Mills y la otra única superviviente, Koa, deberán abrirse camino a través del desconocido territorio plagado con peligrosas criaturas prehistóricas en una épica lucha por sobrevivir.",2023-03-02,Sci-Fi,5.943
Arcadian,Un padre y sus hijos mellizos intentan sobrevivir al asedio de unas criaturas feroces que atacan su remota granja.,2024-04-12,Sci-Fi,6.046
Abyss,"Un equipo de científicos de una instalación petrolífera es contratado por la marina norteamericana para llevar a cabo la operación de rescate de un submarino nuclear atrapado, en extrañas circunstancias, en el fondo del mar, justamente al borde de una grieta abisal de varios kilómetros de profundidad. Un grupo de las fuerzas especiales del ejército acompañará a los científicos. Muy pronto estos últimos empiezan a sospechar que lo que está sucediendo en las profundidades abisales es algo tan extraño que, en principio, escapa a su comprensión.",1989-08-09,Sci-Fi,7.354
Predestination,"En su último trabajo, un agente del tiempo debe dar caza a un escurridizo criminal. La persecución se convierte en una sorprendente exploración en las distintas épocas del tiempo.",2014-08-28,Sci-Fi,7.417
M3GAN,"M3GAN es una maravilla de la inteligencia artificial, una muñeca realista programada para ser la mejor compañera de los niños y la mayor aliada de los padres. Diseñada por Gemma, M3GAN es capaz de escuchar, observar y aprender mientras se convierte en amiga, profesora, compañera de juegos y protectora del niño al que se vincule. Cuando, inesperadamente, Gemma se convierte en la tutora legal de Cady, su sobrina huérfana de 9 años, no sabe muy bien qué hacer ni se siente preparada para ejercer de madre. Sometida a un intenso estrés laboral, Gemma decide vincular su prototipo de M3GAN a Cady en un intento de resolver ambos problemas, pero no tardará en descubrir las inimaginables consecuencias de su decisión.",2022-12-28,Sci-Fi,7.024
Finch,"En un mundo devastado, Finch es un inventor con la misión de encontrar un hogar para él y su familia. Acompañado de su querido perro y de un robot que él mismo creó, se embarca en una bonita y emocionante aventura.",2021-11-04,Sci-Fi,7.807
Viaje al centro de la Tierra II. La isla misteriosa,"Sean (Hutcherson) recibe una llamada de socorro desde una misteriosa isla, que no aparece en los mapas. Se trata de un lugar con extrañas formas de vida. Sean emprenderá la búsqueda acompañado de su padrastro (Johnson), de un piloto de helicóptero (Guzman) y su hermosa y temperamental hija (Hudgens). Secuela de ""Viaje al centro de la tierra 3D"".",2012-01-19,Sci-Fi,6.1
Underwater,Un grupo de investigadores submarinos debe ponerse a salvo después de que un terremoto destroce por completo el laboratorio subterráneo en el que trabajaban.,2020-01-08,Sci-Fi,6.288
A.I. Inteligencia Artificial,"En un futuro donde los avances científicos hacen posible la existencia, los humanos confían todos los aspectos de sus vidas a sofisticados robots denominados Mecas. La emoción es la última frontera en la evolución de las máquinas. Pero cuando un avanzado niño robótico llamado David es programado para amar, los humanos no están preparados para las consecuencias.",2001-06-29,Sci-Fi,7.1
Línea de extinción,"El mundo ha cambiado. El único lugar habitable que le queda a la humanidad se encuentra en las altas montañas, a más de 2500 metros de altura. Por debajo de esos 2500 metros, habitan las criaturas que exterminaron al 95 % de la población humana hace menos de tres años. Para salvar la vida de su hijo pequeño, un padre (Anthony Mackie) se ve obligado a aventurarse bajo 'La Línea' con una científica (Morena Baccarin) a la que desprecia, pero que podría tener la clave para derrotar a los monstruos, y una joven (Maddie Hasson) decidida a mantenerlos con vida el tiempo suficiente para salvar a la raza humana.",2024-11-07,Sci-Fi,6.413
Juez Dredd,"En el año 2139, la humanidad vive envuelta en una permanente violencia. Sin embargo, en MegaCity Uno, una de las tres megaciudades que existen en Estados Unidos, hay un hombre dispuesto a luchar contra el crimen: el impacable Juez Dredd.",1995-06-30,Sci-Fi,5.86
Dredd,"En un futuro cercano, Norteamérica se ha convertido en un páramo asolado por la radiactividad. Una única y gran megalópolis se extiende a lo largo de la costa este: Mega City 1. Esta inmensa y violenta urbe cuenta con una población de más de 800 millones de personas, cada una de las cuales es un infractor en potencia. Los encargados de acabar con el caos e imponer el orden son unos individuos que actúan a la vez como agentes de la ley, jueces, jurados y verdugos. Al frente de ellos está Dredd (Karl Urban), una leyenda viva de la justicia que vive entregado por entero a hacer cumplir la ley. En una misión aparentemente rutinaria junto a Cassandra Anderson (Olivia Thrilby), una juez novata dotada de grandes habilidades psíquicas, se disponen a investigar un homicidio en un peligroso rascacielos de 200 pisos de altura, controlado por el clan de la despiadada Ma-Ma (Lena Headley).",2012-09-07,Sci-Fi,6.861
Superhero Movie,"Parodia de las películas de superhéroes, desde Spider-Man, hasta Batman Begins o Los 4 Fantásticos, de nuevo a cargo de los creadores de ""Scary Movie"". En esta ocasion la historia se centra en Rick Riker, un joven agradable pero muy torpe que adquiere superpoderes.",2008-03-28,Sci-Fi,5.3
Plan de escape 2: Hades,"Ray Breslin (Sylvester Stallone) lidera a un equipo de especialistas en seguridad entrenados para sacar a presos de las cárceles más impenetrables. Cuando uno de sus miembros es secuestrado y encerrado en una de las cárceles más sofisticadas del mundo, Ray tendrá que dar con él con la ayuda de algunos de sus amigos. Secuela de ""Escape Plan"" (2013).",2018-06-05,Sci-Fi,5.162
Men in Black 3,"La película comienza con la fuga de un extraño y poderoso extraterrestre llamado Boris el animal. Es el último superviviente de la raza alienígena boglodita, que sobrevive mediante el ataque, toma, y ocupación de otros planetas habitados. Boris es un asesino, que fue capturado por el agente K y encarcelado en una prisión secreta en la Luna. K también pudo desplegar un sistema de defensa (denominado ""Arca Net""), y evitar una invasión boglodita, logrando así su extinción. Sin embargo, Boris logra burlar la seguridad y destruir gran parte de la cárcel, para escapar y vengarse de K.",2012-05-23,Sci-Fi,6.545
En un instante,"Tres historias interconectadas reflexionan sobre la esperanza, las relaciones humanas y el ciclo de la vida a lo largo de miles de años.",2026-01-26,Sci-Fi,5.667
Godzilla,"Las pruebas nucleares realizadas por los franceses en el Pacífico originan la aparición en el océano de un reptil mutante, de enormes dimensiones, localizado tras el ataque a un barco pescador japonés. Sin embargo, la criatura no se va a limitar a vivir en el agua: Godzilla se dirige con rumbo fijo a Nueva York, en cuyas calles causará el pánico.",1998-05-20,Sci-Fi,5.651
Código fuente,"El capitán Colter Stevens (Jake Gyllenhaal) se despierta de un sobresalto en el interior de un tren de cercanías de Chicago. Aunque todos los demás pasajeros parecen conocerlo él no tiene absolutamente ninguna idea de dónde está o, incluso, de quién es. Lo último que recuerda es estar volando en helicóptero durante una misión en Afganistán, pero aquí parece ser alguien que va a trabajar por la mañana como un día cualquiera. Pero antes de que puede hacer cualquier cosa un tren se acerca por la vía contraria y explota una bomba que aparentemente mata a Colter y a todos los demás pasajeros.",2011-03-30,Sci-Fi,7.313
Waterworld,"Los casquetes polares se han derretido y toda la Tierra está cubierta de agua marina. Los hombres sobreviven en plataformas flotantes y su principal ocupación es la búsqueda de agua dulce, el bien más preciado. Entre ellos circula una leyenda según la cual en algún lugar existe tierra firme. Mariner, un viajero errante y solitario que vive del trueque, llega un día a un atolón de chatarra y vende tierra a sus moradores, pero cuando éstos descubren que es un híbrido, mitad pez y mitad humano, lo condenan a muerte.",1995-07-28,Sci-Fi,6.234
Kalki 2898-AD,"La historia se desarrolla en un futuro lejano, en el año 2898 AD. El mundo está en caos y decadencia, y una sociedad llamada 'The Complex', formada por la élite y los ricos, tiene acceso a todos los recursos restantes del planeta. Aquellos que no pudieron comprar su entrada en el complejo viven en extensos barrios marginales, donde la comida y el agua son muy escasas.  En este mundo, llega un rayo de esperanza, donde la gente cree que Dios vendrá a rescatarlos en forma de un avatar. Ashwathama, un guerrero inmortal de la era del Mahabharata, busca redención protegiendo al niño que reside en el vientre de Sumathi.  Al mismo tiempo, The Complex intenta capturar a Sumathi, colocando una recompensa por su cabeza. Aquí es donde entra Bhairava, un cazarrecompensas. Él intenta luchar contra Ashwathama y reclamar la recompensa para sí mismo.",2024-06-26,Sci-Fi,6.4
Jumper,"David Rice ha crecido con el misterioso poder que casi todos sueñan poseer: teletransportarse a cualquier lugar del mundo que imagine. Hasta ahora ha utilizado sus poderes para escapar de su pasado, alimentar su inmensa fortuna y permanecer completamente independiente. Nunca ha conocido límites, fronteras ni consecuencias. Pero cuando David descubre a otro joven igual que él, un exaltado trotamundos rebelde llamado Griffin, la verdad de su existencia se revela. Ya no es un curioso fenómeno singular de la naturaleza, sino parte de una larga línea de anomalías genéticas conocidas como ""saltadores"", que además nunca están a salvo.",2008-02-13,Sci-Fi,6.164
Upgrade (Ilimitado),"Tras ver cómo su mujer es asesinada tras un accidente que le deja parapléjico, un hombre se somete a una operación que le permite volver a caminar para así poder vengar a su esposa.",2018-05-31,Sci-Fi,7.506
Mortal Engines,"Miles de años después de la destrucción de la civilización por un cataclismo, la humanidad se ha adaptado y, ahora, existen gigantescas ciudades en movimiento que vagan por la tierra sobre enormes ruedas absorbiendo a los pueblos más pequeños para obtener recursos. En una de esas colosales urbes Tom Natsworthy (Robert Sheehan), proveniente de la clase baja de Londres, deberá luchar por su vida junto a la peligrosa fugitiva Hester Shaw (Hera Hilmar). Dos opuestos, cuyos caminos nunca debieron cruzarse, forman una peculiar alianza destinada a cambiar el curso del futuro.",2018-11-27,Sci-Fi,6.226
Home: Hogar dulce hogar,"Un grupo de pacíficos alienígenas se encuentran huyendo de sus enemigos, y deciden esconderse de ellos en la Tierra. Sin embargo, uno de estos humildes extraterrestres accidentalmente notifica a sus perseguidores cuál es su ubicación, y no le queda más remedio que huir junto con una chica adolescente.",2015-03-18,Sci-Fi,6.8
Han Solo: Una historia de Star Wars,"Precuela de la saga Star Wars, en la que se conocerán los primeros pasos que dio el personaje de Han Solo, desde joven hasta convertirse en el antihéroe que vimos en ""Una nueva esperanza"", antes de que se encontrase con Luke y Obi-Wan en la cantina de Mos Eisley.",2018-05-15,Sci-Fi,6.557
Affinity,"Un ex-SEAL con estrés postraumático rescata a una mujer y se enamora de ella, pero la pierde a manos de unos misteriosos secuestradores. Reúne a un equipo de élite para recuperarla, pero pronto descubre la espeluznante verdad: ha sido manipulada por un científico que está de luto por su esposa.",2025-11-27,Sci-Fi,6.2
Moonfall,El mundo se enfrenta a la posibilidad de la extinción porque una fuerza desconocida empuja a la luna de su órbita rumbo a la Tierra. Un equipo de astronautas asume la misión de evitar el apocalipsis.,2022-02-02,Sci-Fi,6.25
La isla,"Año 2019. Lincoln Seis-Eco y Jordan Dos-Delta se encuentran entre los cientos de residentes de una especie de campo de concentración. Dentro de ese lugar cuidadosamente vigilado, su vida cotidiana, como la de los demás, está rigurosamente controlada y llena de restricciones. La única salida -y la esperanza que todos comparten- consiste en ser elegidos para ir a ""La isla"", el único lugar del mundo que no ha sufrido los efectos contaminantes de un desastre ecológico que, al parecer, acabó con todos los humanos excepto los habitantes de esa zona. Lincoln, que vive atormentado por pesadillas inexplicables, se siente cada vez más inquieto, y su creciente curiosidad lo llevará a descubrir un terrible secreto.",2005-07-21,Sci-Fi,6.698
La extinción,"Una catástrofe sacude el planeta: los polos magnéticos de la Tierra se han invertido. Los océanos arrasaron los continentes, dejando tras de sí un vasto desierto. En este mundo devastado, una familia debe luchar por sobrevivir. Cuando los polos vuelvan a invertirse, será demasiado tarde.",2024-06-19,Sci-Fi,5.864
Demolition Man,"En el año 1996 un edificio estalla con 30 rehenes dentro, tras una brutal lucha entre Simon Phoenix, un criminal psicópata y John Spartan, un policía conocido como Demolition Man. Ambos son condenados a ser congelados hasta 2032, año en el que se vuelven a encontrar.",1993-10-08,Sci-Fi,6.756
El destino de Júpiter,"La película se centra en formas superiores de vida que nos vigilan desde otros mundos. Júpiter Jones, una inmigrante rusa que se dedica a fregar retretes para ganarse la vida, posee la misma composición genética que la Reina del Universo, por lo que será considerada como una amenaza para estos seres inmortales, que enviarán a un cazador exmilitar, Caine, para dar con ella.",2015-02-04,Sci-Fi,5.468
RoboCop,"Parte del cuerpo de un policía asesinado, es utilizado para crear un «superpolicía» con cuerpo mecánico y cerebro humano. Aunque los científicos aseguran que el robot no tendrá remordimientos, éstos acabarán apareciendo en la memoria del humanoide.",1987-07-17,Sci-Fi,7.36
Infinite,"Evan McCauley tiene habilidades que nunca aprendió y recuerdos de lugares que nunca ha visitado. Automedicado y al borde de un colapso mental, un grupo secreto que se hace llamar ""Infinitos"" acuden a su rescate, revelando que sus recuerdos son reales.",2021-09-09,Sci-Fi,6.6
Vengadores: Secret Wars,Sexta entrega de la saga 'Vengadores' incluida en el Universo Cinematográfico Marvel (UCM). Sinopsis desconocido.,2027-12-16,Sci-Fi,0.0
Stargate: Puerta a las estrellas,"Un coronel y un científico, movidos por distintos intereses, investigan el misterioso hallazgo en unas excavaciones de un extraño artefacto al que llaman ""Puerta de las Estrellas"". Acompañados de un equipo de reconocimiento, atraviesan la Puerta y son transportados a un lejano planeta.",1994-10-28,Sci-Fi,7.019
The Last House,,2026-08-07,Sci-Fi,0.0
Independence Day: Contraataque,"Utilizando la tecnología que los extraterrestres tenían 20 años antes, las naciones de la Tierra, que temen el regreso de los invasores, han colaborado en la elaboración de un gigantesco programa de defensa para proteger el planeta. Pero no es seguro que ese programa sirva para hacer frente a los avanzados e inauditos recursos de los atacantes. Quizá sólo la inventiva de unos pocos valientes pueda evitar la destrucción del mundo, que se encuentra de nuevo al borde de la extinción. Secuela del gran éxito de 1996 ""Independence Day"".",2016-06-22,Sci-Fi,5.365
Spy Kids,"Cuando el matrimonio Cortez -aparentes padres de familia normales y corrientes pero que en realidad son superespías internacionales- es secuestrado por el malvado Floop, sus hijos no tendrán más remedio que intentar salvarles en una trepidante aventura llena de acción y peligros",2001-03-18,Sci-Fi,5.816
Death Race: La carrera de la muerte,"En un futuro próximo. Una penitenciaría atestada de presos inspiró a los carceleros para crear un pasatiempo tan cruel como lucrativo. Presos capaces de todo, un público global hambriento de violencia televisada y un ruedo espectacular se unen en DEATH RACE. El tricampeón de velocidad Jensen Ames (Jason Statham) es todo un experto a la hora de sobrevivir en el desértico paisaje en el que se ha convertido el país. Cree haber cambiado de vida, pero el ex convicto es acusado de un terrible crimen que no ha cometido. La directora de Terminal Island (Joan Allen) le obliga a ponerse la máscara de Frankenstein, un favorito del público al que parece imposible matar, y le da dos opciones: competir o pudrirse en una celda. Con el rostro escondido detrás de la máscara metálica, el preso deberá sobrevivir a los tres días más terribles de su vida, enfrentándose a los peores criminales procedentes de las cárceles más duras del país si quiere salir libre.",2008-08-22,Sci-Fi,6.31
Depredador 2,"Un grupo de policías de Los Angeles se enfrenta a un misterioso asesino que descuartiza a sus víctimas con un salvajismo inusitado. Pronto, el jefe del grupo, el capitán Harrigan, descubrirá que su enemigo es un alienígena llegado a la Tierra con el único propósito de practicar la caza.",1990-11-21,Sci-Fi,6.305
Wellwood,,2025-03-24,Sci-Fi,5.2
Linterna Verde,"En un universo tan vasto como misterioso, una pequeña pero misteriosa fuerza ha existido por siglos. Protectores de la paz y la justicia se hace llamar el cuerpo de linternas verdes. Una hermandad de guerreros que juraron mantener el orden intergaláctico donde cada linterna verde lleva un anillo que le da superpoderes. Pero cuando un nuevo enemigo llamado Parallax amenaza con destruir el balance y el poder del universo, su destino y el de la tierra cae en manos del nuevo recluta; el primer humano que ha sido elegido: Hal Jordan.",2011-06-14,Sci-Fi,5.186
El hombre sin sombra,"El descubrimiento de un brillante científico lo hace invisible, pero lo transforma en un omnipotente y peligroso megalómano.",2000-08-04,Sci-Fi,5.966
El gigante de hierro,"En 1957, en la pequeña localidad de Rockwell, alguien ha visto cómo un enorme hombre metálico caía al mar. Un imaginativo niño descubre que se trata de un robot gigante, cuyo apetito de metal es insaciable. Entre ambos nace una fuerte amistad, pero el gobierno envía a un agente para investigar los hechos. El niño esconde a su nuevo compañero en la chatarrería de un amigo. Pero los habitantes del pueblo comienzan a sentirse aterrados porque creen que es una nueva amenaza en plena Guerra Fría.",1999-08-06,Sci-Fi,7.957
My Hero Academia: You're Next,"En una sociedad en la que héroes y villanos luchan continuamente en nombre de la paz y el caos, Deku, un estudiante de U.A. High School que aspira a ser el mejor héroe posible, se enfrenta al villano que imita al héroe al que admira desde hace tiempo. ¿Podrán Deku y el resto de la clase 1-A del instituto U.A. proteger el mundo acabando con Dark Might, el hombre que pretende ser el nuevo Símbolo de la Paz?",2024-08-02,Sci-Fi,7.209
Robotrix,"Un científico loco transfiere su mente a un robot malvado, que se embarca en un programa de secuestros, violaciones y asesinatos, durante el cual una detective es asesinada. Para luchar contra el robot, el cadáver de la policía se convierte en una robotrix.",1991-05-31,Sci-Fi,6.0
La chica que saltaba a través del tiempo,"Una adolescente sufre un accidente y descubre que desde entonces puede saltar hacia atrás y hacia delante en el tiempo, poder que utilizará para encauzar su caótica vida estudiantil y amorosa en el instituto.",2006-07-15,Sci-Fi,7.775
Star Trek: En la oscuridad,"Cuando a la tripulación de la nave Enterprise le ordenan que regrese a casa, en la Tierra se enfrentan a una terrorífica fuerza que, aparentemente desde dentro, ha perpetrado un ataque a la cúpula de la Federación y todo lo que ésta representa, sumiendo a la flota en una profunda crisis. Para intentar solucionar el problema, y con un asunto personal que resolver, el capitán Kirk encabeza una incursión a un planeta en guerra, para capturar a un hombre que es un arma de destrucción masiva. A medida que nuestros héroes se van sumergiendo en una épica partida de ajedrez a vida o muerte, la lealtad se verá puesta a prueba, las amistades se romperán, y habrá que hacer ciertos sacrificios por la única familia que le queda a Kirk: su tripulación.",2013-05-05,Sci-Fi,7.322
Gravity,"Durante un paseo espacial rutinario, dos astronautas sufren un grave accidente y quedan flotando en el espacio. Una es la doctora Ryan Stone, una brillante ingeniera en su primera misión espacial en la Shuttle. Su acompañante es el veterano astronauta Matt Kowalsky. Durante el paseo algo sale mal y ocurre el desastre: el shuttle queda destrozado, dejando a Ryan y Matt completamente solos, momento a partir del cual intentarán por todos los medios volver a la Tierra.",2013-10-03,Sci-Fi,7.17
Las aventuras de Peabody y Sherman,"Los personajes de la serie animada de los 60 The Rocky &amp; Bullwinkle Show, Mr. Peabody y Sherman, se cuelan en la gran pantalla adquiriendo una nueva dimensión 3D.  En esta ocasión el perro parlante más inteligente del mundo, Mr. Peabody y su mascota Sherman, un enérgico niño bastante ingenuo, se adentrarán en nueva una aventura determinante en el curso de la historia universal. Cuando Sherman desastrosamente avería la máquina del tiempo, la peculiar pareja se ve obligada a recomponer los hechos y arreglar la máquina antes de que sea demasiado tarde y el continuo espacio-tiempo se destruya afectando irreparablemente a nuestra existencia.",2014-02-07,Sci-Fi,6.7
Descubriendo a los Robinsons,"Cuando Lewis conoce a un misterioso chico que viene del futuro llamado Wilbur Robinson, ambos harán un viaje en el tiempo donde Lewis descubre el asombroso secreto de la familia Robinson.",2007-03-23,Sci-Fi,6.946
Hijos de los hombres,"Año 2027: el ser humano está al borde de la extinción: los hombres han perdido la capacidad de procrear y se ignora por qué razon todas las mujeres del planeta se han vuelto estériles. Al mismo tiempo, el mundo se estremece cuando muere un muchacho de 18 años, la persona más joven de la Tierra. Se vive, pues, una situación de caos galopante. En tales circunstancias, Theo (Clive Owen), un desilusionado ex-activista radical de Londres convertido en burócrata, es contratado por Julian (Julianne Moore) para que proteja a una mujer que puede tener el secreto de la salvación de la humanidad, la persona más valiosa de la Tierra...",2006-09-22,Sci-Fi,7.614
Valerian y la ciudad de los mil planetas,"Una fuerza oscura amenaza a Alpha, una vasta metrópolis y hogar de especies de mil planetas. Los agentes especiales Valerian y Laureline deben correr para identificar la amenaza y salvaguardar no solo a Alpha, sino al futuro del universo.",2017-07-19,Sci-Fi,6.64
Vivarium,"Una joven y su prometido buscan el hogar perfecto para empezar. Después de seguir a un misterioso agente de bienes raíces a un nuevo desarrollo de viviendas, la pareja se encuentra atrapada en un laberinto de casas idénticas y obligada a criar a un niño de otro mundo.",2019-09-07,Sci-Fi,6.059
大画王,,2025-03-21,Sci-Fi,6.0
Detective Conan 6: El fantasma de la calle Baker,"Conan es invitado junto con sus amigos a una fiesta donde se está presentando un nuevo videojuego de realidad virtual. Pero durante la presentación sucede un asesinato y por si fuera poco parece ser que los niños se quedan atrapados en el juego. Así pues, Conan se verá obligado a ir dentro del juego para averiguar quien ha sido el asesino con la ayuda del famoso personaje Sherlock Holmes y también para rescatar las vidas de los niños.",2002-04-20,Sci-Fi,7.8
Nuestros maravillosos aliados,"Los empobrecidos residentes de un bloque de apartamentos amenazado de demolición por un grupo de especuladores del suelo consiguen la ayuda milagrosa que esperaban en forma de unos pequeños platillos volantes extraterrestres que necesitan la electricidad suministrada por los apartamentos para sobrevivir. En agradecimiento lucharán con ellos contra los especuladores. Una característica cinta con toda la marca del sello Amblin, productora de Spielberg.",1987-12-18,Sci-Fi,6.712
Monstruoso,"La noche en que varios jóvenes neoyorquinos celebran la fiesta de despedida de un amigo en Manhattan, un monstruo del tamaño de un rascacielos llega a la ciudad. Contada desde el punto de vista de la videocámara de uno de ellos, este es el escalofriante documento sobre sus intentos por sobrevivir durante los momentos más increíbles y terroríficos de sus vidas.",2008-01-15,Sci-Fi,6.713
Nadie te salvará,Una mujer lucha con unos extraterrestres que amenazan su futuro y la hacen enfrentarse a su pasado.,2023-09-21,Sci-Fi,6.712
Deep Impact,El descubrimiento de un meteorito que viene en dirección a la Tierra a gran velocidad pone a toda la Humanidad en estado de alerta. Las naciones de todo el mundo preparan planes para tratar de salvar al mayor numero de personas y de especies animales posibles.,1998-05-08,Sci-Fi,6.237
Super 8,"Año 1979, en un pequeño pueblo de Ohio. Joe Lamb (Joel Courtney) es un muchacho que ha perdido a su madre en un accidente y que vive con su padre policía (Kyle Chandler). Comenzado el verano, y mientras rueda una película de zombis en Super 8 con sus amigos -y sobre todo con la bella Alice Dainard (Elle Fanning)-, Joe observa cómo una camioneta se estrella contra un tren de mercancías, provocando su descarrilamiento y un terrible accidente. A partir de ese momento cosas extrañas e inexplicables comienzan a suceder en el pueblo.",2011-06-09,Sci-Fi,6.779
Los 4 fantásticos y Silver Surfer,"La primera familia de superhéroes de Marvel, los Cuatro Fantásticos, se enfrentan a su mayor reto hasta la fecha cuando un enigmático heraldo intergaláctico, Estela Plateada, llega a la Tierra para prepararla para su destrucción. Mientras Estela Plateada recorre el mundo sembrando la destrucción, Reed, Sue, Johnny y Ben deben desentrañar el misterio de dicho personaje, y hacer frente al sorprendente regreso de su mortal enemigo el Doctor Muerte, antes de perder toda esperanza...",2007-06-13,Sci-Fi,5.633
Regreso al futuro III,"Marty McFly sigue en 1955 y su amigo Doc ha retrocedido al año 1885, la época del salvaje oeste. Éste le envía una carta donde comenta que la máquina del tiempo está averiada, y que es imposible repararla. Sin embargo no le preocupa estar atrapado en el pasado, pues allí es muy feliz trabajando de herrero aunque convive con malhechores. Pero Marty descubre una vieja tumba en la que lee que Doc murió en 1885 y, sin pensárselo dos veces, irá a rescatar a su amigo.",1990-05-25,Sci-Fi,7.493
Estado eléctrico,"Una adolescente huérfana emprende un viaje para encontrar a su hermano desaparecido junto con un misterioso robot, un cínico contrabandista y su ocurrente compañero.",2025-03-07,Sci-Fi,6.503
Dragon Ball Super: Super Hero,"Son Goku destruyó en su momento al Ejército Red Ribbon. Ahora, ciertos individuos han decidido continuar con su legado y han creado a los androides definitivos: Gamma 1 y Gamma 2. Estos dos androides se autoproclaman ""superhéroes"" y deciden atacar a Piccolo y a Gohan. ¿Cuál es el objetivo del Nuevo Ejército Red Ribbon?  Ante un peligro inminente, ¡llega el momento del despertar del Superhéroe!",2022-06-11,Sci-Fi,7.887
Contagio,"De repente, sin saber cuál es su origen, aunque todo hace sospechar que comienza con el viaje de una norteamericana a un casino de Hong Kong, un virus mortal comienza a propagarse por todo el mundo. En pocos días, la enfermedad empieza a diezmar a la población. El contagio se produce por mero contacto entre los seres humanos. Un thriller realista y sin efectos especiales sobre los efectos de una epidemia.",2011-09-08,Sci-Fi,6.649
Muere otra vez,"Un oficial de las fuerzas especiales, ya retirado, se ve obligado a vivir una y otra vez en bucle el día de su muerte.",2021-02-19,Sci-Fi,6.876
Viaje al centro de la Tierra,"Durante una expedición científica en Islandia, el visionario científico Trevor Anderson (Brendan Fraser), su sobrino Sean (Josh Hutcherson) y su hermosa guía regional, Hannah (Anita Briem), quedan atrapados en una cueva. La única posibilidad de escapar de allí es adentrándose en las entrañas de la Tierra. Recorriendo mundos jamás vistos, el trío se encuentra cara a cara con criaturas increíbles. Pero la actividad volcánica del lugar es cada vez más intensa, por lo que deberán encontrar urgentemente una manera de poder volver a la superficie antes de que sea demasiado tarde.",2008-07-10,Sci-Fi,6.1
P.K. (Peekay),"En la ciudad, un extraño hace preguntas que nadie ha hecho antes. Conocido sólo por sus iniciales, PK, sus preguntas inocentes y su curiosidad infantil lo llevarán a un viaje de amor y alegría.",2014-12-18,Sci-Fi,7.7
லவ் இன்சூரன்ஸ் கம்பெனி,,2026-04-10,Sci-Fi,4.8
La Tierra Errante,"Cuando el Sol comienza a expandirse de tal manera que inevitablemente engullirá y destruirá la Tierra en cien años, la humanidad unida encuentra una manera de evitar su extinción propulsando el planeta fuera del Sistema Solar usando motores gigantescos, moviéndolo a un nuevo hogar ubicado a cuatro años luz de distancia, un viaje épico que durará miles de años.",2019-02-05,Sci-Fi,6.642
Señales del futuro,"Durante la inauguración de un nuevo colegio, los estudiantes guardan en una cápsula del tiempo varios objetos. Lucinda, una de las niñas, guarda un papel en el que ha escrito extraños números. Cincuenta años después, la cápsula del tiempo es desenterrada, el hijo de un profesor de astronomía viudo, recibe la misteriosa nota de Lucinda. John descubrirá enseguida que esos números esconden predicciones escalofriantes, algunas de las cuales ya han sucedido mientras que otras aún no.",2009-03-19,Sci-Fi,6.262
Espacio/Tiempo,"En un futuro al borde del colapso, un equipo de científicos presenta un motor de curvatura espacial que podría salvar a la humanidad. La primera prueba acaba en desastre, lo que provoca el cierre del proyecto y la deshonra de sus creadores. Holt, un visionario brillante pero despiadado, y su ambiciosa ayudante, Liv, se niegan a permitir que su trabajo desaparezca y recurren a los bajos fondos para reconstruir el dispositivo. En su carrera contra el tiempo y la ley, el motor se convierte en algo más que una oportunidad de supervivencia: se convierte en una obsesión. Con el futuro de la humanidad pendiendo de un hilo, el equipo debe enfrentarse a una pregunta inquietante: ¿será su creación la salvación o desencadenará algo mucho peor?",2025-06-25,Sci-Fi,5.945
Space Jam,Bugs Bunny y su equipo desafían a los Nerdlucks (un grupo de pequeños extraterrestres) a un partido de baloncesto para decidir si los Looney Tunes permanecen en la Tierra o se trasladan a una lejana galaxia para trabajar en un parque de atracciones de Montaña Tontolandia. Los Nerdlucks cuentan con una poderosa arma secreta que los hace superiores: se han apoderado de las mejores cualidades de las estrellas de la NBA (Charles Barkley y Patrick Ewing). Pero también los Looney poseen un arma secreta: ¡Michael Jordan!,1996-11-15,Sci-Fi,6.811
Mad Max 2: El guerrero de la carretera,"Tras el holocausto nuclear, la gasolina se ha convertido en un bien escaso y muy codiciado. Mad Max, héroe solitario, inicia una lucha sin cuartel para ayudar a una colonia de supervivientes constantemente atacada por un grupo de violentos guerreros que intenta arrebatarle un tanque de gasolina. Max decide ayudar a los defensores del tanque utilizando un enorme camión como trampa. La banda de guerreros persigue al camión, pensando que transporta miles de litros de gasolina.",1981-12-24,Sci-Fi,7.392
Alien: Resurrección,"Más de doscientos años después de su muerte, Ellen Ripley vuelve a la vida gracias al empleo de técnicas avanzadas de clonación. Pero, durante el proceso, el ADN de Ripley se ha mezclado con el de la Reina Alien, por lo que Ripley empieza a desarrollar ciertas características de la peligrosa alienígena.",1997-11-12,Sci-Fi,6.17
Morbius,"Peligrosamente enfermo de un extraño trastorno sanguíneo, y determinado a salvar a otras personas que padecen su mismo destino, el doctor Morbius intenta una apuesta desesperada. Lo que en un principio parece ser un éxito radical, pronto se revela como un remedio potencialmente peor que la enfermedad.",2022-03-30,Sci-Fi,5.9
Aliens vs. Predator 2,"Cuando una nave exploradora Predator se estrella, aparece en un pueblo de Colorado. Los Aliens a bordo escapan y matan a todos los Predators excepto a uno. El último Predator superviviente debe ahora acabar con todos los Aliens, así como con el terrorífico Pred-Alien que fue engendrado en la anterior entrega. Mientras tanto, los habitantes del pueblo están siendo inutilmente atrapados en medio del último enfrentamiento entre estas dos criaturas míticas.",2007-12-25,Sci-Fi,5.173
Temblores,"En Perfección, un pequeño pueblo al borde del desierto de Nevada, algo parece suceder debajo de la tierra. Cuando las líneas telefónicas y las carreteras quedan cortadas, los habitantes comienzan a sentir pánico, pues todo parece indicar que hay algo vivo y terrorífico bajo las arenas del desierto.",1990-01-19,Sci-Fi,6.937
Moonfall,El mundo se enfrenta a la posibilidad de la extinción porque una fuerza desconocida empuja a la luna de su órbita rumbo a la Tierra. Un equipo de astronautas asume la misión de evitar el apocalipsis.,2022-02-02,Sci-Fi,6.25
Men in Black: International,"Cuando los «aliens» con forma humana amenazan la Tierra, una nueva agente y otro veterano del MiB emprenden una misión para salvar el mundo (y su propia organización).",2019-06-12,Sci-Fi,5.897
ヴァージン・パンク Clockwork Girl,"Ubu, una mujer marcada por la desgracia, se convierte en una sombra de sí misma. Rodeada de personajes intensos, enfrenta un conflicto cargado de tensión emocional y psicológica.",2025-06-27,Sci-Fi,7.821
Ninja Turtles: Fuera de las sombras,"Michelangelo, Donatello, Leonardo y Raphael regresan junto con April O’Neil, Vern Fenwick y un nuevo vigilante enmascarado, Casey Jones, para combatir a unos villanos aún más malignos y poderosos. El súper villano Shredder escapa de prisión y une sus fuerzas con el científico loco Baxter Stockman y sus dos secuaces, Bebob y Rocksteady, para llevar a cabo un diabólico plan para conquistar el mundo. Mientras las Tortugas se preparan para enfrentarse a Shredder y su banda, tendrán que luchar también con un nuevo enemigo, incluso más poderoso, y también con intenciones malignas: El General Krang.",2016-05-30,Sci-Fi,6.1
The Host,"Los habitantes de Seúl observan sorprendidos un extraño objeto que cuelga de un puente sobre el río Han. El objeto es, en realidad, una monstruosa criatura mutante que al despertar devora a todo aquel que se cruza en su camino. En medio de tanto horror, la criatura mutante rapta a la hija del dueño de un quiosco que vive felizmente a la orilla del río. Mientras el ejército fracasa una y otra vez en sus intentos de destruir al monstruo, este hombrecillo anónimo y su familia intentan recuperar a su hija.",2006-07-27,Sci-Fi,6.975
Resurrección,"En un mundo donde la humanidad ha perdido la capacidad de soñar, una criatura sigue fascinada por las ilusiones que se desvanecen del mundo onírico. Este monstruo, a la deriva en la ensoñación, se aferra a visiones que nadie más puede ver… hasta que aparece una mujer. Dotada del raro poder de percibir estas ilusiones tal como son, decide adentrarse en los sueños del monstruo, decidida a descubrir la verdad que se oculta en su interior.",2025-11-22,Sci-Fi,7.3
大画王,,2025-03-21,Sci-Fi,6.0
Dark City,"Al despertar solo en un extraño hotel y habiendo perdido la memoria, John Murdoch se ve envuelto en una peligrosa búsqueda de su identidad en una ciudad donde la noche parece nunca terminar, mientras es perseguido por las autoridades como el autor de una serie de sádicos y brutales asesinatos.",1998-02-27,Sci-Fi,7.33
Estado eléctrico,"Una adolescente huérfana emprende un viaje para encontrar a su hermano desaparecido junto con un misterioso robot, un cínico contrabandista y su ocurrente compañero.",2025-03-07,Sci-Fi,6.503
Star Trek: Más allá,"El USS Enterprise, la nave insignia de la Flota Estelar, liderada por el capitán James T. Kirk, vuelve a surcar el universo, para proteger la Tierra y el resto de planetas aliados. Pero la tranquilidad durará poco y el peligro acecha. La primera etapa de su misión les llevará a un territorio desconocido, y su travesía pronto se convertirá en una carrera por la supervivencia, cuando se enfrenten a un nuevo y fiero enemigo, Krall, de una especie alienígena avanzada. A la vez que intentan encontrar el modo de volver a la Tierra, su objetivo será proteger el futuro de la raza humana y preservar la armonía entre especies...",2016-07-07,Sci-Fi,6.788
Deep Blue Sea,"Utilizando tiburones Mako, una de las máquinas de matar más rápidas y perfectas de la naturaleza, la doctora McAlester espera encontrar la clave de la regeneración de los tejidos del cerebro humano. Pero para alcanzar su meta ha violado los códigos éticos, modificando el ADN de los tiburones, haciendo que sean más inteligentes y más rápidos, convirtiéndolos de depredadores peligrosos en monstruos depredadores que pondrán en peligro a todo el equipo de trabajo...",1999-07-28,Sci-Fi,5.993
Space Jam,Bugs Bunny y su equipo desafían a los Nerdlucks (un grupo de pequeños extraterrestres) a un partido de baloncesto para decidir si los Looney Tunes permanecen en la Tierra o se trasladan a una lejana galaxia para trabajar en un parque de atracciones de Montaña Tontolandia. Los Nerdlucks cuentan con una poderosa arma secreta que los hace superiores: se han apoderado de las mejores cualidades de las estrellas de la NBA (Charles Barkley y Patrick Ewing). Pero también los Looney poseen un arma secreta: ¡Michael Jordan!,1996-11-15,Sci-Fi,6.811
Vivarium,"Una joven y su prometido buscan el hogar perfecto para empezar. Después de seguir a un misterioso agente de bienes raíces a un nuevo desarrollo de viviendas, la pareja se encuentra atrapada en un laberinto de casas idénticas y obligada a criar a un niño de otro mundo.",2019-09-07,Sci-Fi,6.059
La isla,"Año 2019. Lincoln Seis-Eco y Jordan Dos-Delta se encuentran entre los cientos de residentes de una especie de campo de concentración. Dentro de ese lugar cuidadosamente vigilado, su vida cotidiana, como la de los demás, está rigurosamente controlada y llena de restricciones. La única salida -y la esperanza que todos comparten- consiste en ser elegidos para ir a ""La isla"", el único lugar del mundo que no ha sufrido los efectos contaminantes de un desastre ecológico que, al parecer, acabó con todos los humanos excepto los habitantes de esa zona. Lincoln, que vive atormentado por pesadillas inexplicables, se siente cada vez más inquieto, y su creciente curiosidad lo llevará a descubrir un terrible secreto.",2005-07-21,Sci-Fi,6.698
La cuarta fase,"Thriller sobrenatural ambientado en Alaska en el que una mujer investiga una serie de misteriosas desapariciones ocurridas en el lugar durante los últimos 40 años. A finales del año 2000, los pacientes de la terapeuta Abbey Tyler, bajo hipnosis, reflejaron comportamientos que sugerían encuentros con seres no humanos. Antes de dormir, todos ellos aseguraban haber visto un búho que les observaba desde fuera de la ventana. Y despertaban completamente paralizados, escuchando ruidos terroríficos que provenían de fuera de la habitación. Los recuerdos posteriores se sumían en la oscuridad. La doctora prosiguió con sus investigaciones, descubriendo que la desaparición de personas y sucesos extraños en la región se remontaba a los años 60.",2009-11-05,Sci-Fi,6.368
Arco,"En el año 2075, Iris, una niña de 10 años, ve caer del cielo a un misterioso niño con un traje de arcoíris. Es Arco. Iris lo acogerá y lo ayudará por todos los medios posibles a volver a su hogar.",2025-10-22,Sci-Fi,7.573
Nirvanna the Band the Show the Movie,"Cuando su plan para reservar un espectáculo en el Rivoli sale terriblemente mal, Matt y Jay viajan accidentalmente al año 2008.",2026-02-02,Sci-Fi,7.613
Atlantis: El imperio perdido,"Un joven aventurero llamado Milo encuentra un antiguo diario que contiene pistas de cómo llegar a Atlantis, el mítico reino hundido. Junto a otros intrépidos personajes Milo decide embarcarse en el Ulises, un impresionante submarino, en una arriesgada expedición al fondo del mar.",2001-06-02,Sci-Fi,7.044
La cosa (The Thing),"En una remota zona de la Antártida, un descubrimiento de gran relevancia científica se convierte en un problema de supervivencia. La paleontóloga Kate Lloyd (Mary Elizabeth Winstead) llega a esa inhóspita región para colaborar con un equipo científico noruego que ha encontrado una nave extraterrestre enterrada en el hielo, en cuyo interior hay un ser alienígena congelado pero cuyas células están vivas... Precuela de ""La Cosa"", película dirigida por John Carpenter y protagonizada por Kurt Russell, que se basaba en un clásico de serie B de los años 50.",2011-10-12,Sci-Fi,6.235
Dragon Ball Z: La resurrección de F,"Después de que Bills, el Dios de la destrucción, decidiera no destruir la Tierra, se vive una gran época de paz. Hasta que Sorbet y Tagoma, antiguos miembros élite de la armada de Freezer, llegan a la Tierra con el objetivo de revivir a su líder por medio de las Bolas de Dragón. Su deseo es concedido y ahora Freezer planea su venganza en contra de los Saiyan. La historia hace que una gran oleada de hombres bajo el mando de Freezer lo acompañe.",2015-04-18,Sci-Fi,6.886
Dragon Ball Super: Super Hero,"Son Goku destruyó en su momento al Ejército Red Ribbon. Ahora, ciertos individuos han decidido continuar con su legado y han creado a los androides definitivos: Gamma 1 y Gamma 2. Estos dos androides se autoproclaman ""superhéroes"" y deciden atacar a Piccolo y a Gohan. ¿Cuál es el objetivo del Nuevo Ejército Red Ribbon?  Ante un peligro inminente, ¡llega el momento del despertar del Superhéroe!",2022-06-11,Sci-Fi,7.887
Evolution,"Un meteorito cae en el desierto de California, en principio uno más de los que chocan con nuestro planeta. Pero este meteorito va a provocar el caos al contener vida alienígena, lo cual va a dar un nuevo significado al principio de la ley del más fuerte. Las cosas comienzan a agravarse cuando aparecen toda clase de curiosos bichos circulando por ahí, pero en lo que no han caído los alienígenas es en un equipo formado por Ira, Allison, Harry y Wayne, un grupo de científicos que tratarán de desbaratar un más que probable desastre sin precedentes.",2001-06-08,Sci-Fi,6.114
Affinity,"Un ex-SEAL con estrés postraumático rescata a una mujer y se enamora de ella, pero la pierde a manos de unos misteriosos secuestradores. Reúne a un equipo de élite para recuperarla, pero pronto descubre la espeluznante verdad: ha sido manipulada por un científico que está de luto por su esposa.",2025-11-27,Sci-Fi,6.161
Ultimátum a la Tierra,"La Dra. Helen Benson es sacada repentinamente de su casa por la Agencia de Seguridad Nacional, y llevada junto a otros científicos. para intentar explicar las causas de un misterioso objeto del espacio que va a chocar de forma inmintente contra la isla de Manhattan. Pero la colisión no se produce, pues el OVNI, que resulta ser una nave espacial de origen desconocido, aterriza en medio de Central Park. Las extraordinarias circustancias que siguen a tan prodigioso acontecimiento, llevarán a la Dra. Helen a conocer a Klaatu, un extraterrestre humanoide que dice llegar a la Tierra con fines pacíficos, para advertir a la población.",2008-12-10,Sci-Fi,5.661
Déjà Vu,"Tras una terrible explosión de una bomba en un Ferry de Nueva Orleans, el agente Doug Carlin descubre que es obra de un terrorista. Por su perspicacia para analizar y distinguir rápidamente lo relevante de lo secundario en el escenario del crimen, Carlin es asignado a un misterioso nuevo equipo de investigación que utiliza una sofisticada máquina que permite algo extraordinario...",2006-11-22,Sci-Fi,6.888
Perseguido,"En el año 2017, el mundo se ha colapsado por culpa de una grave crisis económica. La primera potencia del planeta, los Estados Unidos de América, se hallan inmersos en el caos y el desconcierto. Para salir del atolladero, el gobierno inventa un videojuego que se emite por televisión y que logra altas cotas de audiencia. Consiste en soltar a varios convictos para que corran hacia la libertad mientras son perseguidos por auténticas máquinas de matar. Entre los participantes se encuentra Ben Richards (Arnold Schwarzenneger), dispuesto a aprovechar la oportunidad que le han ofrecido.",1987-11-13,Sci-Fi,6.543
Temblores,"En Perfección, un pequeño pueblo al borde del desierto de Nevada, algo parece suceder debajo de la tierra. Cuando las líneas telefónicas y las carreteras quedan cortadas, los habitantes comienzan a sentir pánico, pues todo parece indicar que hay algo vivo y terrorífico bajo las arenas del desierto.",1990-01-19,Sci-Fi,6.937
Muere otra vez,"Un oficial de las fuerzas especiales, ya retirado, se ve obligado a vivir una y otra vez en bucle el día de su muerte.",2021-02-19,Sci-Fi,6.875
Superhero Movie,"Parodia de las películas de superhéroes, desde Spider-Man, hasta Batman Begins o Los 4 Fantásticos, de nuevo a cargo de los creadores de ""Scary Movie"". En esta ocasion la historia se centra en Rick Riker, un joven agradable pero muy torpe que adquiere superpoderes.",2008-03-28,Sci-Fi,5.301
Finch,"En un mundo devastado, Finch es un inventor con la misión de encontrar un hogar para él y su familia. Acompañado de su querido perro y de un robot que él mismo creó, se embarca en una bonita y emocionante aventura.",2021-11-04,Sci-Fi,7.807
迷宮,,1996-04-26,Sci-Fi,2.0
I Love Boosters,"I Love Boosters (2026) es una alocada comedia negra y sátira anticapitalista escrita y dirigida por Boots Riley. La historia sigue a la ""Velvet Gang"", una pandilla liderada por Corvette (Keke Palmer) que roba ropa de alta moda a una magnate despiadada para revenderla y redistribuirla en su comunidad.",2026-05-21,Sci-Fi,5.3
La liga de los hombres extraordinarios,"En la Inglaterra victoriana, un malvado comete sus fechorías con la intención de provocar una guerra mundial. Intentando evitarlo, las autoridades reclutarán a un grupo de valientes con una peculiaridad: todos son héroes literarios. La extraordinaria Liga de Quatermain  está compuesta por el capitán Nemo, la vampiresa de Drácula Mina Harker, el hombre invisible Rodney Skinner, el agente del servicio secreto americano Sawyer, Dorian Gray, y el Dr. Jekyll / Mr. Hyde. El enigmático M, es quien recluta a la Liga. Los miembros de la Liga son contumaces individualistas, forajidos de hecho, con pasados en los que hay luces y sombras y singulares dones que les han reportado alegrías y penalidades a la par. Ahora deben aprenden a confiar los unos en los otros y trabajar como equipo por el bien y la esperanza de la civilización, con poca preparación y ningún tiempo que perder.",2003-07-11,Sci-Fi,6.013
Supergirl,"Superviviente de la explosión del planeta Krypton, la ciudad de Argo vaga por el espacio con sus habitantes viviendo felizmente protegidos por una cúpula. Entre otros muchos, allí viven Zor-El y Alura con su hija adolescente Kara. Kara es muy amiga del respetado -aunque imprudente- científico Zaltar, y durante uno de sus juegos la cúpula protectora de la ciudad resulta dañada y por el agujero se escapa la pequeña esfera que les sirve como fuente de energía: el omegaedro. Zaltar sabe que se ha ganado ser condenado a la Zona Fantasma, y Kara se aventura en una nave de hiperespacio que la conduce directamente a la búsqueda del omegaedro, que ha ido a parar a la Tierra. Si quiere que la ciudad de Argo, su familia y amigos sobrevivan, debe encontrarlo, porque sin esa fuente de energía la ciudad está condenada a morir en poco tiempo.",1984-07-01,Sci-Fi,5.4
El libro de Eli,"En un futuro apocalíptico, 30 años después del ""resplandor"" que aniquiló la casi totalidad de la sociedad civilizada, unos pocos humanos sobreviven en un ambiente increíblemente hostil y árido. Violaciones, canibalismo y salvajismo imperan en unas derruidas ciudades donde el más fuerte y el que posee el agua impone su ley. Vagando por la carretera, un guerrero solitario (Denzel Washington) se dirige al oeste con una sola misión: proteger un misterioso libro que lleva en su mochila.",2010-01-14,Sci-Fi,6.803
Espacio/Tiempo,"En un futuro al borde del colapso, un equipo de científicos presenta un motor de curvatura espacial que podría salvar a la humanidad. La primera prueba acaba en desastre, lo que provoca el cierre del proyecto y la deshonra de sus creadores. Holt, un visionario brillante pero despiadado, y su ambiciosa ayudante, Liv, se niegan a permitir que su trabajo desaparezca y recurren a los bajos fondos para reconstruir el dispositivo. En su carrera contra el tiempo y la ley, el motor se convierte en algo más que una oportunidad de supervivencia: se convierte en una obsesión. Con el futuro de la humanidad pendiendo de un hilo, el equipo debe enfrentarse a una pregunta inquietante: ¿será su creación la salvación o desencadenará algo mucho peor?",2025-06-25,Sci-Fi,5.945
Species (Especie mortal),"Cuando una bella hembra resultante del cruce de un ser humano y un alienígena se escapa de un laboratorio de observación, el científico Javier Fich envía a un asesino del gobierno, a un psíquiatra, a una bióloga y a un antropólogo en su búsqueda. Mientras siguen su pista por Los Ángeles, el equipo descubre cuál es su plan; aparearse con hombres para producir crías que puedan destruir a la raza humana. Mientras su mortal reloj biológico avanza con rapidez, Fitch y su equipo se lanzan a una inquietante persecución de la que depende el destino de la humanidad.",1995-07-07,Sci-Fi,6.0
Next,"Cris Johnson es un mago de Las Vegas bendecido con un don que también es una maldición: cuenta con la sobrenatural capacidad de saber qué va a ocurrir a continuación. Johnson puede ver el futuro unos cuantos minutos más allá del momento presente, un talento extrasensorial que, sin duda, le viene muy bien para su trabajo como mago y mentalista en un sórdido club de Las Vegas donde actúa cada noche. Por otra parte, la agente antiterrorista Callie Ferris, quiere sacar partido al talento de Johnson con objeto de impedir el ataque que unos terroristas planean ejecutar contra Los Angeles mediante un arma de destrucción masiva. La cuenta atrás de la bomba prosigue y Johnson sería un elemento clave a la hora de impedir un holocausto nuclear. Si no recurre a sus poderes para canalizar su visión a través de los portales temporales correctos para así poder modificar el presente, su futuro – y el de cientos de miles de personas – podría ser una cosa del pasado.",2007-04-25,Sci-Fi,6.131
Contagio,"De repente, sin saber cuál es su origen, aunque todo hace sospechar que comienza con el viaje de una norteamericana a un casino de Hong Kong, un virus mortal comienza a propagarse por todo el mundo. En pocos días, la enfermedad empieza a diezmar a la población. El contagio se produce por mero contacto entre los seres humanos. Un thriller realista y sin efectos especiales sobre los efectos de una epidemia.",2011-09-08,Sci-Fi,6.649
Han llegado,"Un astrofísico que trabaja para la NASA, capta unas extrañas señales procedentes del espacio, que aparentemente encierran un mensaje inteligente. Pero cuando informa del hecho a sus superiores, es despedido. Después de localizar unas señales similares que se emiten desde México, el científico decide viajar a ese país con el fin de investigar el origen de las mismas. Allí descubre que los extraterrestres han llegado a la Tierra.",1996-05-31,Sci-Fi,6.0
Gattaca,"En un futuro cercano, en La Tierra la perfección genética impera. Los seres inferiores, como Vincent Freeman, cuyo ADN es fruto de una relación natural y no de laboratorio, están condenados al fracaso. Pero Vincent quiere triunfar, y conseguirá esconder su verdadera condición para conseguir su objetivo más ansiado: ser piloto espacial.",1997-07-09,Sci-Fi,7.568
Sharkenstein,,2016-08-01,Sci-Fi,2.956
Spy Kids 3-D: Game Over,"La tecnología HD/3-D entra en escena cuando los jóvenes agentes Juni y Carmen Cortez emprenden la misión más emocionante de sus vidas: un viaje al interior de la realidad virtual de un videojuego en 3D que ha sido especialmente diseñado para acabar con ellos. Un videojuego en el que cobran vida los gráficos y criaturas más sorprendentes que puedan imaginarse. Los Spy Kids tendrán que plantar cara a unos niveles del juego cada vez más difíciles con el humor, los dispositivos especiales, la valentía, el espíritu familiar y sus rápidos reflejos como armas. Entre los muchos desafíos a los que deberán enfrentarse se incluyen, por ejemplo, una carrera contra los guerreros de la carretera o practicar surf sobre lava candente, todo para salvar al mundo de un villano sediento de poder: El Fabricante de Juguetes.",2003-07-25,Sci-Fi,5.136
Splice: Experimento mortal,"Clive (Adrien Brody) y Elsa (Sarah Polley) son dos brillantes científicos que, por medio de la ingeniería genética, se dedican a crear variaciones de especies conocidas. Aunque han alcanzado el éxito, su ambición les hará perder el control, cuando, en secreto, decidan llevar sus experimentos más allá de la moral. Combinando ADN humano en sus experimentos genéticos obtendrán un nuevo escalón en el árbol evolutivo actual.",2010-06-03,Sci-Fi,5.879
Deep Blue Sea,"Utilizando tiburones Mako, una de las máquinas de matar más rápidas y perfectas de la naturaleza, la doctora McAlester espera encontrar la clave de la regeneración de los tejidos del cerebro humano. Pero para alcanzar su meta ha violado los códigos éticos, modificando el ADN de los tiburones, haciendo que sean más inteligentes y más rápidos, convirtiéndolos de depredadores peligrosos en monstruos depredadores que pondrán en peligro a todo el equipo de trabajo...",1999-07-28,Sci-Fi,5.993
Nirvanna the Band the Show the Movie,"Cuando su plan para reservar un espectáculo en el Rivoli sale terriblemente mal, Matt y Jay viajan accidentalmente al año 2008.",2026-02-02,Sci-Fi,7.613
Han llegado,"Un astrofísico que trabaja para la NASA, capta unas extrañas señales procedentes del espacio, que aparentemente encierran un mensaje inteligente. Pero cuando informa del hecho a sus superiores, es despedido. Después de localizar unas señales similares que se emiten desde México, el científico decide viajar a ese país con el fin de investigar el origen de las mismas. Allí descubre que los extraterrestres han llegado a la Tierra.",1996-05-31,Sci-Fi,6.0
Emmanuelle 3: Lecciones de amor,"Emmanuelle conoce a Tasha, una extraterrestre a quien le enseñara todo sobre los deseos humanos, la sexualidad y el amor.",1994-08-02,Sci-Fi,4.933
Zona 3,"En un París futuro dividido por clases, una IA llamada Alma supervisa la sociedad. Cuando el creador de Alma muere, la policía Salia se une a Zem para desentrañar un misterio que cuestiona su mundo segregado.",2025-10-15,Sci-Fi,6.113
Dragon Ball Z: La batalla de los dioses,"La historia se sitúa varios años después de la batalla con Majin Buu. Bils, el Dios de la destrucción que mantenía el equilibrio del universo, se ha despertado de un largo sueño. Al escuchar rumores sobre un saiyan que ha vencido a Freezer, Bils parte a la búsqueda de Goku. Emocionado por el hecho de que haya aparecido un oponente tan poderoso tras tanto tiempo, Goku ignora las advertencias de Kaito y decide enfrentarse a él.",2013-03-30,Sci-Fi,6.837
Sunshine,"En el 2057, ante la inminente extinción de la humanidad a causa del envejecimiento del Sol, una nave espacial debe reactivar el astro con un dispositivo nuclear. Pero durante el viaje, la tripulación recibe una señal de socorro de la nave espacial Ícaro I, desaparecida años atrás tras intentar realizar la misma misión.",2007-04-05,Sci-Fi,6.969
Dragon Ball Z: La resurrección de F,"Después de que Bills, el Dios de la destrucción, decidiera no destruir la Tierra, se vive una gran época de paz. Hasta que Sorbet y Tagoma, antiguos miembros élite de la armada de Freezer, llegan a la Tierra con el objetivo de revivir a su líder por medio de las Bolas de Dragón. Su deseo es concedido y ahora Freezer planea su venganza en contra de los Saiyan. La historia hace que una gran oleada de hombres bajo el mando de Freezer lo acompañe.",2015-04-18,Sci-Fi,6.886
Pokémon 2: El poder de uno,"Segunda entrega del famoso videojuego japonés. Ash Ketchum, Pokémon y sus amigos llegan a la isla de Shamouti, y allí se transformarán en los protagonistas de una leyenda reencarnada; el equilibrio de la naturaleza representado por las tres poderosas aves Moltres (que domina el fuego), Zapdos (que representa los relámpagos) y Articuno (que conserva el hielo). Cuando Moltres resulta secuestrada según la profecía sólo un humano podrá salvarla.",1999-07-17,Sci-Fi,6.745
Los Juegos del Hambre,"Lo que en el pasado fueron los Estados Unidos, ahora es una nación llamada Panem; un imponente Capitolio ejerce un control riguroso sobre los 12 distritos que lo rodean y que están aislados entre sí. Cada distrito se ve obligado a enviar anualmente un chico y una chica entre los doce y los dieciocho años para que participen en los Hunger Games, unos juegos que son transmitidos en directo por la televisión. Se trata de una lucha a muerte, en la que sólo puede haber un superviviente. Katniss Everdeen, una joven de dieciséis años, decide sustituir a su hermana en los juegos; pero para ella, que ya ha visto la muerte de cerca, la lucha por la supervivencia es su segunda naturaleza.",2012-03-12,Sci-Fi,7.224
Next,"Cris Johnson es un mago de Las Vegas bendecido con un don que también es una maldición: cuenta con la sobrenatural capacidad de saber qué va a ocurrir a continuación. Johnson puede ver el futuro unos cuantos minutos más allá del momento presente, un talento extrasensorial que, sin duda, le viene muy bien para su trabajo como mago y mentalista en un sórdido club de Las Vegas donde actúa cada noche. Por otra parte, la agente antiterrorista Callie Ferris, quiere sacar partido al talento de Johnson con objeto de impedir el ataque que unos terroristas planean ejecutar contra Los Angeles mediante un arma de destrucción masiva. La cuenta atrás de la bomba prosigue y Johnson sería un elemento clave a la hora de impedir un holocausto nuclear. Si no recurre a sus poderes para canalizar su visión a través de los portales temporales correctos para así poder modificar el presente, su futuro – y el de cientos de miles de personas – podría ser una cosa del pasado.",2007-04-25,Sci-Fi,6.131
Palm Springs,"Cuando el desenfadado Nyles y su reticente dama de honor Sarah tienen la oportunidad de encontrarse en una boda de Palm Springs, las cosas se complican al verse incapaces de escapar del lugar y el uno del otro",2020-07-10,Sci-Fi,7.339
El planeta de los simios,"Año 2029. En una misión rutinaria, el astronauta Leo Davidson pierde el control de su nave y aterriza en un extraño planeta, habitado por una raza de simios de inteligencia similar a la de los humanos y que tratan a éstos como a animales. Con la ayuda de una chimpancé llamada Ari y de una pequeña banda de humanos rebeldes, Leo encabeza el enfrentamineto contra el terrible ejército dirigido por el general Thade y su hombre de confianza, el guerrero Attar. La clave es llegar a un templo sagrado que se encuentra en la zona prohibida del planeta.",2001-07-26,Sci-Fi,5.77
Perseguido,"En el año 2017, el mundo se ha colapsado por culpa de una grave crisis económica. La primera potencia del planeta, los Estados Unidos de América, se hallan inmersos en el caos y el desconcierto. Para salir del atolladero, el gobierno inventa un videojuego que se emite por televisión y que logra altas cotas de audiencia. Consiste en soltar a varios convictos para que corran hacia la libertad mientras son perseguidos por auténticas máquinas de matar. Entre los participantes se encuentra Ben Richards (Arnold Schwarzenneger), dispuesto a aprovechar la oportunidad que le han ofrecido.",1987-11-13,Sci-Fi,6.543
La cosa (The Thing),"En una remota zona de la Antártida, un descubrimiento de gran relevancia científica se convierte en un problema de supervivencia. La paleontóloga Kate Lloyd (Mary Elizabeth Winstead) llega a esa inhóspita región para colaborar con un equipo científico noruego que ha encontrado una nave extraterrestre enterrada en el hielo, en cuyo interior hay un ser alienígena congelado pero cuyas células están vivas... Precuela de ""La Cosa"", película dirigida por John Carpenter y protagonizada por Kurt Russell, que se basaba en un clásico de serie B de los años 50.",2011-10-12,Sci-Fi,6.235
Life (Vida),"Seis miembros de la tripulación de la Estación Espacial Internacional que están a punto de lograr uno de los descubrimientos más importantes en la historia humana: la primera evidencia de vida extraterrestre en Marte. A medida que el equipo comienza a investigar y sus métodos tienen consecuencias inesperadas, la forma viviente demostrará ser más inteligente de lo que cualquiera esperaba.",2017-03-22,Sci-Fi,6.454
Soy el número cuatro,"Aunque tenga la apariencia de un adolescente normal y corriente, John Smith (Alex Pettyfer) es en realidad un extraterrestre que vive entre los humanos. Su principal obsesión es ocultarse de unos enemigos que quieren matarle igual que ya han hecho con otros tres alienígenas; de ahí que John sea consciente de que él es el número cuatro y busque la protección que le brinda Henri, su guardián (Timothy Olyphant). Tras pasar por varias ciudades en una huida que no parece tener fin, John llega hasta una pequeña localidad de Ohio. Allí no sólo tendrá que hacer frente a sus enemigos, sino también a su primer amor (Dianna Agron). Además, el chico experimentará la capacidad sobrenatural para ejercer nuevos poderes y tomará contacto con los otros tres seres que no pudieron escapar a su fatídico destino.",2011-02-18,Sci-Fi,6.188
Sunshine,"En el 2057, ante la inminente extinción de la humanidad a causa del envejecimiento del Sol, una nave espacial debe reactivar el astro con un dispositivo nuclear. Pero durante el viaje, la tripulación recibe una señal de socorro de la nave espacial Ícaro I, desaparecida años atrás tras intentar realizar la misma misión.",2007-04-05,Sci-Fi,6.969
Vanilla Sky,"Re-boot. David Aames lo tiene todo: es apuesto, tiene dinero y una hermosa mujer a su lado. Pero justo cuando ha encontrado el verdadero amor en Sofía, sufre un accidente de automóvil que le deja la cara horriblemente desfigurada y lo pierde todo.",2001-12-14,Sci-Fi,6.821
Dragon Ball Z: La batalla de Freezer contra el padre de Goku,"Especial para televisión que se ubica en el arco argumental de Dragon Ball Z. Se cuenta la historia del padre de Goku, Bardock, y su intento por salvar su planeta aunque le cueste la vida...",1990-10-17,Sci-Fi,7.589
Sssssss: Silbido de muerte,"David, un estudiante, busca trabajo. Es contratado por el Dr. Stoner como asistente de laboratorio para sus experimentos e investigaciones. David, además, empieza a enamorarse de la hija del doctor. Lo que no sabe el joven es que el científico ha descubierto un brebaje que puede transformar a cualquier hombre en una serpiente y planea usarlo en su ayudante.",1973-07-06,Sci-Fi,5.153
Los horrores de Caddo Lake,"Cuando una niña de ocho años desaparece misteriosamente en Caddo Lake, una serie de muertes y desapariciones del pasado empiezan a mezclarse, alterando para siempre la historia de una familia rota.",2024-11-28,Sci-Fi,7.22
El atlas de las nubes,"El atlas de las nubes es una novela que da la vuelta al mundo y recorre desde el siglo XIX hasta un futuro apocalíptico, a través de seis historias entrelazadas. El relato se abre en 1850 con el regreso del notario estadounidense Adam Ewing desde las islas Chatham a su California natal. Durante el viaje, Ewing traba amistad con un médico, el doctor Goose, que comienza a tratarle de una extraña enfermedad causada por un parásito cerebral... Repentinamente, la acción se traslada a 1931 en Bélgica, donde Robert Frobisher, un compositor bisexual que ha sido desheredado, se introduce en el hogar de un artista enfermizo, su seductora esposa y su núbil hija... De ahí saltamos a la Costa Oeste en la década de los setenta, cuando Luisa Rey destapa una red de avaricia y crimen que pone en peligro su vida... Y, del mismo modo, con idéntica maestría, viajamos a la ignominiosa Inglaterra de nuestros días.",2012-10-26,Sci-Fi,6.894
Zona 3,"En un París futuro dividido por clases, una IA llamada Alma supervisa la sociedad. Cuando el creador de Alma muere, la policía Salia se une a Zem para desentrañar un misterio que cuestiona su mundo segregado.",2025-10-15,Sci-Fi,6.113
The Cloverfield Paradox,"Con la Tierra en guerra y en mitad de una crisis energética, un equipo de astronautas se encuentra en el espacio tratando de dar con una solución a los problemas del planeta. Pero durante una maniobra fallida, quedan flotando sin saber muy bien qué o cómo volver a su lugar de origen, y las cosas dentro de la nave ocultan una realidad mucho más terrorífica.",2018-02-04,Sci-Fi,5.631
Transcendence,"El Dr. Will Caster (Johnny Depp), prestigioso investigador en el campo de la Inteligencia Artificial, trabaja en la creación de una máquina sensitiva que combine la inteligencia colectiva con las emociones humanas. Sus controvertidos experimentos le han hecho famoso, pero también lo han convertido en el principal objetivo de extremistas anti-tecnológicos. Su mujer Evelyn (Rebecca Hall) y Max, su mejor amigo (Paul Bettany) son sus colaboradores, pero ellos se plantean la cuestión moral de si deben fabricar esa máquina. Cuando Will sufre un atentado, Evelyn y él deciden tomar una decisión radical de imprevisibles consecuencias.",2014-04-16,Sci-Fi,6.075
Siete hermanas,"En un futuro distópico en el que la sobrepoblación y la hambruna han obligado al gobierno a implantar una política de un único hijo, siete hermanas, cada una con el nombre de un día de la semana, luchan por sobrevivir y pasar inadvertidas haciéndose pasar por una sola persona cuando salen a la calle: Karen Settman. Pero un día una de ella, Lunes, desaparece sin dejar rastro. Las otras hermanas intentarán encontrarla.",2017-08-18,Sci-Fi,7.146
De amor y monstruos,"Un mundo postapocalíptico. Joel Dawson es un joven que deberá luchar contra monstruos con tal de reunirse con Aimee, su amor del instituto. En el camino, tendrá que desafiar peligrosos animales mutantes, encontrará amistades inesperadas y también algunos enemigos.",2020-10-16,Sci-Fi,7.272
Palm Springs,"Cuando el desenfadado Nyles y su reticente dama de honor Sarah tienen la oportunidad de encontrarse en una boda de Palm Springs, las cosas se complican al verse incapaces de escapar del lugar y el uno del otro",2020-07-10,Sci-Fi,7.339
Cuatro Fantásticos,"Cuatro jóvenes inadaptados se teletransportan a un peligroso universo alternativo, lo que les confiere extraños poderes. Cuando sus vidas cambian de forma drástica e irremediable, deben aprender a controlar sus nuevas habilidades y trabajar en equipo para salvar al mundo de un viejo conocido que ahora se ha convertido en un temible enemigo. Adaptación contemporánea del equipo de superhéroes de Marvel.",2015-08-05,Sci-Fi,4.437
Time Trap,Un grupo de estudiantes queda atrapado dentro de una cueva misteriosa donde descubren que el tiempo pasa de forma diferente bajo tierra que en la superficie.,2017-05-19,Sci-Fi,6.318
El incidente,"En unos minutos, en las principales ciudades de Estados Unidos, se producen unas extrañas y escalofriantes muertes que escapan a toda explicación. Elliot Moore, un profesor de ciencias de Filadelfia, intentando eludir este misterioso y letal fenómeno, se dirige a Pensilvania con su mujer, su amigo Julian y la hija de éste; sin embargo, pronto queda de manifiesto que ningún lugar es seguro. Pero, de repente, Elliot empieza a vislumbrar la verdadera naturaleza de lo que está ocurriendo...",2008-06-11,Sci-Fi,5.403
"Dragon Ball Z: ¡Arde! Una ardiente, intensa y super feroz batalla","Un saiyan veterano, Paragus, decide ir a buscar a Vegeta a la Tierra. Su objetivo es restablecer el imperio de los saiyans. Goku, Vegeta, Trunks del futuro alternativo, Gohan, Krilin, Oolong y Kame-Sen’nin son llevados a un nuevo planeta el cual será el próximo mundo de los saiyans. Sin embargo, su objetivo real es que Broly, su hijo, que es el super saiyan legendario, extermine a los saiyans que quedan, por venganza ya que el Rey Vegeta al enterarse del poder de Broly cuando nació, ordenó su ejecución junto a su padre, sin embargo estos dos últimos sobrevivieron cuando Freezer destruyó el planeta Vegeta. Para matarlos, un cometa enorme chocará contra el planeta, acontecimiento inevitable y él piensa escapar.",1993-03-06,Sci-Fi,7.255
La quinta ola,"Tras una planificada invasión extraterrestre de la Tierra en 4 oleadas que ha acabado casi con toda la humanidad, la joven Cassie Sullivan intenta encontrar a su hermano pequeño mientras trata de sobrevivir junto a otros supervivientes.",2016-01-14,Sci-Fi,5.937
Spy Kids 2: La isla de los sueños perdidos,"Nueva aventura de los hijos del matrimonio de espías internacionales Cortez. En esta entrega, toda la familia se encontrará en una misteriosa isla donde no funcionan sus aparatos de espionaje, y habitada por unos extraños seres a los que jamás habían visto antes.",2002-08-07,Sci-Fi,5.655
Animatrix,"Directamente de los creadores de la revolucionaria trilogía de Matrix, esta colección de cortos de animación de los principales directores de anime del mundo, fusionan gráficos por ordenador y el anime japonés para ilustrar los antecedentes del universo de Matrix y el conflicto entre el hombre y las máquinas. Los cortos son: El último vuelo de Osiris, El Segundo Renacimiento, Historia de Niños, Programa, Récord mundial, Más allá, Una historia de detectives y Matriculado.",2003-05-09,Sci-Fi,7.218
Los horrores de Caddo Lake,"Cuando una niña de ocho años desaparece misteriosamente en Caddo Lake, una serie de muertes y desapariciones del pasado empiezan a mezclarse, alterando para siempre la historia de una familia rota.",2024-11-28,Sci-Fi,7.22
El núcleo,"Los científicos descubren que el núcleo del planeta Tierra ha detenido su movimiento giratorio, lo que causará catástrofes a nivel mundial, eliminando la vida tal y como la conocemos. Un grupo de científicos son reclutados para una peligrosa misión al centro de la tierra que pueda prevenir el fin de la vida.",2003-03-28,Sci-Fi,5.828
Okja,"Narra la historia de Mija, una joven coreana de viaje en Estados Unidos que debe arriesgarlo todo para detener a una poderosa multinacional que pretende secuestrar a su mejor amigo: un animal gigantesco llamado ‘Okja’",2017-06-28,Sci-Fi,7.333
Attraction 2: El fin de los tiempos,"Después de la caída de la nave alienígena, esto tomó tres años. La catástrofe cambió la vida de la niña de Chertanovo y cambió para siempre nuestra visión del universo. Parece que esta fue la prueba más grande para todos nosotros. Pero la humanidad aún no sabe que muy pronto tendrá que experimentar una nueva reunión.",2020-02-27,Sci-Fi,6.863
Vanilla Sky,"Re-boot. David Aames lo tiene todo: es apuesto, tiene dinero y una hermosa mujer a su lado. Pero justo cuando ha encontrado el verdadero amor en Sofía, sufre un accidente de automóvil que le deja la cara horriblemente desfigurada y lo pierde todo.",2001-12-14,Sci-Fi,6.821
Serenity,"Siglo XXVI. Tras ganar la guerra Civil Galáctica, las dos grandes potencias mundiales, EE.UU. y China, se unen para formar un gobierno totalitario llamado Alianza Universal. El Capitán Malcolm Reynolds es un curtido veterano de la guerra que se gana la vida alquilando su nave, la Serenity y buscando trabajos al margen de la ley. Su única familia es una pequeña y leal tripulación de disidentes y rebeldes. Cuando Malcom embarca a dos nuevos pasajeros, un médico y su inestable hermana, que está dotada de poderes telepáticos, enseguida descubre que ambos son fugitivos de la Alianza y que ésta no se detendrá hasta dar con la chica. Y, en efecto, la tripulación de la Serenity se verá atrapada entre el poderoso ejército de la Alianza y los Ravers, salvajes bárbaros que vagan por los confines del espacio. Así las cosas, empiezan a darse cuenta de que quizá el mayor peligro se encuentra a bordo de la Serenity.",2005-09-25,Sci-Fi,7.362
Doraemon y los siete magos,"En esta ocasión, con la ayuda de la cabina ""Qué Pasaría"" nuestros amigos viajan a una dimensión mágica en la que todo el mundo sin excepción vuela sobre alfombras y escobas. Nobita está empeñado en demostrar que la magia existe y que en ocasiones es más poderosa que la ciencia. Todo parece normal, pero sobre ellos planea la amenaza de los demonios, que han tramado un plan para invadir el planeta.  Tifones, terremotos y otros desastres naturales parecen los síntomas de que se acerca el fin, pero todo forma parte de un maléfico plan. Cuando Doraemon y compañía descubren unos antiguos manuscritos y el peligro real que supone la llegada de los demonios, empieza una auténtica aventura plagada de misterios, peligros y emoción.",2007-03-10,Sci-Fi,7.231
Guardianes de la Galaxia: especial felices fiestas,"Con la misión de hacer que Quill tenga una Navidad inolvidable, los Guardianes se dirigen a la Tierra en busca del regalo perfecto.",2022-11-24,Sci-Fi,7.095
Time Trap,Un grupo de estudiantes queda atrapado dentro de una cueva misteriosa donde descubren que el tiempo pasa de forma diferente bajo tierra que en la superficie.,2017-05-19,Sci-Fi,6.318
No te preocupes querida,"Alice y Jack tienen la suerte de vivir en Victoria, la ciudad experimental de la compañía que alberga a los hombres que trabajan para el Proyecto Victoria, de alto secreto, y a sus familias. La vida es perfecta, con todas las necesidades de los residentes cubiertas por la empresa. Todo lo que piden a cambio es un compromiso incondicional con la causa de Victoria. Pero cuando empiezan a aparecer grietas en su idílica vida, exponiendo destellos de algo mucho más siniestro que se esconde bajo la atractiva fachada, Alice no puede evitar cuestionarse qué están haciendo en Victoria y por qué. ¿Cuánto está dispuesta a perder Alice para sacar a la luz lo que realmente ocurre en el paraíso?",2022-09-21,Sci-Fi,6.766
Pequeños guerreros,"El Comando Elite está formado por una patrulla de muñecos militares muy arrogantes y agresivos que han cobrado vida y escapado de sus cajas para acabar con los gorgonitas, unos muñecos de aspecto extraño pero absolutamente pacíficos que sólo sueñan con encontrar la isla de Gorgon. El adolescente Alan Abernathy se verá envuelto en esta contienda y tomará posiciones a favor de los Gorgonitas, lo que le llevará a él y a toda su familia a convertirse en el nuevo objetivo del Comando Elite, capaces de crear el caos en toda la ciudad.",1998-07-10,Sci-Fi,6.556
Sangrientos dieciséis,"Después de que su madre es asesinada en Halloween, una adolescente rebelde viaja en el tiempo a 1987, donde debe detener al joven aspirante a asesino y volver a la línea de tiempo que le corresponde antes de quedar atrapada en el pasado para siempre.",2023-09-28,Sci-Fi,6.788
Los Juegos del Hambre: Amanecer en la cosecha,"Explora Panem 24 años antes de la saga de Katniss, comenzando en la mañana de la siega de los 50º Juegos del Hambre, donde participa un joven Haymitch Abernathy.",2026-11-18,Sci-Fi,0.0
Cuatro Fantásticos,"Cuatro jóvenes inadaptados se teletransportan a un peligroso universo alternativo, lo que les confiere extraños poderes. Cuando sus vidas cambian de forma drástica e irremediable, deben aprender a controlar sus nuevas habilidades y trabajar en equipo para salvar al mundo de un viejo conocido que ahora se ha convertido en un temible enemigo. Adaptación contemporánea del equipo de superhéroes de Marvel.",2015-08-05,Sci-Fi,4.437
The Cloverfield Paradox,"Con la Tierra en guerra y en mitad de una crisis energética, un equipo de astronautas se encuentra en el espacio tratando de dar con una solución a los problemas del planeta. Pero durante una maniobra fallida, quedan flotando sin saber muy bien qué o cómo volver a su lugar de origen, y las cosas dentro de la nave ocultan una realidad mucho más terrorífica.",2018-02-04,Sci-Fi,5.631
Ataque a los Titanes,"La humanidad está bajo el terror de los titanes, una bestia en la que hace festín de carne humana. Eren Yeager, un joven decidido a hacer el cambio cuando él mismo podría transformar en uno de ellos. Él es la última esperanza de la humanidad",2015-08-01,Sci-Fi,6.118
1997: Rescate en Nueva York,"Es el año 1997. Debido al crecimiento  de la criminalidad, Estados Unidos ha convertido la gran ciudad de Nueva York en una prisión de máxima seguridad, donde los presos están encerrados de por vida. Un nuevo prisionero y anterior héroe de guerra, Serpiente Plissken, es elegido a cambio le devolverle su libertad, para rescatar al Presidente de los Estados Unidos de la isla de Manhattan, después de que un terrorista hiciera caer el avión del Presidente allí.",1981-05-23,Sci-Fi,7.05
Una vida a lo grande,"Paul es un hombre que se da cuenta de que tendría una vida mucho mejor si encogiese, pues todo lo que necesita en la vida lo tendría igualmente pero en abundancia. Así que decide reducir enormemente su tamaño, ahora que la tecnología lo permite.",2017-12-22,Sci-Fi,5.406
Spy Kids 2: La isla de los sueños perdidos,"Nueva aventura de los hijos del matrimonio de espías internacionales Cortez. En esta entrega, toda la familia se encontrará en una misteriosa isla donde no funcionan sus aparatos de espionaje, y habitada por unos extraños seres a los que jamás habían visto antes.",2002-08-07,Sci-Fi,5.655
El atlas de las nubes,"El atlas de las nubes es una novela que da la vuelta al mundo y recorre desde el siglo XIX hasta un futuro apocalíptico, a través de seis historias entrelazadas. El relato se abre en 1850 con el regreso del notario estadounidense Adam Ewing desde las islas Chatham a su California natal. Durante el viaje, Ewing traba amistad con un médico, el doctor Goose, que comienza a tratarle de una extraña enfermedad causada por un parásito cerebral... Repentinamente, la acción se traslada a 1931 en Bélgica, donde Robert Frobisher, un compositor bisexual que ha sido desheredado, se introduce en el hogar de un artista enfermizo, su seductora esposa y su núbil hija... De ahí saltamos a la Costa Oeste en la década de los setenta, cuando Luisa Rey destapa una red de avaricia y crimen que pone en peligro su vida... Y, del mismo modo, con idéntica maestría, viajamos a la ignominiosa Inglaterra de nuestros días.",2012-10-26,Sci-Fi,6.894
Obsesión,El anhelo romántico desesperado de un chico por su amor platónico de toda la vida desencadena un siniestro hechizo: Niki se vuelve irracionalmente obsesiva hasta convertirse en la sombra de Bear. Una fantasía aparentemente inofensiva que se convertirá en una perturbadora pesadilla.,2026-05-13,Terror,7.9
La Boda Maldita,Un hombre hereda un palacio y decide celebrar allí la boda de su hermana... pero el pasado oscuro del lugar amenaza con arruinar la fiesta.,2026-04-16,Terror,5.4
En mar abierto,Un avión comercial en ruta de Los Ángeles a Shanghai se ve obligado a realizar un aterrizaje de emergencia en aguas infestadas de tiburones.,2026-04-30,Terror,6.2
La momia de Lee Cronin,"La joven hija de un periodista desaparece en el desierto sin dejar rastro—ocho años más tarde, la familia rota se conmociona cuando ella es devuelta a ellos, y lo que debiera haber sido una reunión jubilosa se convierte en una auténtica pesadilla.",2026-04-15,Terror,8.02
Backrooms,Una puerta extraña aparece en el sótano de una sala de exposición de muebles.,2026-05-27,Terror,6.879
Chum,,2026-05-27,Terror,4.833
Haunted 3D: Echoes of the Past,,2026-06-12,Terror,10.0
Hokum,Un escritor especializado en historias de terror decide viajar a una posada de Irlanda con la intención de esparcir en la zona las cenizas de sus difuntos padres. Lo que no sabe es que la posada es un lugar maldito habitado por una bruja. O eso cuentan los lugareños que viven cerca del lugar...,2026-04-29,Terror,6.884
Witte Wieven,"En un pequeño pueblo holandés lleno de fanáticos religiosos y supersticiones durante la Edad Media, Frieda está tratando de concebir un hijo con su esposo. Cuando no puede quedarse embarazada, los habitantes del pueblo sospechan que ha hecho un pacto con el diablo que reside en el bosque. Después de sobrevivir a un intento de violación en ese mismo bosque gracias a la ayuda de una entidad maligna, Frieda regresa al pueblo con una fe renovada.",2024-01-25,Terror,6.2
The Summoning of Baby Blue,"Un desafío en el patio de la escuela se convierte en leyenda urbana. Cuando los adolescentes invocan «Baby Blue», algo responde. El juego se extiende, dejando a su paso dolor y susurros. Detenerlo significa enfrentarse a la primera invocación y al coste de decir un nombre.",2025-10-15,Terror,4.7
Hot Line,"Buenos Aires, fines de los 80. Malena lleva una doble vida: de noche, es bailarina en un cabaret; de día, contesta llamadas para una línea erótica telefónica. La ciudad está amenazada por una serie de brutales asesinatos reportados en la radio y la televisión. Una llamada rompe la rutina de Malena. No es un cliente buscando fantasía, sino una voz escalofriante al otro lado de la línea. Un hombre se revela con calma como el notorio asesino de la ciudad. Relata detalles específicos y horribles de sus crímenes pasados y le susurra una aterradora certeza: Malena es la siguiente.",2025-10-28,Terror,0.0
Scary Movie,"Veintiséis años después de conseguir escapar de un asesino enmascarado sospechosamente familiar, el Core Four están de vuelta en el punto de mira del asesino y ninguna película de terror está a salvo.",2026-06-03,Terror,5.521
True Fear,"En busca del próximo gran episodio, viajan a un pueblo olvidado en donde más de 70 mujeres fueron ejecutadas por brujería hace siglos. Lo que comienza como contenido perfecto para su audiencia, se convierte en una verdadera pesadilla al despertar una fuerza siniestra que nunca dejó el bosque. atrapadas, sin salida… y con la cámara aun grabando, descubrirán que hay transmisiones que nunca debieron ser compartidas.",2024-09-06,Terror,6.6
Scream 7,"Cuando un nuevo asesino Ghostface aparece en el tranquilo pueblo donde Sidney Prescott ha construido una nueva vida, sus peores miedos se hacen realidad cuando su hija se convierte en el siguiente objetivo. Decidida a proteger a su familia, Sidney debe enfrentarse a los horrores de su pasado para poner fin a la masacre de una vez por todas.",2026-02-25,Terror,6.2
Insaciable,"Hana, una estudiante de medicina con una fuerte dismorfia corporal, se somete a una moda de adelgazamiento tan absurda como macabra: comer cenizas humanas. A partir de ese momento, comienza a ser acosada por un fantasma hambriento, una manifestación literal del mito del 'hungry ghost'.",2026-05-22,Terror,6.018
镜花风月三之螺女挑情,,1982-01-01,Terror,6.2
La sonrisa del mal,"Remis es un pequeño pueblo enclavado en un valle aislado en las montañas. Sus habitantes son excepcionalmente felices. Parece el destino perfecto para el nuevo profesor de educación física Sergio Rossetti, atormentado por un pasado misterioso. Al poco tiempo de llegar, el profesor descubre que tras esta aparente serenidad se esconde un ritual inquietante: una noche a la semana, los aldeanos se reúnen para abrazar a Matteo Corbin, un adolescente capaz de absorber el dolor ajeno. El intento de Sergio por salvar al joven despertará el lado oscuro de la comunidad.",2025-09-17,Terror,6.957
SEND HELP (Enviad ayuda),"Después de que un accidente de avión deje varados en una isla remota a una competente empleada y a su insoportable jefe, ella deberá utilizar sus habilidades de supervivencia para mantenerlos a ambos con vida, a pesar de su difícil relación.",2026-01-22,Terror,7.051
Drácula,"Tras una devastadora pérdida, el príncipe Vlad II, conde Drácula (Caleb Landy Jones), renuncia a Dios y es maldecido a la vida eterna, condenado a vagar solitario a lo largo de los siglos. Este es el relato sobre la historia de amor jamás contada del infame vampiro, que desafiará al destino y la mortalidad en busca de su amor perdido.",2025-07-30,Terror,7.162
Midnight Matinee,"A pesar de que un devastador asesinato tuvo lugar durante el festival de cine de terror de un pequeño pueblo dos años antes, la gente del pueblo quiere otro festival.",1988-10-12,Terror,5.4
Te van a matar,"Una mujer acepta un trabajo como ama de llaves en un rascacielos de Nueva York, sin conocer el historial de desapariciones del edificio. Pronto se da cuenta de que la comunidad está rodeada de misterio.",2026-03-25,Terror,7.014
Southern Scares,,2026-01-10,Terror,4.0
Anaconda,"Doug y Griff son muy buenos amigos desde que eran niños y siempre han soñado con hacer un remake de su película favorita de todos los tiempos: el «clásico cinematográfico» Anaconda. Cuando una crisis de mediana edad les anima a lanzarse por fin a la aventura, se adentran en la selva amazónica para empezar a rodar. Pero las cosas se ponen serias cuando aparece una anaconda gigante de verdad, convirtiendo su caótico y cómico plató de rodaje en una situación mortal.",2025-12-24,Terror,5.9
This Is Not a Test,,2026-02-20,Terror,5.5
Colony,"El profesor Se-jeong es arrojado a una pesadilla cuando un  virus en rápida mutación se libera durante una conferencia de  biotecnología, lo que lleva a las autoridades a sellar las  instalaciones. Atrapado dentro sin escapatoria, Se-jeong, junto a un  pequeño grupo de supervivientes, debe luchar por mantenerse con vida  mientras los infectados sufren transformaciones horribles.",2026-05-21,Terror,6.909
undertone,"Una presentadora de pódcast de terror se muda con su madre terminal. Cintas misteriosas sobre vivencias paranormales de una pareja embarazada reflejan su situación, enloqueciendo.",2026-03-12,Terror,6.142
Noche de bodas 2,"Momentos después de sobrevivir a un ataque de la familia Le Domas, Grace descubre que ha alcanzado el siguiente nivel del juego, y esta vez acompañada por su hermana Faith, con quien mantiene una relación distante. Grace tiene una oportunidad para sobrevivir, mantener con vida a su hermana y reclamar el Alto Trono del Consejo que controla el mundo. Cuatro familias rivales la persiguen para hacerse con el trono, y quien gane lo gobernará todo.",2026-03-19,Terror,7.694
Kraken,"Johanne es una bióloga marina que está investigando en una piscifactoría de Vangsnes, una comunidad rural situada junto al fiordo, cuando se topa con varios sucesos extraños. Junto con las brutales muertes de dos adolescentes de la localidad, todos los indicios apuntan al profundo fiordo. ¿Puede haber más en las profundidades de lo que el ojo puede ver? En el fondo del fiordo más profundo de Noruega descansa un monstruo mítico tan grande como una montaña, con una miríada de brazos dispuestos a aplastar y devorar todo lo que puedan agarrar.",2026-02-06,Terror,6.393
Expediente Warren: El último rito,Los investigadores de lo paranormal Ed y Lorraine Warren se enfrentan a un último caso aterrador en el que están implicadas entidades misteriosas a las que deben enfrentarse.,2025-09-03,Terror,6.934
Los pecadores,"Tratando de dejar atrás sus problemáticas vidas, dos hermanos gemelos regresan a su pueblo natal para empezar de nuevo, solo para descubrir que un mal aún mayor les espera para darles la bienvenida.",2025-04-16,Terror,7.497
28 años después: El templo de los huesos,"El Dr. Kelson (Ralph Fiennes) se ve envuelto en una nueva y sorprendente relación, cuyas consecuencias podrían cambiar el mundo tal y como se conoce. Por otra parte, el encuentro de Spike (Alfie Williams) con el Gran Lord Jimmy Crystal (Jack O'Connell) se convierte en una pesadilla de la que el chico no puede escapar. En este mundo, los infectados ya no son la mayor amenaza para la supervivencia, ya que la inhumanidad de los supervivientes puede ser aún más extraña y aterradora.",2026-01-14,Terror,7.131
We Can't Leave,,2025-09-19,Terror,0.0
DOOR,,1988-05-14,Terror,6.093
The Mortuary Assistant,"Rebecca Owens, una licenciada en ciencias mortuorias, acepta un trabajo nocturno en la funeraria River Fields. Lo que comienza como un trabajo rutinario pronto se vuelve siniestro al enfrentarse a terroríficas fuerzas sobrenaturales.",2026-02-13,Terror,5.5
La sustancia,"'Tú, pero mejor en todos los sentidos'. Esa es la promesa de la sustancia, un producto revolucionario basado en la división celular, que crea un alter ego más joven, más bello, más perfecto.",2024-09-07,Terror,7.1
Iron Lung,"En un futuro devastado por ""El Rapto Silencioso"", un prisionero navega un océano de sangre en una luna desolada usando un submarino llamado ""Iron Lung"" mientras busca estrellas y planetas perdidos.",2026-01-30,Terror,6.973
Nadie va a escuchar tu grito,"Mientras un país entero está atento al Mundial de Italia ’90, alguien aprovecha los partidos de Argentina para cometer brutales asesinatos. Micaela, una joven que trabaja en una disquería armando compilados en casete, descubre que el asesino está vinculado a su trabajo a través de una mezcla que ella misma creó y vendió. Cada partido trae una nueva víctima, y mientras intenta descubrir su identidad, Micaela ignora un detalle crucial: ¿Cuántos partidos quedan antes de que sea su turno?",2025-09-05,Terror,5.375
La herencia del mal,"Año 1859. Cuando una joven maorí es convocada desde Nueva Zelanda hasta North Yorkshire, descubre su terrible herencia colonial y se ve empujada a enfrentarse al aristócrata inglés que destrozó a su familia, decidida a acabar con él. Una historia de venganza marcada por las heridas del pasado colonial.",2026-04-17,Terror,6.417
Worldbreaker,"2030. Una biotoxina ha destrozado la civilización, transformando a los humanos en bestias letales conocidas como ""devoradores"". Para asegurar su seguridad, un hombre (Luke Evans) busca refugio en una isla desierta con su hija. Pero la llegada de un náufrago desencadena un enfrentamiento mortal. Padre e hija deben unir fuerzas para sobrevivir en un mundo donde ningún lugar es seguro.",2025-10-30,Terror,6.067
El ciempiés humano,"Dos chicas norteamericanas que viajan a través de Europa tienen una avería en el coche en mitad de un bosque, en Alemania. Buscando ayuda llegan a una casa aislada y, al día siguiente, despiertan atrapadas en un tétrico sótano junto a un hombre japonés. Poco después descubren que están en manos de un siniestro médico alemán que anteriormente era un cirujano especializado en separar a gemelos siameses. Sin embargo, para ellos tiene otro escatológico plan, en los límites de lo imaginable...",2009-10-31,Terror,5.187
Tiburón,"En la costa de un pequeño pueblo del Este de Estados Unidos, un enorme tiburón ataca a varias personas. Temiendo las fatales consecuencias que esto puede provocar en el negocio turístico, el alcalde se niega a cerrar las playas y a difundir la noticia. Pero un nuevo ataque del tiburón, en la propia playa, termina con la vida de otro bañista. El terror se ha hecho público, así que un veterano cazador de tiburones, un científico y el jefe de la policía local se unen para dar caza al temible escualo...",1975-06-20,Terror,7.682
Worldbreaker,"2030. Una biotoxina ha destrozado la civilización, transformando a los humanos en bestias letales conocidas como ""devoradores"". Para asegurar su seguridad, un hombre (Luke Evans) busca refugio en una isla desierta con su hija. Pero la llegada de un náufrago desencadena un enfrentamiento mortal. Padre e hija deben unir fuerzas para sobrevivir en un mundo donde ningún lugar es seguro.",2025-10-30,Terror,6.067
Scream,"Sidney Prescott, una adolescente de la pequeña comunidad de Woodsboro, se convierte en el objetivo de un misterioso asesino en serie. Una reportera de un canal de noticias, Gale Weathers, que cubrió el asesinato un año atrás de la madre de Sidney, cubre ahora estos asesinatos, además ha escrito un libro en el que defiende al supuesto asesino de Maureen, Cotton Weary, que va a ir a la cámara de gas, alegando que cayó en una trampa, lo que hace reavivar la polémica. Los crímenes dejan de ser aislados y continúan los asesinatos. Ahora Sidney, su novio y sus amigos están en peligro, ya que el asesino quiere revivir lo sucedido un año atrás con Maureen Prescott, pero esta vez con su hija.",1996-12-20,Terror,7.431
Train to Busan,"Un virus letal se expande por Corea del Sur, provocando violentos altercados. Los pasajeros de un tren KTX que viaja de Seúl a Busan tendrán que luchar por su supervivencia.",2016-07-20,Terror,7.75
Embestida,"Cuando un catastrófico huracán azota un pueblo costero, el nivel del mar sube rápidamente y sus habitantes deben sobrevivir a un montón de hambrientos tiburones.",2026-04-10,Terror,6.055
Lindas y letales,Un grupo de bailarinas lucha por sobrevivir mientras intentan escapar de una remota posada después de que su autobús se averíe de camino a una competición.,2026-03-13,Terror,6.764
Exit 8,"Película basada en el videojuego de KOTAKE CREATE ""The Exit 8"", cuya premisa es que una persona anónima se encuentra en una estación de metro atrapada en un bucle en donde debe avanzar sólo cuando una anomalía no aparezca en su campo de visión... o volverá al inicio sin ser capaz de huir de ese lugar.",2025-08-28,Terror,6.829
Expediente Warren: The Conjuring,"Basada en una historia real documentada por los reputados demonólogos Ed y Lorraine Warren. Narra los encuentros sobrenaturales que vivió la familia Perron en su casa de Rhode Island a principios de los 70. El matrimonio Warren, investigadores de renombre en el mundo de los fenómenos paranormales, acudieron a la llamada de esta familia aterrorizada por la presencia en su granja de un ser maligno.",2013-07-18,Terror,7.54
Five Nights at Freddy's 2,"Un año después de la pesadilla sobrenatural en Freddy Fazbear's Pizza, las historias sobre lo ocurrido allí se han convertido en una leyenda local extravagante, inspirando el primer Fazfest del pueblo. Con la verdad oculta, Abby se escapa para reencontrarse con Freddy, Bonnie, Chica y Foxy, desencadenando una serie de eventos aterradores que revelarán oscuros secretos sobre el verdadero origen de Freddy's y desatarán un horror oculto durante décadas.",2025-12-03,Terror,6.638
Las malditas (Dollhouse),"Yoshie quedó destrozada tras la muerte accidental de su hija de cinco años. Para superar el dolor, compra una muñeca a la que peina y viste como a la niña, y el matrimonio la convierte en parte de la familia. Tras el nacimiento de otro bebé, la pareja recupera la ilusión y Yoshie olvida su obsesión por la muñeca, pero una serie de extraños sucesos parecen indicar que el juguete no está conforme con la llegada de una nueva criatura.",2025-06-13,Terror,7.607
A Serbian Film,"Milo, una estrella del porno ya retirada que vive con su mujer y su hijo, está pasando por apuros económicos. Una cita con una antigua compañera de rodaje, la pornostar Layla, le presenta la oportunidad de trabajar con un tipo llamado Vukmir en su nueva película de porno experimental. Milos acaba aceptando sin saber exactamente lo que va a rodar y acaba sumergido en una tormenta de depravación violencia, snuff, pedofilia, y drogas que lo dejan en un abismo de locura.",2010-01-06,Terror,5.445
Destino final: Lazos de sangre,"Acosada por una violenta pesadilla recurrente, la estudiante universitaria Stefanie se dirige a casa para localizar a la única persona que podría ser capaz de romper el ciclo y salvar a su familia de la espeluznante muerte que inevitablemente les espera a todos.",2025-05-14,Terror,7.037
ราคี,,2026-02-26,Terror,4.0
El pacto de los lobos,"Gévaudan, en la Francia del siglo XVIII. Una monstruosa criatura devora salvajemente a los habitantes del lugar. Recién llegado de América, Grégoire de Fronsac recibe el encargo del rey Luis XV de identificar y encontrar a la fiera. Sin embargo Grégorie y su misterioso hermano de sangre, un indio llamado Mani, intentarán descubrir qué hay detrás de estos sucesos...",2001-01-31,Terror,6.743
団鬼六　修道女縄地獄,,1984-05-25,Terror,6.3
The Last Supper,"En una casa desierta, un hombre misterioso saborea un exquisito menú en compañía de un huésped invisible. Desde esta espeluznante mesa, se revelan una sucesión de historias aterradoras, cada una de las cuales explora los miedos primitivos al hambre, la carne y la supervivencia.",2025-10-23,Terror,7.0
Anaconda,"Doug y Griff son muy buenos amigos desde que eran niños y siempre han soñado con hacer un remake de su película favorita de todos los tiempos: el «clásico cinematográfico» Anaconda. Cuando una crisis de mediana edad les anima a lanzarse por fin a la aventura, se adentran en la selva amazónica para empezar a rodar. Pero las cosas se ponen serias cuando aparece una anaconda gigante de verdad, convirtiendo su caótico y cómico plató de rodaje en una situación mortal.",2025-12-24,Terror,5.882
Leviticus,,2026-06-17,Terror,6.8
"Alien, el octavo pasajero","De regreso a la Tierra, la nave de carga Nostromo interrumpe su viaje y despierta a sus siete tripulantes. El ordenador central, MADRE, ha detectado la misteriosa transmisión de una forma de vida desconocida, procedente de un planeta cercano aparentemente deshabitado. La nave se dirige entonces al extraño planeta para investigar el origen de la comunicación.",1979-05-25,Terror,8.171
Gonjiam: hospital maldito,"Una compañía de internet decide retransmitir en directo cómo un grupo de gente se adentra en el manicomio de Gonjiam. Para atraer a más espectadores, el espectáculo juega con los participantes, pero todo se complica cuando surge la posibilidad de que haya almas en pena acechando en las sombras.",2018-03-28,Terror,7.275
Leviticus,,2026-06-17,Terror,6.8
El pecado de Lola,"Tras la marcha de su madre al extranjero por temas de negocios, Albert, de dieciséis años de edad, continua sus vacaciones en su maravillosa casa, con la única compañía del camarero. Pero la llegada de una nueva criada revolucionará el panorama.",1984-05-04,Terror,7.0
"Alien, el octavo pasajero","De regreso a la Tierra, la nave de carga Nostromo interrumpe su viaje y despierta a sus siete tripulantes. El ordenador central, MADRE, ha detectado la misteriosa transmisión de una forma de vida desconocida, procedente de un planeta cercano aparentemente deshabitado. La nave se dirige entonces al extraño planeta para investigar el origen de la comunicación.",1979-05-25,Terror,8.171
The Crucifix: Blood of the Exorcist,,2025-01-09,Terror,5.583
Gonjiam: hospital maldito,"Una compañía de internet decide retransmitir en directo cómo un grupo de gente se adentra en el manicomio de Gonjiam. Para atraer a más espectadores, el espectáculo juega con los participantes, pero todo se complica cuando surge la posibilidad de que haya almas en pena acechando en las sombras.",2018-03-28,Terror,7.275
¡La novia!,"En el Chicago de los años 30, Frankenstein pide ayuda al Dr. Euphronius para crear una compañera. Dan vida a una mujer asesinada como la Novia, lo que desencadena un romance, el interés de la policía y un cambio social radical.",2026-03-04,Terror,6.152
Posesión infernal: En llamas,,2026-07-08,Terror,0.0
Strangers: Capítulo 3,"Los supervivientes se enfrentan a nuevas amenazas de extraños enmascarados. Secretos salen a la luz, poniendo en peligro sus vidas mientras la línea entre realidad y peligro se difumina en su lucha por sobrevivir. Tercera y última de la trilogía de películas basadas en ""Los extraños"" (2008)",2026-02-05,Terror,5.791
Dusun Mayit,,2025-12-31,Terror,5.333
Frankenstein,"Un científico brillante y obsesivo, Victor Frankenstein, en su ambición por desafiar a la muerte, da vida a una criatura ensamblada con partes de cadáveres. Pese a tratarse de una proeza científica, Frankenstein considera que la criatura carece de inteligencia y la rechaza. Dolida, esta se rebela contra su creador.",2025-10-17,Terror,7.637
Megalodón 2: La fosa,Una exploración submarina en las profundidades del océano se convierte en una espiral de caos cuando una malévola operación minera amenaza la misión y obliga al equipo de investigación a librar una arriesgada batalla por la supervivencia. Secuela de 'The Meg' (2018).,2023-08-02,Terror,6.373
El resplandor,"Jack Torrance se traslada, junto a su mujer y a su hijo, al impresionante hotel Overlook, en Colorado, para encargarse del mantenimiento del mismo durante la temporada invernal, en la que permanece cerrado y aislado por la nieve. Su idea es escribir su novela al tiempo que cuida de las instalaciones durante esos largos y solitarios meses de invierno, pero desde su llegada al hotel, Jack comienza a padecer inquietantes transtornos de personalidad, al mismo tiempo que en el lugar comienzan a suceder diversos fenómenos paranormales.",1980-05-23,Terror,8.2
Mortal Game,"Un grupo de cazadores viaja a una isla remota para rastrear a una criatura legendaria. Al descubrir que su guía los ha traicionado para usarlos como carnada, quedan atrapados y a merced de un depredador inteligente que los acecha uno a uno.",2025-02-03,Terror,4.917
El pasajero nocturno,"Después de presenciar un brutal accidente nocturno en la carretera, una joven pareja comprende que algo los ha seguido. Una presencia demoníaca, conocida como El Pasajero Nocturno, se ha unido a ellos y no se detendrá hasta reclamarlos a ambos, convirtiendo su viaje en una auténtica pesadilla.",2026-05-20,Terror,6.211
Primitive War,"Vietnam, 1968. El equipo de reconocimiento Vulture Squad se adentra en un valle aislado para investigar un pelotón de Boinas Verdes desaparecido. Su misión toma un giro oscuro cuando descubren una amenaza invisible.",2025-08-21,Terror,6.632
Midsommar,"Una pareja estadounidense que no está pasando por su mejor momento acude con unos amigos a un festival de verano que se celebra cada noventa años en una aldea remota de Suecia. Lo que comienza como unas vacaciones de ensueño en un lugar en el que el sol no se pone nunca, poco a poco se convierte en una oscura pesadilla cuando los misteriosos aldeanos les invitan a participar en sus perturbadoras actividades festivas.",2019-07-03,Terror,7.1
Psicosis,"Una joven secretaria, tras cometer un robo, se marcha de la ciudad y conduce durante horas, parando para descansar en un pequeño motel de carretera regentado por un joven llamado Norman. Todo parece normal y tranquilo en el apartado motel y en la casa de al lado en la que viven Norman y su madre pero, mientras está en la ducha, la joven es asesinada salvajemente a cuchilladas.",1960-06-22,Terror,8.414
Whistle: El silbido del mal,"Un grupo de estudiantes inadaptados encuentra por accidente un objeto maldito: un antiguo silbato de la muerte azteca. Al soplarlo, descubren que el terrorífico sonido que produce invoca a sus propias muertes futuras para perseguirlos. Mientras las víctimas aumentan, los amigos intentan descubrir el origen del artefacto y detener la terrible cadena de sucesos que han provocado.",2026-01-20,Terror,6.316
Déjame salir,"Un joven afroamericano visita a la familia de su novia blanca, un matrimonio adinerado. Para Chris y su novia Rose ha llegado el momento de conocer a los futuros suegros, por lo que ella le invita a pasar un fin de semana en el campo con sus padres, Missy y Dean. Al principio, Chris piensa que el comportamiento 'demasiado' complaciente de los padres se debe a su nerviosismo por la relación interracial de su hija, pero a medida que pasan las horas, una serie de descubrimientos cada vez más inquietantes le llevan a descubrir una verdad inimaginable.",2017-02-24,Terror,7.624
28 años después,"Años transcurridos tras los sucesos de ""28 semanas después"", el virus de la ira ha regresado y un grupo de supervivientes debe sobrevivir en un mundo asolado por hordas de infectados. Realizada con un iPhone 15 Pro Max y con la ayuda de numerosos accesorios especializados.",2025-06-18,Terror,6.61
Black Phone 2,"Ambientada en 1982, cuatro años después de que Finney Blake lograra matar al secuestrador y asesino en serie conocido como ""The Grabber"". Finney, ahora marcado por el trauma, junto a su hermana menor Gwen, que tiene habilidades psíquicas, comienzan a tener visiones relacionadas con asesinatos ocurridos en un campamento cristiano en las Montañas Rocosas. Decididos a descubrir la verdad, viajan junto con Ernesto, un amigo, al campamento donde trabajó su madre, que también tenía dones psíquicos y fue víctima del asesino.",2025-10-15,Terror,6.695
La fotógrafa,"Inna, una joven fotógrafa post mortem, es contratada para fotografiar el cuerpo sin vida de Alejandra en un orfanato al norte de España. Pero en su intento por documentar la tragedia de Alejandra, Inna descubre algo aterrador que se esconde tras las paredes de aquel lugar.",2025-10-30,Terror,7.2
La noche de Halloween,"Durante la noche de Halloween, Michael, un niño de seis años, asesina a su familia con un cuchillo de cocina. Es internado en un psiquiátrico del que huye quince años más tarde, precisamente la víspera de Halloween. El psicópata vuelve a su pueblo y comete una serie de asesinatos. Mientras, uno de los médicos del psiquiátrico le sigue la pista.",1978-10-24,Terror,7.561
Expediente Warren: El caso Enfield,"Secuela de la exitosa 'Expediente Warren' (2013), que lleva de nuevo a la pantalla otro caso real de los expedientes de los renombrados demonólogos Ed y Lorraine Warren. En este caso ambos viajarán al norte de Londres para ayudar a una madre soltera que tiene a su cargo cuatro hijos y que vive sola con ellos en una casa plagada de espíritus malignos.",2016-06-08,Terror,7.293
聊齋三集之燈草和尚,,1992-03-05,Terror,5.6
La monja,"Cuando una joven monja se suicida en una abadía de clausura en Rumanía, un sacerdote experto en posesiones demoniacas y una novicia a punto de tomar sus votos, son enviados por el Vaticano para investigar. Juntos descubren el profano secreto de la orden. Arriesgando no solo sus propias vidas sino su fe y hasta sus almas, se enfrentan a una fuerza maléfica en forma de monja demoníaca, en una abadía que se convierte en un campo de batalla de horror entre los vivos y los condenados....",2018-09-05,Terror,5.905
Redux Redux,"Irene Kelly es una mujer que, en un intento de vengar la muerte de su hija, viaja a través de distintas realidades para matar una y otra vez al asesino. Su obsesión por la venganza pronto se convierte en una adicción que amenaza con poner en jaque la humanidad.",2025-12-28,Terror,6.685
La chica de al lado,"Basada en una historia real sucedida en el año 1958. Sylvia Likens fue brutalmente torturada, violada y asesinada en el sótano de un hogar familiar del estado de Indiana.",2007-07-19,Terror,6.653
Terrifier 3,"El payaso Art desata el caos entre los desprevenidos habitantes del condado de Miles mientras duermen plácidamente en Nochebuena. Tras sobrevivir a la masacre de Halloween perpetrada por el peor asesino en serie desde Jack el Destripador, Sienna y su hermano se esfuerzan por reconstruir sus vidas destrozadas. A medida que se acercan las fiestas de Navidad, intentan abrazar el espíritu navideño y dejar atrás los horrores del pasado. Pero justo cuando creen que están a salvo, el payaso Art regresa, decidido a convertir su alegría navideña en una nueva pesadilla. La temporada festiva se desmorona rápidamente mientras el payaso Art desata su retorcido terror marca de la casa, demostrando que ninguna festividad es segura.",2024-10-09,Terror,6.786
Exhuma,"Una renombrada chamana (Kim Go-eun) y su aprendiz son contratados por una enigmática familia adinerada para investigar la enfermedad sobrenatural que afecta a su hijo primogénito. Con la ayuda de un embalsamador y el experto en feng shui más famoso del país (Choi Min-sik), rastrean una tumba familiar oculta, ubicada en tierra sagrada. Percibiendo un aura ominosa alrededor del lugar, el equipo opta por exhumar y reubicar los restos ancestrales de inmediato. Pero algo mucho más oscuro emerge en la remota montaña, desatando fuerzas sobrenaturales que amenazan con destruirlos a todos.",2024-02-22,Terror,7.616
Wormtown,"Un año después del inicio de una plaga de gusanos carnívoros que alteran la mente, la ciudad nocturna de Ashland, en Ohio, ha aceptado el dominio de los parásitos. Bajo el mando del alcalde Joshua, una figura casi sectaria, los fervientes «Ranchers» difunden su evangelio, ya sea por persuasión o por la fuerza. Un trío de mujeres no infectadas se aferra a la supervivencia mediante el rebusque, una higiene extrema y la evasión. Pero todo el mundo acaba cediendo, lo que desata la traición, el sacrilegio y el horror corporal.",2025-09-27,Terror,5.944
Hereditary,"Cosas extrañas comienzan a suceder en casa de los Graham tras la muerte de la abuela y matriarca, que deja en herencia su casa a su hija Annie. Annie Graham, una galerista casada y con dos hijos, no tuvo una infancia demasiado feliz junto a su madre, y cree que la muerte de ésta puede hacer que pase página. Pero todo se complica cuando su hija menor comienza a ver figuras fantasmales, que también empiezan a aparecer ante su hermano.",2018-06-07,Terror,7.295
Guinea Pig: Devil's experiment,Un grupo de hombres secuestra y tortura a una chica como parte de un experimento para comprobar el dolor extremo que puede sufrir el cuerpo humano.,1985-09-04,Terror,4.784
El maníaco invisible,"Un científico trata de presentar su teoría de la invisibilidad, sobre la cual estuvo trabajando durante mucho tiempo. Sus compañeros se burlan de su teoría y, en un ataque desenfrenado de furia, les mata. Lo encierran en un centro mental, pero logra huir y llevando a cabo su teoría logra hacerse invisible, pero sus ansias de matar crecen.",1990-07-13,Terror,4.4
Alice (Subservience),"Con su mujer en el hospital, un padre en apuros compra una Inteligencia Artificial para ayudarle en las tareas de casa. Pero a medida que la robot se encariña de su nuevo dueño, los límites empiezan a cruzarse. Pronto ella se empeña en eliminar lo que percibe como la verdadera amenaza para su felicidad: su familia.",2024-08-15,Terror,6.61
Kafir: Gerbang Sukma,,2026-01-29,Terror,6.5
Paranormal Movie 2,"Después de haber exorcizado los demonios de su ex, Malcolm comienza de nuevo con su nueva novia y sus dos hijos. Después de mudarse a la casa de sus sueños, sin embargo, Malcolm está rodeado una vez más por extraños acontecimientos paranormales.",2014-04-17,Terror,6.188
Tusk,"“¡No quiero morir en Canadá!”, suplica Wallace Bryton, un popular podcaster que cruza la frontera de Canadá para entrevistar a Howard Howe, que una vez fue salvado por una morsa. Misántropo extremo, Howe secuestrará a Wallace para sacarle su lado más “animal”.",2014-09-19,Terror,5.534
Noche de bodas,"Durante la noche de su boda, una mujer recibe la invitación por parte de la rica y excéntrica familia de su marido para participar en una tradición ancestral que se convierte en un juego letal de supervivencia.",2019-08-21,Terror,7.075
Ghost in the Cell,,2026-04-16,Terror,7.962
Posesión infernal: El despertar,"Historia de dos hermanas separadas cuyo reencuentro se ve interrumpido por el surgimiento de demonios poseedores de carne, empujándolos a una batalla por la supervivencia mientras se enfrentan a la versión de familia más aterradora que se pueda imaginar. Secuela de la trilogía original de 'Evil Dead'.",2023-04-12,Terror,6.932
Soy Frankelda,"Frankelda, una decidida escritora mexicana del siglo XIX, viaja a su subconsciente para enfrentarse a los monstruos sobre los que ha escrito. Guiada por un príncipe atormentado, deberá restablecer el equilibrio entre ficción y realidad antes de que sea demasiado tarde.",2025-10-23,Terror,8.333
La acompañante,La muerte de un multimillonario desencadena una serie de acontecimientos para Iris y sus amigos durante un viaje de fin de semana a su finca junto al lago.,2025-01-22,Terror,7.014
Kafir: Gerbang Sukma,,2026-01-29,Terror,6.5
Megalodón,"Un sumergible de aguas profundas que forma parte de un programa internacional de vigilancia submarina, ha sido atacado por una enorme criatura que se creía extinta. Ahora está averiado en el fondo de la fosa oceánica más profunda del Pacífico con su tripulación atrapada en el interior. El tiempo se acaba y, en contra de los deseos de su hija Suyin (Li Bingbing), un visionario oceanógrafo chino (Winston Chao) contrata a Jonas Taylor (Jason Statham), un especialista en rescate en aguas profundas. Su misión será salvar a la tripulación y también al océano de una amenaza imparable: un tiburón prehistórico de 23 metros conocido con el nombre de Megalodón.",2018-08-09,Terror,6.247
Alien: Romulus,"Mientras rebuscan en las profundidades de una estación espacial abandonada, un grupo de jóvenes colonizadores del espacio se encuentra cara a cara con la forma de vida más aterradora del universo. Nueva película de la saga Alien.",2024-08-13,Terror,7.162
Km. 666 II: Camino sangriento,El coronel retirado Dale Murphy es el presentador de un reality apocalíptico simulado en el cual se reta a los participantes a sobrevivir en un área salvaje y remota del estado de Virginia... Pero el show televisivo se convierte en una auténtica lucha a vida o muerte cuando los concursantes comprenden que están siendo perseguidos por una familia endogámica de degenerados caníbales decididos a convertirlos a todos en su cena...,2007-08-25,Terror,6.167
"Muerte, muerte, muerte","Cuando un grupo de veinteañeros adinerados planea una fiesta del huracán en una remota mansión familiar, un juego se vuelve mortal en esta historia de puñaladas por la espalda, falsos amigos y una velada que sale muy, muy mal.",2022-08-05,Terror,6.151
พนอ,,2025-01-16,Terror,6.889
La larga marcha,"En un futuro distópico, cien adolescentes participan en una brutal competición conocida como ""La larga marcha"", donde deben caminar sin descanso: si se detienen o reducen la velocidad de la marcha, mueren. Solo uno sobrevivirá. Adaptación cinematográfica de la novela de Stephen King.",2025-09-10,Terror,6.904
La cosa (El enigma de otro mundo),"En una estación experimental de la Antártida, un equipo de investigadores descubre a un ente extraño venido del espacio, que según todos los indicios ha permanecido enterrado en la nieve durante más de 100.000 años. Al descongelarse, experimenta una metamorfosis sorprendente...",1982-06-25,Terror,8.073
La monja,"Cuando una joven monja se suicida en una abadía de clausura en Rumanía, un sacerdote experto en posesiones demoniacas y una novicia a punto de tomar sus votos, son enviados por el Vaticano para investigar. Juntos descubren el profano secreto de la orden. Arriesgando no solo sus propias vidas sino su fe y hasta sus almas, se enfrentan a una fuerza maléfica en forma de monja demoníaca, en una abadía que se convierte en un campo de batalla de horror entre los vivos y los condenados....",2018-09-05,Terror,5.905
Hereditary,"Cosas extrañas comienzan a suceder en casa de los Graham tras la muerte de la abuela y matriarca, que deja en herencia su casa a su hija Annie. Annie Graham, una galerista casada y con dos hijos, no tuvo una infancia demasiado feliz junto a su madre, y cree que la muerte de ésta puede hacer que pase página. Pero todo se complica cuando su hija menor comienza a ver figuras fantasmales, que también empiezan a aparecer ante su hermano.",2018-06-07,Terror,7.295
Conspiração Fatal,,2022-05-26,Terror,7.0
Primate,"Lucy, una estudiante universitaria, pasa las vacaciones con sus amigos en la casa de su familia en Hawái, donde vive con su mascota, un chimpancé llamado Ben. Sin embargo, cuando Ben contrae rabia tras ser mordido por un animal rabioso, el grupo debe luchar por su vida para evitar al ahora violento chimpancé.",2026-01-01,Terror,6.527
ది రాజాసాబ్,,2026-01-08,Terror,5.226
The Ring (La señal),"Rachel Keller es una periodista de investigación que no da mucho crédito a lo que considera una especie de leyenda urbana: al parecer, circula por ahí una cinta de vídeo con imágenes aterradoras, que va acompañada de una llamada telefónica en la que se predice, con una semana de antelación, la muerte de quien las ha visto. Sin embargo, cuando cuatro adolescentes encuentran la muerte exactamente una semana después de ver el vídeo, la curiosidad se apodera de ella y no parará hasta encontrar la cinta y verla.",2002-10-18,Terror,6.703
Scream VI,"Tras los últimos asesinatos de Ghostface, los cuatro supervivientes abandonan Woodsboro para dar comienzo a un nuevo capítulo.",2023-03-08,Terror,6.94
Psicópata: El Asesino del Conejo Blanco,,2026-03-19,Terror,7.3
Van Helsing,"Siglo XIX. En medio de los montes de los Cárpatos está la misteriosa y mítica Transilvania, donde el mal siempre está presente, el peligro aparece cuando el sol se pone... y donde toman forma los monstruos que habitan las pesadillas de los hombres.",2004-05-03,Terror,6.4
Un lugar tranquilo,"Evelyn y Lee Abbott son una pareja con tres hijos que vive en una granja aislada de toda civilización al norte de Nueva York. Esta familia ha sobrevivido durante meses en un mundo invadido y amenazado por mortales criaturas extraterrestres que se guían por el sonido para cazar. En este contexto en el que una palabra puede significar la muerte, la familia Abbott vive silenciosamente, andan descalzos y se comunican por medio del lenguaje de señas.",2018-04-03,Terror,7.393
Together,"Una pareja con problemas en su relación se muda al campo, donde descubren una cueva con una fuerza sobrenatural. Al beber agua de la cueva, comienzan a experimentar transformaciones físicas y emocionales que reflejan su codependencia.",2025-07-14,Terror,6.924
Scream,Una nueva entrega de la saga de terror 'Scream' que seguirá a una mujer que regresa a su ciudad natal para intentar descubrir quién ha estado cometiendo una serie de crímenes atroces.,2022-01-12,Terror,6.689
28 días después,"Londres es un cementerio. Las calles están ahora desiertas. Reina un silencio total. Tras la propagación de un virus que acabó con la mayor parte de la población, tuvo lugar la invasión de unos seres terroríficos. El virus se difundió, tras la incursión en un laboratorio, de un grupo de defensores de los derechos de los animales. Transmitido por la sangre, el virus produce efectos devastadores. En 28 días la epidemia se extiende por todo el país y sólo queda un puñado de supervivientes...",2002-10-31,Terror,7.244
Psicópata: El Asesino del Conejo Blanco,,2026-03-19,Terror,7.3
The Ring (La señal),"Rachel Keller es una periodista de investigación que no da mucho crédito a lo que considera una especie de leyenda urbana: al parecer, circula por ahí una cinta de vídeo con imágenes aterradoras, que va acompañada de una llamada telefónica en la que se predice, con una semana de antelación, la muerte de quien las ha visto. Sin embargo, cuando cuatro adolescentes encuentran la muerte exactamente una semana después de ver el vídeo, la curiosidad se apodera de ella y no parará hasta encontrar la cinta y verla.",2002-10-18,Terror,6.703
Paranormal Movie,"Una joven pareja, Malcolm (Marlon Wayans) y Kisha (Essence Atkins), se acaban de mudar a la casa de sus sueño. Al instalarse, descubren que no están solos en ella. Pero no es la casa la que está embrujada, sino la novia de Malcolm, que parece estar poseída por un demonio.  Malcolm contrata a un sacerdote para librarla de este intruso, decidido a no dejar que el espíritu maligno arruine su relación... o, más importante aún, su vida sexual...",2013-01-11,Terror,5.951
Turno de noche,"Cuando un hongo mutante altamente contagioso escapa de una instalación sellada, dos jóvenes empleados, acompañados por un veterano agente de bioterrorismo, deben sobrevivir al turno de noche más alocado de la historia para salvar a la humanidad de la extinción, mientras el microorganismo se propaga y destruye todo a su paso.",2026-01-22,Terror,6.78
Un lugar tranquilo: Día uno,Una mujer llamada Sam trata de sobrevivir a una invasión en la ciudad de Nueva York por criaturas alienígenas sedientas de sangre con oídos ultrasónicos. Tercera entrega de la saga y precuela de las dos anteriores.,2024-06-26,Terror,6.645
Van Helsing,"Siglo XIX. En medio de los montes de los Cárpatos está la misteriosa y mítica Transilvania, donde el mal siempre está presente, el peligro aparece cuando el sol se pone... y donde toman forma los monstruos que habitan las pesadillas de los hombres.",2004-05-03,Terror,6.4
Possum,"Un marionetista de espectáculos para niños caído en la desgracia y en la deshonra, regresa al hogar de su infancia y se ve forzado a enfrentarse a su retorcido y malvado padrastro y a los secretos que han estado torturádole durante toda su vida.",2018-10-26,Terror,6.132
La larga marcha,"En un futuro distópico, cien adolescentes participan en una brutal competición conocida como ""La larga marcha"", donde deben caminar sin descanso: si se detienen o reducen la velocidad de la marcha, mueren. Solo uno sobrevivirá. Adaptación cinematográfica de la novela de Stephen King.",2025-09-10,Terror,6.904
Insidious: La puerta roja,"Para enterrar sus demonios de una vez por todas, Josh Lambert y un ya universitario Dalton Lambert, deberán profundizar en El Mas Allá (The Further) más que nunca, enfrentándose al oscuro pasado familiar y a un huésped de nuevos horrores terroríficos que acechan tras la puerta roja.",2023-07-05,Terror,6.511
X,"En 1979, un grupo de jóvenes cineastas se propusieron hacer una película para adultos en la zona rural de Texas, pero cuando sus anfitriones solitarios y ancianos los atrapan en el acto, el elenco pronto se encuentra en una lucha desesperada por sus vidas.",2022-03-17,Terror,6.7
Insidious Inferno,"Una cabaña aislada está plagada de horribles asesinatos y, sin que los habitantes lo sepan, algo de otro mundo acecha en los pasillos. ¿Podrá la pareja resolver el misterio de los terrenos malditos a tiempo o abrirán la puerta al infierno?",2024-11-29,Terror,5.238
Conspiração Fatal,,2022-05-26,Terror,7.0
Do Not Enter,Un grupo de exploradores investiga un viejo hotel abandonado y se encuentran con un extraño ser sobrenatural y un grupo competidor que busca un legendario tesoro escondido.,2026-03-19,Terror,5.449
Pactar con el diablo,"Kevin Lomax (Keanu Reeves) es un joven y brillante abogado que nunca ha perdido un caso. Vive en Florida y parece feliz con su esposa, Mary Ann (Charlize Theron). Un día, recibe la visita de un abogado de Nueva York, que representa a un poderoso bufete que tiene la intención de contratarlo. Al frente de la prestigiosa empresa se encuentra John Milton (Al Pacino), un hombre mundano, brillante y carismático, que alberga planes muy oscuros con respecto a Lomax.",1997-10-17,Terror,7.475
Zombie camp,"Tres Scouts, en la víspera de su último campamento, descubre el verdadero significado de la amistad cuando tratan de salvar a su pueblo de un brote de zombis.",2015-10-23,Terror,6.574
It: Capítulo 2,"Han pasado casi 30 años desde que el ""Club de los Perdedores"", formado por Bill, Beverly, Richie, Ben, Eddie, Mike y Stanley, se enfrentaran al macabro y despiadado Pennywise (Bill Skarsgård). En cuanto tuvieron oportunidad, abandonaron el pueblo de Derry, en el estado de Maine, que tantos problemas les había ocasionado. Sin embargo, ahora, siendo adultos, parece que no pueden escapar de su pasado. Todos deberán enfrentarse de nuevo al temible payaso para descubrir si de verdad están preparados para superar sus traumas de la infancia.",2019-09-04,Terror,6.837
Km. 666 (Desvío al infierno),"Seis adolescentes viajan en coche cuando, de pronto, deben desviarse de su ruta al encontrar la carretera bloqueada por un accidente. Pero los jóvenes se pierden en los densos bosques de West Virginia, donde serán perseguidos por una raza humana de caníbales, horriblemente desfigurados por su antinatural alimentación a lo largo de generaciones...",2003-05-30,Terror,6.404
Ángeles y demonios 4: Revelación,"Un policía americano residente en Rumanía involucrado en el tráfico de drogas ilegal comienza a ser seguido por un personaje un tanto peculiar y misterioso que, a la larga, se presenta como el mismísimo Satán, y requiere de la ayuda del protagonista para impedir que Belial, un demonio aún peor que el rey del Infierno, se apodere de un libro muy viejo y poderoso y, con ello, del planeta Tierra.",2005-06-07,Terror,5.017
拷問貴婦人,,1987-06-20,Terror,4.885
Godzilla Minus One,"En el Japón de la posguerra, Godzilla trae una nueva devastación a un paisaje ya abrasado. Sin intervención militar ni ayuda gubernamental a la vista, los supervivientes deben unirse frente a la desesperación y luchar contra un horror implacable.",2023-11-03,Terror,7.573
Saw,"Dos extraños, que se despiertan en una habitación sin recordar cómo llegaron allí, pronto descubren que son peones en un juego mortal perpetrado por un famoso asesino en serie.",2004-10-01,Terror,7.4
Pesadilla en Elm Street,"Varios jóvenes de una pequeña localidad tienen habitualmente pesadillas en las que son perseguidos por un hombre deformado por el fuego y que usa un guante terminado en afiladas cuchillas. Algunos de ellos comienzan a ser asesinados mientras duermen por este ser, que resulta ser un asesino al que los padres de estos jóvenes quemaron vivo hace varios años tras descubrir que había asesinado a varios niños.",1984-11-09,Terror,7.347
Tumbal Proyek,,2026-05-13,Terror,4.2
Escupiré sobre tu tumba,"Una joven escritora viaja al campo en busca de un poco de soledad y tranquilidad para trabajar en su nuevo libro. Pero en su lugar encuentra una horrible pesadilla. Tras ser agredida por cuatro degenerados, Jennifer logra sobrevivir y mientras intenta sobreponerse, en su mente, ahora dañada y psicótica sólo existe una idea: la venganza sobre esos cuatro hombres que la violaron.",2010-06-17,Terror,6.514
Nosferatu,Historia gótica de obsesión entre una joven hechizada y el aterrador vampiro encaprichado de ella que causa un indescriptible terror a su paso.,2024-12-25,Terror,6.7
Blade,"En un mundo cohabitado en guerra por hombres y vampiros Blade es un vampiro que, al contrario que el resto, no se alimenta de humanos, y que pretende acabar con la raza de ""seres superiores"" que mordieron a su madre cuando estaba embarazada.",1998-08-21,Terror,6.84
Expediente Warren: Obligado por el demonio,"Los investigadores paranormales Ed y Lorraine Warren se encuentran con lo que se convertiría en uno de los casos más sensacionales de sus archivos. La lucha por el alma de un niño los lleva más allá de todo lo que habían visto antes, para marcar la primera vez en la historia de los Estados Unidos que un sospechoso de asesinato reclamaría posesión demoníaca como defensa.",2021-05-25,Terror,7.35
Smile 2,"La estrella del pop mundial Skye Riley está a punto de embarcarse en una nueva gira mundial cuando empieza a experimentar una serie de sucesos cada vez más aterradores e inexplicables. Angustiada por la espiral de horrores y la abrumadora presión de la fama, Skye tendrá que enfrentarse a su oscuro pasado para recuperar el control de su vida antes de que sea demasiado tarde. Secuela del exitoso film de terror 'Smile' (2022).",2024-10-16,Terror,6.59
Devuélvemela,"Un hermano y su hermana descubren un aterrador ritual en la apartada casa de su nueva madre adoptiva. Lo que parece un hogar seguro pronto se convierte en una pesadilla, donde figuras siniestras, extrañas imágenes en vídeo y sucesos paranormales los rodean.",2025-05-19,Terror,7.349
Un lugar tranquilo 2,"Tras los fatales acontecimientos sucedidos en la primera parte, la familia Abbot debe enfrentarse a los peligros del mundo exterior mientras luchan en silencio por sobrevivir. Forzados a aventurarse en lo desconocido, pronto se dan cuenta de que las criaturas que cazan orientadas por el sonido no son la única amenaza que acecha más allá del camino de arena. Secuela de la exitosa producción ""Un lugar tranquilo"" (A Quiet Place, 2018).",2021-05-21,Terror,7.431
La niebla,"En un pequeño pueblo de Maine, estalla de repente una violenta tormenta que termina tan bruscamente como comenzó. Entonces surge una espesa niebla que va entrando en casas y supermercados, atrapando y matando a todos los que se ven envueltos por la oscuridad.",2007-11-21,Terror,6.945
Erotic Ghost Story,"Tres zorras han meditado durante 1.000 años hasta capaz de arrojar su naturaleza animal y convertirse en humano. Para el último mes de sus rigores, se han trasladado cerca de un pueblo donde las mujeres rezan a un dios de la fertilidad. Una hermana visita el templo de dios y piensa pensamientos lujuriosos. Al salir, un sacerdote se enfrenta a ella, advirtiendo de las consecuencias nefastas y de los demonios que intentarán detener la transformación de las zorras. Pronto, la hermana más joven guarda un pobre estudiante de los bandidos y se enamora de él. Cada hermana lo visita, y en poco tiempo, el joven ha hecho el amor con los tres. Después de que lo invitan a quedarse con ellos, la alegría toma un giro aterrador. ¿Dónde pueden acudir en busca de ayuda?",1990-05-19,Terror,6.2
Insidious,"Una familia descubre que espíritus oscuros han invadido su hogar después de que su hijo inexplicablemente cae en un sueño interminable. Cuando piden ayuda a un profesional, descubren que las cosas son mucho más personales de lo que pensaban.",2011-03-31,Terror,6.9
Infierno azul,"Nancy (Blake Lively) es una joven que trata de superar la pérdida de su madre. Un día, practicando surf en una solitaria playa mexicana se queda atrapada en un islote a sólo cien metros de la costa. El problema está en que un enorme tiburón blanco se interpone entre ella y la otra orilla.",2016-06-24,Terror,6.355
Until Dawn,"Un año después de la misteriosa desaparición de su hermana Melanie, Clover y sus amigas se dirigen al remoto valle donde desapareció en busca de respuestas. Mientras exploran un centro de visitantes abandonado, son acechadas por un asesino enmascarado que las mata una a una de forma horrible… para después despertar y encontrarse de nuevo al principio de la misma noche.",2025-04-23,Terror,6.272
Ice Cream Man,Un pueblo veraniego ideal cae en la locura cuando un heladero sirve a los niños dulces delicias con resultados terroríficos.,2026-08-05,Terror,0.0
Devuélvemela,"Un hermano y su hermana descubren un aterrador ritual en la apartada casa de su nueva madre adoptiva. Lo que parece un hogar seguro pronto se convierte en una pesadilla, donde figuras siniestras, extrañas imágenes en vídeo y sucesos paranormales los rodean.",2025-05-19,Terror,7.349
La mosca,"Seth Brundle, un excéntrico y solitario científico que crea uno de los inventos más revolucionarios de la historia: la cabina de teletransportación. En un intento por ponerla a prueba a la vez que ignora todo atisbo de prudencia, decide usarse a sí mismo como cobaya en la primera teletransportación aplicada a un humano, con la mala suerte de que una mosca se introduce junto con él en el artefacto. A partir de allí comenzará para Brundle una gradual pero definitiva transformación, una inquietante metamorfosis que le consumirá poco a poco, poniéndole en peligro a él y a los que le rodean.",1986-08-15,Terror,7.434
Insidious Inferno,"Una cabaña aislada está plagada de horribles asesinatos y, sin que los habitantes lo sepan, algo de otro mundo acecha en los pasillos. ¿Podrá la pareja resolver el misterio de los terrenos malditos a tiempo o abrirán la puerta al infierno?",2024-11-29,Terror,5.238
Insidious,"Una familia descubre que espíritus oscuros han invadido su hogar después de que su hijo inexplicablemente cae en un sueño interminable. Cuando piden ayuda a un profesional, descubren que las cosas son mucho más personales de lo que pensaban.",2011-03-31,Terror,6.943
Alas Roban,"Sita, una madre soltera, y su hija, Gendis, experimentan un terror místico después de que su autobús se descompone en la ruta Alas Roban.",2026-01-15,Terror,4.6
La autopsia de Jane Doe,"El dueño de una funeraria de una pequeña localidad y su hijo, que trabaja con él, reciben un día el cadáver de la víctima de un misterioso crimen: una bella joven que no tiene ninguna causa aparente de muerte. Ambos intentarán desvelar los intrigantes motivos del fallecimiento de la joven.",2016-12-21,Terror,6.836
Saw II,Un detective y su equipo deben rescatar a 8 personas encerradas en una fábrica por el retorcido asesino en serie conocido como Jigsaw.,2005-10-28,Terror,6.609
Un lugar tranquilo: Día uno,Una mujer llamada Sam trata de sobrevivir a una invasión en la ciudad de Nueva York por criaturas alienígenas sedientas de sangre con oídos ultrasónicos. Tercera entrega de la saga y precuela de las dos anteriores.,2024-06-26,Terror,6.645
La bruja,"Nueva Inglaterra en el año 1630. Una familia de colonos cristiana, formada por un matrimonio y sus cinco hijos, vive cerca de un bosque que, según las creencias populares, está controlado por un mal sobrenatural. Cuando su hijo recién nacido desaparece y los cultivos no crecen, los miembros de la familia se rebelan los unos contra los otros. Más allá de sus peores temores, un mal sobrenatural les acecha en el bosque cercano.",2016-02-19,Terror,7.002
The Yeti,"El famoso aventurero Hollis Bannister y el magnate del petróleo Merriell Sunday Sr. desaparecen sin dejar rastro en los parajes salvajes azotados por el viento del norte de Alaska. Mientras Ellie Bannister y Merriell Sunday Jr. emprenden la búsqueda de sus padres desaparecidos, el peligro aumenta en la nieve. Algo se ha dado cuenta de su expedición... el yeti.",2026-04-04,Terror,6.381
Anacondas: La cacería por la orquídea sangrienta,"Una expedición científica se une a un grupo de una poderosa compañía farmaceútica en la búsqueda de una rara orquídea negra que florece en la profunda jungla de la isla de Borneo. El interés por esa flor se debe a que contiene una poderosa sustancia que alberga los secretos de la eterna juventud, incluso de la inmortalidad. Pero pronto descubren que la orquídea la usan unas serpientes gigantes para aumentar su tamaño y su vitalidad.",2004-08-25,Terror,5.491
It Follows,"Jay, de 18 años, tiene su primer encuentro sexual con su novio en la parte trasera del coche. Tras el hecho, aparentemente inocente, la situación se pone algo tensa cuando su novio hace que ella se desmaye aplicándole cloroformo.  Al despertar, el novio le explica que lo hizo para ahuyentar a una serie de espíritus que lo acosan. A partir de ese momento, es Jay quien sufrirá las consecuencias de ese acoso, encontrándose sumergida en visiones y pesadillas; teniendo la sensación de que alguien o algo la observa.",2015-02-04,Terror,6.585
La piel que habito,"Desde que su mujer murió quemada en un accidente de coche, el Dr. Ledgard, eminente cirujano plástico, se interesa por la creación de una nueva piel con la que hubiera podido salvarla. Doce años después consigue cultivarla en su laboratorio, aprovechando los avances de la terapia celular. Para ello no dudará en traspasar una puerta hasta ahora terminantemente vedada: la transgénesis con seres humanos. Pero ese no será el único crimen que cometerá...",2011-08-17,Terror,7.487
El menú,"Una joven pareja viaja a uno de los destinos más exclusivos del mundo para cenar en un restaurante que ofrece una experiencia culinaria única. Sin embargo, el chef ha preparado un ingrediente secreto que tendrá un resultado sorprendente en los dos enamorados.",2022-11-17,Terror,7.179
Silencio desde el mal,"Un joven viudo regresa a su hogar para investigar el asesinato de su mujer. Allí descubre la leyenda de Mary Shaw, una ventrílocua que pidió ser enterrada junto a sus 101 ""muñecos"". Uno de ellos parece haber vuelto de la tumba, y no precisamente con buenas intenciones... De los creadores de ""Saw"".",2007-03-16,Terror,6.45
Háblame,"La solitaria adolescente Mia se engancha a la emoción de invocar espíritus utilizando una mano embalsamada, pero cuando se enfrenta a un alma que dice ser su madre muerta, desata una plaga de fuerzas sobrenaturales y se debate entre decidir en quién puede confiar: en los vivos o en los muertos.",2023-07-26,Terror,7.143
Alien vs. Predator,"El descubrimiento de una antigua pirámide enterrada bajo los hielos de la Antártida hace acudir hasta el continente helado a un equipo de científicos y aventureros. Una vez allí, hacen un descubrimiento aún más aterrador: dos razas de extraterrestres en guerra. Gane quien gane, nosotros perdemos. La increíble y terrorífica aventura comienza cuando el millonario industrial Charles Bishop Weyland reúne a un equipo internacional de arqueólogos, científicos y expertos en seguridad, dirigidos por la especialista en medioambiente y aventurera Alexa ”Lex” Woods, para investigar unas misteriosas ”emanaciones de calor” que surgen desde las profundidades de la Antártida.",2004-08-12,Terror,5.949
Posesión infernal,"Cinco chicos van a pasar el fin de semana a una cabaña perdida en un espeso bosque en las montañas de Tennessee. Una vez instalados, y cuando se encuentran cenando, la trampilla que da acceso al sótano se abre de golpe. Extrañados, deciden bajar a investigar. Allí encuentran un magnetófono, un extraño cuchillo ritual y un libro antiquísimo.",1981-10-15,Terror,7.279
No estarás sola,"Ambientada en un aislado pueblo de montaña en la Macedonia del siglo XIX, la película sigue a una joven que es secuestrada y luego transformada en bruja por un espíritu ancestral.",2022-04-01,Terror,6.596
Mai-chan no nichijô,"Una joven, Miyako (Akane Miyako) responde a un anuncio de una empleada doméstica y le dan un trabajo junto a la juguetona y seductora Mai-chan (Koshi Ann). Miyako aprende rápidamente que limpiar la casa es el menor de sus deberes, ya que el maestro (Maruyama Shogo) y su esposa (Roman Soako) utilizan a las criadas como juguetes en sus desenfrenadas fantasías eróticas. Dado que Mai-chan posee la asombrosa capacidad de recuperarse de cualquier lesión, sin importar cuán grave sea, se satisface cualquier deseo violento, y Miyako pronto se ve involucrada activamente en la horrible destrucción (y la milagrosa resurrección) de Mai-chan. Basada en el popular manga de Uziga Waita, Mai-chan's Daily Life es una diabólica comedia oscura que lleva la violencia fetiche a nuevos e impactantes extremos.",2014-11-29,Terror,5.1
Prometheus,"Un grupo de científicos y exploradores emprende un viaje espacial a un remoto planeta, en el que sus límites físicos y mentales serán puestos a prueba. El motivo de la misión es que los humanos creen que allá podrán encontrar las respuestas a las preguntas más profundas y al mayor de los misterios: el origen de la vida en la Tierra.",2012-05-30,Terror,6.598
Saw II,Un detective y su equipo deben rescatar a 8 personas encerradas en una fábrica por el retorcido asesino en serie conocido como Jigsaw.,2005-10-28,Terror,6.609
Longlegs,"Lee Harker, una nueva y talentosa agente del FBI, ha sido asignada a un caso sin resolver de un asesino en serie. A medida que la investigación se complica y se descubren pruebas ocultistas, Harker se da cuenta de que existe un vínculo personal con el despiadado asesino y debe actuar con rapidez para evitar otro asesinato familiar.",2024-07-10,Terror,6.527
Smile,"Tras presenciar un extraño y traumático incidente con un paciente, la doctora Rose Cotter comienza a experimentar sucesos aterradores que no puede explicar. A medida que un miedo sobrecogedor comienza a afectar a todos los aspectos de su vida, Rose se verá obligada a afrontar a su problemático pasado para sobrevivir y escapar de su terrorífica nueva realidad.",2022-09-23,Terror,6.672
Faces of Death,"Una mujer, empleada como moderadora de contenido de un sitio web, se encuentra con una serie de vídeos violentos que reproducen escenas de muerte de una película.",2026-04-10,Terror,5.551
The Yeti,"El famoso aventurero Hollis Bannister y el magnate del petróleo Merriell Sunday Sr. desaparecen sin dejar rastro en los parajes salvajes azotados por el viento del norte de Alaska. Mientras Ellie Bannister y Merriell Sunday Jr. emprenden la búsqueda de sus padres desaparecidos, el peligro aumenta en la nieve. Algo se ha dado cuenta de su expedición... el yeti.",2026-04-04,Terror,6.381
Holocausto caníbal,"Cuatro jóvenes documentalistas se adentran en la selva amazónica (América del Sur) para realizar un reportaje sobre las tribus que habitan en esa región, de las que se dice que todavía practican el canibalismo. Debido a la desaparición de los reporteros, dos meses después un grupo de rescate es enviado para averiguar qué ha sido de ellos; lo único que encuentran es el material filmado sobre su terrible fin.",1980-02-07,Terror,6.26
Slanted,"Una insegura adolescente chino-estadounidense se somete a cirugía experimental para parecer blanca, con la esperanza de asegurarse el título de reina del baile y la aceptación de sus compañeros.",2026-03-13,Terror,6.107
Terrifier,"El payaso psicópata Art, aterroriza a dos chicas durante la noche de Halloween, matando a todos aquellos que se interponen en su camino.",2018-01-25,Terror,6.314
We Bury the Dead,"Ava, una mujer desesperada cuyo marido ha desaparecido tras un catastrófico experimento militar, se une a una ""unidad de recuperación de cadáveres"", pero su búsqueda da un giro escalofriante cuando los cadáveres que está enterrando empiezan a dar señales de vida.",2026-01-01,Terror,6.04
La bruja,"Nueva Inglaterra en el año 1630. Una familia de colonos cristiana, formada por un matrimonio y sus cinco hijos, vive cerca de un bosque que, según las creencias populares, está controlado por un mal sobrenatural. Cuando su hijo recién nacido desaparece y los cultivos no crecen, los miembros de la familia se rebelan los unos contra los otros. Más allá de sus peores temores, un mal sobrenatural les acecha en el bosque cercano.",2016-02-19,Terror,7.002
Señales,"Graham Hess es un pastor protestante que vive con sus dos hijos y con su hermano, Merrill, una antigua estrella del béisbol que trabaja en una gasolinera. Tras la muerte de su esposa en un accidente de tráfico, Graham pierde la fe y, en consecuencia, abandona a sus feligreses. Una mañana, al despertarse, se encuentra con que sus hijos han hecho un descubrimiento escalofriante en los campos de maíz que rodean su granja.",2002-08-02,Terror,6.706
Háblame,"La solitaria adolescente Mia se engancha a la emoción de invocar espíritus utilizando una mano embalsamada, pero cuando se enfrenta a un alma que dice ser su madre muerta, desata una plaga de fuerzas sobrenaturales y se debate entre decidir en quién puede confiar: en los vivos o en los muertos.",2023-07-26,Terror,7.143
Barbarian,"Una joven que viaja a Detroit para una entrevista de trabajo alquila una casa para pasar la noche. Pero cuando llega a altas horas de la noche, descubre que la casa está doblemente reservada y que un hombre extraño ya se está quedando allí. En contra de su buen juicio, decide pasar la noche allí, pero pronto descubre que hay mucho más que temer que un invitado inesperado.",2022-09-08,Terror,6.9
Killer Whale,Las mejores amigas Maddie y Trish quedan atrapadas en una remota laguna con la peligrosa orca Ceto.,2026-01-16,Terror,5.7
镜花风月一之怪谈,,1987-01-01,Terror,0.0
It Follows,"Jay, de 18 años, tiene su primer encuentro sexual con su novio en la parte trasera del coche. Tras el hecho, aparentemente inocente, la situación se pone algo tensa cuando su novio hace que ella se desmaye aplicándole cloroformo.  Al despertar, el novio le explica que lo hizo para ahuyentar a una serie de espíritus que lo acosan. A partir de ese momento, es Jay quien sufrirá las consecuencias de ese acoso, encontrándose sumergida en visiones y pesadillas; teniendo la sensación de que alguien o algo la observa.",2015-02-04,Terror,6.585
Terrifier 2,"Después de ser resucitado por una entidad siniestra, Art the Clown regresa al condado de Miles, donde debe cazar y destruir a una adolescente y a su hermano menor en la noche de Halloween.",2022-10-06,Terror,6.674
El infierno verde,"Justine y sus idealistas compañeros activistas de Nueva York viajan a la selva en Perú para impedir la destrucción de una parte de la jungla por la tala de árboles que perturbe la vida de una tribu indígena local. Hasta aquí todo son buenas intenciones, que se torcerán cuando descubran que la tribu en cuestión es caníbal.",2013-09-08,Terror,5.749
The Sadness,"Una pareja joven es llevada al límite de la cordura mientras trata de reunirse en medio del caos de un brote pandémico. Las calles se convierten en violencia y depravación, a medida que los infectados se ven empujados a realizar las cosas más crueles y horribles que te puedas imaginar. Asesinato, tortura, violación y mutilación son solo el comienzo. Ya pasó la era de la civilidad y el orden. Solo queda 'The Sadness'.",2021-01-22,Terror,6.836
Tumbal Proyek,,2026-05-13,Terror,4.2
Señales,"Graham Hess es un pastor protestante que vive con sus dos hijos y con su hermano, Merrill, una antigua estrella del béisbol que trabaja en una gasolinera. Tras la muerte de su esposa en un accidente de tráfico, Graham pierde la fe y, en consecuencia, abandona a sus feligreses. Una mañana, al despertarse, se encuentra con que sus hijos han hecho un descubrimiento escalofriante en los campos de maíz que rodean su granja.",2002-08-02,Terror,6.706
Posesión infernal (Evil Dead),"Cinco amigos se alojan en una cabaña de Tenessee para así poder ayudar a una de los jóvenes, que se encuentra en rehabilitación por drogas. Estar sin sus drogas convierte a la chica en una persona agresiva, lo que llevará a sus amigos a no darse cuenta de que en realidad esta poseída por demonios que fueron desatados al leer el Necromicon... Remake del clásico de Raimi.",2013-04-05,Terror,6.607
Sleepy Hollow (El Jinete sin Cabeza),"Durante la Guerra de Secesión Americana, un policía de Nueva York que utiliza avanzados métodos de investigación es enviado al pueblo de Sleepy Hollow para descubrir qué hay de verdad en la leyenda de un jinete sin cabeza que aterroriza a los habitantes del lugar. Una vez allí adopta la identidad de un profesor de escuela y se enamora de Katrina, que mantiene relaciones con uno de los hombres más conocidos del pueblo. Realidad y ficción se darán la mano en el momento menos pensado.",1999-11-19,Terror,7.194
Dangerous Drugs of Sex,,2020-02-14,Terror,6.446
Camino sangriento 5: Linaje caníbal,"En una pequeña ciudad de Virginia Occidental, tiene lugar el Mountain Man Festival el día de Halloween, donde una multitud de excursionistas acuden a la fiesta, disfrazados y listos para pasar una noche salvaje con música y diversión. Pero una familia endogámica de caníbales les aguará la fiesta. Quinta entrega de la saga KM 666",2012-10-18,Terror,5.484
Scream 2,"La universidad de Windsor ofrece una variada opción de materias para sus estudiantes, justo lo que Sidney Prescott necesita. Es primavera, dos años después de los asesinatos en Woodsboro, California, y el año escolar está llegando a su fin. Sid tiene una compañera de habitación, un novio y es la elegida para encabezar el reparto de la obra que se representa en la universidad este curso. Randy, otro de los supervivientes de los asesinatos de Woodsboro, estudia cine en Windsor. También es feliz, como Sid. Pero el pasado nunca queda atrás. De hecho, vuelve y alguien es asesinado mientras ve la película ""Stab"" (Puñalada) en el cine del campus, el día del estreno nacional. Stab, basada en la novela superventas escrita por la periodista Gale Weathers, describe los asesinatos de Woodsboro. El libro no sólo se vendió como rosquillas, además ayudó a salir de la prisión a Cotton Weary, el hombre acusado por Sidney de la muerte de su madre.",1997-12-12,Terror,6.521
Las colinas tienen ojos,"Los Carter, una familia de clase media, ven truncadas sus vacaciones cuando su caravana sufre un extraño accidente en el desierto de Nuevo México. Aislados del mundo, pronto se darán cuenta de que no están solos. En las colinas habita una estirpe de sanguinarios mutantes, fruto de las continuas pruebas nucleares del ejército, y que no dudarán en aniquilar a los Carter de las formas más espeluznantes.",2006-03-10,Terror,6.471
Aniquilación,"Cuando su marido desaparece durante una misión secreta, la bióloga Lena se une a una expedición a una misteriosa región acordonada por el gobierno de Estados Unidos. El grupo, compuesto por varias mujeres científicas, investiga la Zona X, un intrigante lugar controlado por una poderosa fuerza alienígena del planeta Tierra. La Zona X es un lugar al que han ido otras expediciones, pero del que ninguna ha vuelto.",2018-02-22,Terror,6.442
La monja II,"En 1956 en Francia, un sacerdote es asesinado y parece que un mal se está extendiendo. La hermana Irene una vez más se encuentra cara a cara con una fuerza demoníaca.",2023-09-06,Terror,6.643
El hijo,"Todo lo que los Breyer han querido siempre es algo teóricamente simple: un hijo. A pesar de sus intentos, ese deseo no parece hacerse realidad. Hasta que, una noche, algo cae en la granja en la que viven: una nave que lleva a un niño dentro. Conforme este va creciendo, descubre que tiene unas habilidades especiales que no le permiten encajar, unas habilidades que acaban sacando de él lo peor de sí mismo.",2019-05-09,Terror,6.154
Camino sangriento 4: El origen,"Precuela de la original ""Wrong Turn"" (Km. 666 - Desvío al infierno), del año 2003, protagonizada por los tres caníbales de dicha entrega.",2011-10-17,Terror,5.746
La última casa a la izquierda,"Remake de la película ""La última casa a la izquierda"", dirigida por Wes Craven en 1972. Mari Collingwood llega con sus padres a la casa que tienen junto al lago para pasar unos días. Esa misma tarde, saliendo por la zona con su amiga Paige, ambas son secuestradas por Krug, un psicópata que ha escapado de la cárcel, y sus compañeros, su perturbada novia Sadie, su sádico hermano Francis, y su anulado hijo Justin.",2009-03-13,Terror,6.498
El ciempiés humano 2,"Martin es un solitario con problemas mentales que vive con su madre en un barrio marginal de Londres. Trabaja en el turno nocturno como guardia de seguridad en un estacionamiento subterráneo. Allí se obsesiona cada noche viendo una y otra vez la película 'The Human Centipede' en el pequeño televisor de su oficina. Al borde de la locura por culpa de su padre, y su difícil niñez, Martin pone en marcha un plan para emular el ciempiés humano que tantas veces ha visto en su película favorita. Secuela del largometraje holandés ""The Human Centipede"" (2009).",2011-10-06,Terror,4.77
Porno,"Cinco adolescentes empleados de un cine en una pequeña localidad cristiana descubren una misteriosa película oculta en el sótano que desata un súcubo que les enseña educación sexual, escrita en sangre.",2019-06-28,Terror,5.993
Smile,"Tras presenciar un extraño y traumático incidente con un paciente, la doctora Rose Cotter comienza a experimentar sucesos aterradores que no puede explicar. A medida que un miedo sobrecogedor comienza a afectar a todos los aspectos de su vida, Rose se verá obligada a afrontar a su problemático pasado para sobrevivir y escapar de su terrorífica nueva realidad.",2022-09-23,Terror,6.672
El Susurro,Lucía y Adrián huyen de su padre violento a una mansión. Descubren una red de snuff y una maldición familiar.,2026-01-22,Terror,7.192
La muerte del unicornio,"Padre e hija, Ridley y Elliot, atropellan a un unicornio con su coche y lo llevan al refugio, en medio de la naturaleza, de un multimillonario director de una farmacéutica.",2025-03-17,Terror,6.403
Salikmata,,2025-10-22,Terror,3.3
Bienvenidos a Zombieland,"En un mundo plagado de zombis, Columbus es un gallina, un joven que se encuentra aterrorizado por la situación, pero cuando te juegas el ser comido por los zombies, el miedo puede mantenerte vivo. De hecho su cobardía precisamente le ha permitido que sus sesos aún se mantengan en su cabeza. Entonces un día conoce a Tallahassse, un macarra caza zombies cuya única determinación en su vida es lograr el último Twinkie (dulce americano) en la tierra. Cuando ambos unen fuerzas con Wichita y Little Rock, que también han encontrado una manera original de sobrevivir en ese caos, tendrán que elegir qué es peor: si confiar los unos en los otros para sobrevivir o sucumbir ante los zombies.",2009-10-02,Terror,7.259
Muñeco diabólico,"El vudú y el terror se apoderan de un muñeco de aspecto inocente habitado por el alma de un asesino en serie. Cuando Andy Barclay, un niño de seis años de edad, asegura que “Chucky”, su nuevo muñeco, ha arrojado violentamente por la ventana a su niñera, nadie le cree. Pero una larga serie de horribles asesinatos conduce al detective que se ocupa del caso hasta el muñeco y, entonces, descubre que el auténtico terror no ha hecho más que empezar. El malvado muñeco pretende transferir su diabólico espíritu a un ser humano, y el pequeño Andy parece ser el candidato perfecto.",1988-11-09,Terror,6.754
Encontré al diablo,"Kyung-chul es un psicópata peligroso que mata por placer y que ha cometido varios asesinatos con unos métodos diabólicos difíciles de imaginar. Sus víctimas son chicas jóvenes. La policía lleva tiempo intentando capturarlo. Un día, aparece asesinada la hija de un jefe de policía retirado. El novio de la chica, un agente secreto, jura vengarse.",2010-08-12,Terror,7.802
The Deadly Little Mermaid,,2026-03-06,Terror,5.0
Destino final 4,"Nick O’Bannon y unos amigos acuden a un circuito de carreras para presenciar una prueba del Nascar. Durante ésta tiene lugar un terrible accidente que conlleva desastrosas consecuencias para el estadio. Pero Nick descubre que se trata de sólo una visión de algo que está a punto de suceder, y junto con otras doce personas consigue salir del recinto y escapar de una tragedia segura. Pensando que han burlado a la muerte, el grupo continúa con su vida, pero desafortunadamente para Nick, Lori y sus amigos sólo es el principio, ya que la muerte no deja cabos sueltos, y regresará para llevarse a los supervivientes de una manera brutal.",2009-08-26,Terror,5.611
Aniquilación,"Cuando su marido desaparece durante una misión secreta, la bióloga Lena se une a una expedición a una misteriosa región acordonada por el gobierno de Estados Unidos. El grupo, compuesto por varias mujeres científicas, investiga la Zona X, un intrigante lugar controlado por una poderosa fuerza alienígena del planeta Tierra. La Zona X es un lugar al que han ido otras expediciones, pero del que ninguna ha vuelto.",2018-02-22,Terror,6.442
El hijo,"Todo lo que los Breyer han querido siempre es algo teóricamente simple: un hijo. A pesar de sus intentos, ese deseo no parece hacerse realidad. Hasta que, una noche, algo cae en la granja en la que viven: una nave que lleva a un niño dentro. Conforme este va creciendo, descubre que tiene unas habilidades especiales que no le permiten encajar, unas habilidades que acaban sacando de él lo peor de sí mismo.",2019-05-09,Terror,6.154
Heretic,Dos jóvenes misioneras se ven obligadas a demostrar su fe cuando llaman a la puerta equivocada y son recibidas por el Sr. Reed. Los tres se verán envueltos en un brutal juego del gato y el ratón durante una larga noche de tormenta.,2024-10-31,Terror,6.972
La última casa a la izquierda,"Remake de la película ""La última casa a la izquierda"", dirigida por Wes Craven en 1972. Mari Collingwood llega con sus padres a la casa que tienen junto al lago para pasar unos días. Esa misma tarde, saliendo por la zona con su amiga Paige, ambas son secuestradas por Krug, un psicópata que ha escapado de la cárcel, y sus compañeros, su perturbada novia Sadie, su sádico hermano Francis, y su anulado hijo Justin.",2009-03-13,Terror,6.498
Las colinas tienen ojos,"Los Carter, una familia de clase media, ven truncadas sus vacaciones cuando su caravana sufre un extraño accidente en el desierto de Nuevo México. Aislados del mundo, pronto se darán cuenta de que no están solos. En las colinas habita una estirpe de sanguinarios mutantes, fruto de las continuas pruebas nucleares del ejército, y que no dudarán en aniquilar a los Carter de las formas más espeluznantes.",2006-03-10,Terror,6.471
El Extraño,"La vida de un pueblo coreano es trastornada por una serie de asesinatos, salvajes y misteriosos, que azota por casualidad a la pequeña comunidad rural. Los rumores y las supersticiones se propagan a causa de la presencia, desde hace poco tiempo, de un anciano extranjero que vive como un ermita. Ante la incompetencia de la policía para encontrar al asesino y sin tener una explicación racional, algunos habitantes del pueblo buscan a un chamán. Jong-gu, un policía cuya familia está directamente amenazada, también cree que se trata de crímenes sobrenaturales…",2016-05-12,Terror,7.376
Destino final,"Al subir a un avión con destino a Paris, junto con sus compañeros de clase, Alex tiene una premonición, por lo que desembarca justo antes de despegar junto a seis de sus amigos y una profesora. Poco después el aparato explota en el aire. El grupo de supervivientes se verá perseguido por la dama de la guadaña, la propia muerte, que no se dará por vencida. Acosado por el FBI que considera a Alex responsable del accidente y perseguido por sus propios miedos, el joven deberá descubrir que las coincidencias y los accidentes no son algo casual.",2000-03-17,Terror,6.6
Bienvenidos a Zombieland,"En un mundo plagado de zombis, Columbus es un gallina, un joven que se encuentra aterrorizado por la situación, pero cuando te juegas el ser comido por los zombies, el miedo puede mantenerte vivo. De hecho su cobardía precisamente le ha permitido que sus sesos aún se mantengan en su cabeza. Entonces un día conoce a Tallahassse, un macarra caza zombies cuya única determinación en su vida es lograr el último Twinkie (dulce americano) en la tierra. Cuando ambos unen fuerzas con Wichita y Little Rock, que también han encontrado una manera original de sobrevivir en ese caos, tendrán que elegir qué es peor: si confiar los unos en los otros para sobrevivir o sucumbir ante los zombies.",2009-10-02,Terror,7.259
Los elegidos,"Los Barret son una familia que vive en los suburbios. Lacey y Daniel (Keri Russell &amp; Josh Hamilton) presencian una serie de extraños acontecimientos perturbadores que afectan a su familia, a su seguridad y a su tranquilidad. Cuando descubren que su familia es el objetivo de una inimaginable y terrorífica fuerza mortal, ambos tendrán que hacer todo lo que esté en sus manos para resolver este oscuro misterio.",2013-02-21,Terror,6.354
El Susurro,Lucía y Adrián huyen de su padre violento a una mansión. Descubren una red de snuff y una maldición familiar.,2026-01-22,Terror,7.192
La monja II,"En 1956 en Francia, un sacerdote es asesinado y parece que un mal se está extendiendo. La hermana Irene una vez más se encuentra cara a cara con una fuerza demoníaca.",2023-09-06,Terror,6.643
Silencio desde el mal,"Un joven viudo regresa a su hogar para investigar el asesinato de su mujer. Allí descubre la leyenda de Mary Shaw, una ventrílocua que pidió ser enterrada junto a sus 101 ""muñecos"". Uno de ellos parece haber vuelto de la tumba, y no precisamente con buenas intenciones... De los creadores de ""Saw"".",2007-03-16,Terror,6.45
The House on Haunted Grounds,"Entraron a una casa embrujada con antecedentes por posesión de drogas y asesinato. Las víctimas nunca salieron, pero las imágenes sí.",2026-01-09,Terror,6.521
28 semanas después,"Seis meses después de que la propagación del virus haya aniquilado las Islas Británicas, el ejército de los Estados Unidos declara que ha ganado la guerra contra la infección y que puede comenzar la reconstrucción del país. Con la primera ola de refugiados que vuelve al país, una familia consigue reencontrarse. Pero uno de los miembros guarda un terrible secreto sin ser consciente de ello. El virus aún no ha sido destruido y en esta ocasión, es más peligroso que nunca.",2007-04-26,Terror,6.606
Pearl,"Atrapada en la granja aislada de su familia, Pearl debe atender a su padre enfermo bajo la amarga y dominante vigilancia de su devota madre. Deseosa de una vida glamorosa como la que ha visto en las películas, las ambiciones, tentaciones y represiones de Pearl chocan.",2022-09-16,Terror,7.234
Aliens vs. comandos,"Un equipo de comandos de las Fuerzas Especiales es abducido por una misteriosa nave espacial durante una operación militar. Al despertar, los soldados desconocen su paradero y pronto descubren que están prisioneros de una despiadada raza alienígena, lo que desencadena una frenética lucha por su supervivencia.",2025-07-25,Terror,6.151
A ciegas,"Thriller posapocalíptico en el que una mujer y sus dos hijos, estos con los ojos vendados, navegan río abajo tras una sangrienta invasión alienígena de la Tierra intentando evitar a las criaturas extraterrestres. Cuando algo misterioso diezma la población mundial, solo se sabe una cosa: si lo ves, te suicidas. Malorie deberá huir junto a sus dos hijos por un caudaloso y traicionero río, rumbo al único sitio que parece ofrecer refugio. Pero para sobrevivir, deberán completar el peligroso viaje de dos días con los ojos vendados.",2018-12-13,Terror,6.823
Camino sangriento 4: El origen,"Precuela de la original ""Wrong Turn"" (Km. 666 - Desvío al infierno), del año 2003, protagonizada por los tres caníbales de dicha entrega.",2011-10-17,Terror,5.746
La muerte del unicornio,"Padre e hija, Ridley y Elliot, atropellan a un unicornio con su coche y lo llevan al refugio, en medio de la naturaleza, de un multimillonario director de una farmacéutica.",2025-03-17,Terror,6.403
Posesión infernal (Evil Dead),"Cinco amigos se alojan en una cabaña de Tenessee para así poder ayudar a una de los jóvenes, que se encuentra en rehabilitación por drogas. Estar sin sus drogas convierte a la chica en una persona agresiva, lo que llevará a sus amigos a no darse cuenta de que en realidad esta poseída por demonios que fueron desatados al leer el Necromicon... Remake del clásico de Raimi.",2013-04-05,Terror,6.607
Bitelchús Bitelchús,"Tras una inesperada tragedia familiar, tres generaciones de la familia Deetz regresan a Winter River. La vida de Lydia, todavía atormentada por Bitelchús, da un vuelco cuando su rebelde hija adolescente, Astrid, descubre la misteriosa maqueta de la ciudad en el desván y el portal al Más Allá se abre accidentalmente. Con los problemas que se avecinan en ambos reinos, es sólo cuestión de tiempo que alguien diga el nombre de Bitelchús tres veces y el travieso demonio regrese para desatar su propio caos.",2024-09-04,Terror,6.931
El hombre invisible,"Dos semanas después de escapar de su tóxica relación con el rico y brillante científico Adrian Griffin, Cecilia está convencida de que Adrian va a aparecer en cualquier momento… hasta que recibe una nota comunicándole el suicidio de su expareja.",2020-02-26,Terror,7.089
Scream 3,"Después de los terroríficos acontecimientos que tuvieron lugar en la localidad de Woodsboro, Sidney vive alejada del mundo en una casita de las montañas, intentando olvidar el pasado. Se dedica a proporcionar apoyo moral a mujeres con problemas a través del teléfono; pero, un día, alguien la llama para informarla de los asesinatos que se están produciendo durante el rodaje de ""Puñaladas 3"", película basada en los hechos de los que ella fue protagonista.",2000-02-04,Terror,6.01
Vampires of the Velvet Lounge,"Un seductor aquelarre de vampiros utiliza aplicaciones de citas para atraer a solteros desprevenidos a su decadente bar, hasta que coinciden accidentalmente con cazadores de vampiros. A medida que la noche se convierte en un caos sangriento, la seducción y la supervivencia chocan.",2026-03-20,Terror,5.875
La posesión,"Berlín, antes de la caída del muro. Cuando Marc regresa de un viaje encuentra a su esposa Anna cambiada, muy nerviosa y perturbada. Por fin, le confiesa que tiene una aventura y lo abandona. Marc cae en una terrible depresión que lo lleva casi al borde de la locura. Unas semanas después, el detective privado que ha contratado para que siga a su mujer es salvajemente asesinado. La verdad sobre la aventura secreta de Anna se revelará monstruosa.",1981-05-27,Terror,7.326
#Vivo,"La rápida propagación de una infección desconocida provoca el caos absoluto en una ciudad. Sin embargo, un ciudadano que vive completamente solo logra permanecer al margen de ella. Esta es su historia.",2020-06-24,Terror,7.214
Scream 4,"Sidney Prescott ha logrado olvidar los asesinatos cometidos en Woodsboro. Diez años después, convertida en una escritora de éxito, vuelve a su pueblo natal con motivo de la gira de promoción de su nuevo libro. Pero su regreso irá acompañado de una nueva ola de crímenes perpetrados por un viejo conocido: Ghostface.",2011-04-13,Terror,6.484
Art of the Devil 2,"La historia comienza con la reunión de seis estudiantes que años después de terminar con sus estudios deciden hacer una visita a su antigua maestra, a la que le causaron mala reputación por una broma de mal gusto. Ahora, ella conoce actos de magia negra y está dispuesta a vengarse de todo el daño que le hicieron sus ex-alumnos.",2005-12-01,Terror,6.734
The Faculty,"El instituto Herrington es un sitio de mugrientas paredes, anticuados libros de texto y profesores quemados. No hay dinero para excursiones ni para ordenadores nuevos ni para el departamento de Música. Los alumnos son de lo más heterogéneo: solitarios, líderes, pandilleros y cerebritos. Como todos los adolescentes del mundo, han de vérselas con unos padres que no los entienden, con unos profesores que los subestiman y, además, con sus activas hormonas. Lo que ignoran es que están a punto de enfrentarse con algo que nunca podrían haber imaginado.",1998-12-25,Terror,6.564
Destino final 3,"Una estudiante del instituto tiene una premonición sobre una tragedia en un parque de atracciones local, por lo que decide no montarse en una montaña rusa que presiente va a descarrilar...",2006-02-09,Terror,6.2
Wrong Turn. Sendero al infierno,"Jen y un grupo de amigos se dispusieron a caminar por el sendero de los Apalaches. A pesar de las advertencias de que se adhieran al sendero, los excursionistas se desvían del rumbo y se adentran en tierras habitadas por The Foundation, una comunidad oculta de habitantes de las montañas que utilizan medios letales para proteger su forma de vida. De repente, bajo asedio, Jen y sus amigos parecen dirigirse al punto sin retorno, a menos que el padre de Jen pueda llegar a tiempo.",2021-01-26,Terror,5.948
Bulbbul,"Tras haber vivido un matrimonio arreglado, una mujer enigmática con un pasado doloroso se enfoca en su hogar mientras una plaga de crímenes sobrenaturales azota su aldea.",2020-06-24,Terror,6.6
El placer de la tortura,"Ambientada en el Japón del Período Edo, la película narra tres historias distintas que tienen como nexo común la tortura en dicha época.",1968-09-28,Terror,5.6
La caza,"Doce extraños se despiertan en el claro de un bosque con muchas preguntas sin respuesta. ¿Dónde están? ¿Cómo llegaron allí? ¿Y por qué o con qué propósito están ahí? La respuesta a todas esas preguntas es: La caza, un juego macabro ideado por miembros de las élites globales, que se reúnen en un punto remoto o una casa para cazar humanos por diversión. Ellos son las presas; el resto, los cazadores. Pero todo está a punto de cambiar cuando Crystal, una de las jóvenes que se encuentra entre los ""cazados"", le da la vuelta al juego y empieza a inclinar la balanza a su favor. Uno a uno, comienza a deshacerse de los miembros de la élite que pretende darles caza, con la intención de llegar hasta la misteriosa mujer (Hilary Swank) que mueve los hilos de todo aquello.",2020-03-11,Terror,6.644
Gremlins,"Rand es un viajante que un día regala a su hijo Billy una tierna y extraña criatura, un mogwai. El inocente regalo, sin embargo, será el origen de toda una ola de gamberradas y fechorías en un pequeño pueblo de Estados Unidos. Todo empieza cuando son infringidas, una tras otra, las tres reglas básicas que deben seguirse para cuidar a un mogwai: no darle de comer después de medianoche, no mojarlo y evitar que le dé la luz del Sol.",1984-06-08,Terror,7.143
The Medium,Una historia espantosa sobre la herencia de un chamán en la región de Isan en Tailandia. Pero la diosa que parece haber tomado posesión de un miembro de la familia resulta no ser tan benevolente como parece.,2021-07-14,Terror,6.997
Así en la Tierra como en el Infierno,"Bajo los kilómetros y kilómetros de tortuosas catacumbas que hay bajo las calles de París, un grupo de exploradores se aventura entre los cientos de miles de huesos sin catalogar que ocupan el laberinto y acaban descubriendo cuál era la verdadera función de esta ciudad de los muertos. El recorrido se convierte en un viaje al corazón del terror. AS ABOVE, SO BELOW llega a lo más profundo de la mente humana, sacando a la luz los demonios que regresan para perseguirnos. (FILMAFFINITY)",2014-08-14,Terror,6.747
Cisza nocna,,2024-10-31,Terror,4.7
Triangle,"Cuando Jess, de camino al puerto, atropella a una gaviota, no se imagina que se trata de un mal presagio. Cuando llega al yate, donde lo espera un grupo de amigos, nota que algo va mal, pero no acierta a saber por qué. Sus temores se acrecientan cuando se desencadena una tormenta que obliga al grupo a abandonar el yate para subir a otro barco, en el que Jess tiene la sensación de haber estado antes. El barco parece desierto, pero no están solos. Alguien los está cazando uno a uno. Y Jess, sin saberlo, tiene la llave que puede acabar ese horror.",2009-10-16,Terror,6.921
The House on Haunted Grounds,"Entraron a una casa embrujada con antecedentes por posesión de drogas y asesinato. Las víctimas nunca salieron, pero las imágenes sí.",2026-01-09,Terror,6.521
Destino final 3,"Una estudiante del instituto tiene una premonición sobre una tragedia en un parque de atracciones local, por lo que decide no montarse en una montaña rusa que presiente va a descarrilar...",2006-02-09,Terror,6.152
La matanza de Texas,"Cinco adolescentes visitan la tumba, supuestamente profanada, del abuelo de uno de ellos. Cuando llegan al lugar, donde hay un siniestro matadero, toman una deliciosa carne en una gasolinera. A partir de ese momento, los jóvenes vivirán la peor pesadilla de toda su vida.",1974-10-11,Terror,7.287
Zombies Party,"La vida de Shaun es un callejón sin salida. Se pasa la vida en la taberna local con su amigo íntimo Ed, discute con su madre y descuida a su novia, Liz. Cuando Liz le deja plantado. Shaun decide, finalmente, poner su vida en orden. Tiene que reconquistar el corazón de su novia, enmendar sus relaciones con su madre y enfrentarse a las responsabilidades de un adulto.",2004-04-09,Terror,7.544
The Deadly Little Mermaid,,2026-03-06,Terror,5.0
Blade II,"Una nueva raza de vampiros, los Reapers, surge para atacar tanto a los humanos como a los de su propia raza, causando el terror. El Consejo de la Sombra, un grupo de vampiros que teme por su supervivencia y que tiene su sede en Praga, contacta con Blade para que acabe con ellos.",2002-03-22,Terror,6.566
Shin Godzilla,"Cuando un monstruo enorme y con branquias emerge de las profundidades y arrasa la ciudad, el gobierno se apresura a salvar a sus ciudadanos. Un equipo de voluntarios improvisado corta una red de trámites burocráticos para descubrir la debilidad del monstruo y sus misteriosos vínculos con una superpotencia extranjera. Pero el tiempo no está de su lado: la mayor catástrofe que jamás haya asolado el mundo está a punto de ocurrir ante sus propios ojos.",2016-07-29,Terror,7.234
Shark. El demonio del mar,"A raíz de un experimento fallido, dos docenas de tiburones blancos se han adueñado de las costas de Ciudad del Cabo, donde han provocado varias muertes. Bajo este clima de terror, un experto cazador de tiburones consigue capturar una hembra embarazada.",2000-12-05,Terror,5.2
Entrevista con el vampiro,"En ""Entrevista con el Vampiro"" somos testigos de cómo el vampiro llamado Louis revela a un periodista su condición sobrenatural y su extensa ""vida"" a través de los últimos dos siglos. Una historia que comienza en la vieja Nueva Orleans del siglo dieciocho, cuando franceses y españoles habitaban las costas del Mississipi. Lestat, un vampiro pomposo y arrogante, acento francés, arrebata la vida humana de Louis de Pointe du Lac, joven criollo y terrateniente signado por desgracias familiares, para otorgarle el don oscuro: lo convierte en uno de los de su clase. A partir de ese momento los une no sólo su condición vampírica sino un afecto-odio que los llevará al principio por caminos similares y luego a la más trágica separación. Conforme pasan las décadas, estos personajes inmortales crean a una niña vampira de nombre Claudia, la cual influirá indefectiblemente en su separación.",1994-11-11,Terror,7.391
Aliens vs. comandos,"Un equipo de comandos de las Fuerzas Especiales es abducido por una misteriosa nave espacial durante una operación militar. Al despertar, los soldados desconocen su paradero y pronto descubren que están prisioneros de una despiadada raza alienígena, lo que desencadena una frenética lucha por su supervivencia.",2025-07-25,Terror,6.151
28 semanas después,"Seis meses después de que la propagación del virus haya aniquilado las Islas Británicas, el ejército de los Estados Unidos declara que ha ganado la guerra contra la infección y que puede comenzar la reconstrucción del país. Con la primera ola de refugiados que vuelve al país, una familia consigue reencontrarse. Pero uno de los miembros guarda un terrible secreto sin ser consciente de ello. El virus aún no ha sido destruido y en esta ocasión, es más peligroso que nunca.",2007-04-26,Terror,6.607
Saw X,"Entre los acontecimientos de ""Saw"" y ""Saw II"", un enfermo y desesperado John Kramer viaja a México para someterse a un tratamiento médico arriesgado y experimental con la esperanza de encontrar una cura para su cáncer, pero descubre que todo forma parte de una operación con el fin de estafar a  los más desesperados.",2023-09-27,Terror,7.16
The Descent,"Seis amigas se reúnen en una remota montaña para emprender una expedición espeleológica. Juno, que dirige al grupo es dura, persuasiva y peligrosa. Las demás son las hermanastras Rebecca y Sam, Holly y Beth, una profesora de inglés que va a regañadientes para cuidar de Sarah. Ésta se está recuperando de un colapso mental causado por la muerte de su marido y su hijo un año antes. El grupo queda atrapado en una cueva cuando una roca se desprende y bloquea la salida. Mientras buscan otra salida en medio de un laberinto de túneles, son perseguidas por una raza de hambrientos depredadores.",2005-07-08,Terror,6.983
A ciegas,"Thriller posapocalíptico en el que una mujer y sus dos hijos, estos con los ojos vendados, navegan río abajo tras una sangrienta invasión alienígena de la Tierra intentando evitar a las criaturas extraterrestres. Cuando algo misterioso diezma la población mundial, solo se sabe una cosa: si lo ves, te suicidas. Malorie deberá huir junto a sus dos hijos por un caudaloso y traicionero río, rumbo al único sitio que parece ofrecer refugio. Pero para sobrevivir, deberán completar el peligroso viaje de dos días con los ojos vendados.",2018-12-13,Terror,6.823
Resident Evil: Bienvenidos a Raccoon City,"Nueva adaptación al cine de los videojuegos de Capcom. La que fue una pujante ciudad sede del gigante farmacéutico Umbrella Corporation, Raccoon City, es ahora un pueblo agonizante del Medio Oeste. El éxodo de la compañía dejó a la ciudad convertida en un erial… con un gran mal gestándose bajo la superficie. Cuando ese mal se desata, un grupo de supervivientes deben unirse para destapar la verdad detrás de Umbrella y sobrevivir a la noche.",2021-11-24,Terror,5.936
Sharkenstein,,2016-08-01,Terror,2.956
Succubus,"Un nuevo padre que lucha contra la fatiga, las inseguridades emocionales y un matrimonio fallido se une a una aplicación de citas, solo para deslizar el dedo hacia lo que puede ser una presencia inhumana.",2024-10-06,Terror,8.549
Entrevista con el vampiro,"En ""Entrevista con el Vampiro"" somos testigos de cómo el vampiro llamado Louis revela a un periodista su condición sobrenatural y su extensa ""vida"" a través de los últimos dos siglos. Una historia que comienza en la vieja Nueva Orleans del siglo dieciocho, cuando franceses y españoles habitaban las costas del Mississipi. Lestat, un vampiro pomposo y arrogante, acento francés, arrebata la vida humana de Louis de Pointe du Lac, joven criollo y terrateniente signado por desgracias familiares, para otorgarle el don oscuro: lo convierte en uno de los de su clase. A partir de ese momento los une no sólo su condición vampírica sino un afecto-odio que los llevará al principio por caminos similares y luego a la más trágica separación. Conforme pasan las décadas, estos personajes inmortales crean a una niña vampira de nombre Claudia, la cual influirá indefectiblemente en su separación.",1994-11-11,Terror,7.391
Escape Room,"Seis personas, sin ninguna relación entre sí, reciben un misterioso paquete. Su interior contiene un mensaje que promete al propietario una oportunidad para alejarse de su vida rutinaria: participar en un ""escape room"".",2019-01-03,Terror,6.544
M3GAN,"M3GAN es una maravilla de la inteligencia artificial, una muñeca realista programada para ser la mejor compañera de los niños y la mayor aliada de los padres. Diseñada por Gemma, M3GAN es capaz de escuchar, observar y aprender mientras se convierte en amiga, profesora, compañera de juegos y protectora del niño al que se vincule. Cuando, inesperadamente, Gemma se convierte en la tutora legal de Cady, su sobrina huérfana de 9 años, no sabe muy bien qué hacer ni se siente preparada para ejercer de madre. Sometida a un intenso estrés laboral, Gemma decide vincular su prototipo de M3GAN a Cady en un intento de resolver ambos problemas, pero no tardará en descubrir las inimaginables consecuencias de su decisión.",2022-12-28,Terror,7.024
"Toc, toc","Dos chicas jóvenes se presentan sin previo aviso en la casa de un hombre casado, dispuestas a seducirle y complicar su vida perfecta. Remake de ""Death Game (Las sádicas), dirigida por Peter S. Traynor en 1977.",2015-06-26,Terror,5.393
Legión,"Dios ha perdido la fe en el ser humano, así que ha decidido enviar a su legión de ángeles a la Tierra para exterminar a la raza humana por segunda vez en la Historia. La única esperanza para salvar a la humanidad recae sobre un grupo de rebeldes escondidos en mitad del desierto, que recibirán la ayuda del mismísimo arcángel Miguel.",2010-01-21,Terror,5.903
Pasión obsesiva,"Nicole Walker es una bella joven de 16 años que vive con su padre, su madrastra y su hermanastro. Una noche al salir a una fiesta con su mejor amiga, conoce a David en una discoteca, y desde esa noche comienzan una tórrida relación adolescente. En un comienzo todo va muy bien porque David parece encanatador, pero poco a poco David, a raíz de los celos y de la pésima relación con el padre de ella, empieza a mostrar su verdera personalidad hasta convertirse en una pesadilla para Nicole y toda su familia. Cuenado Nicole decide terminar con David provocará el despertar del psicópata que él lleva adentro pues él jamás aceptará esta decisión, desembocando todo en un final trágico.",1996-04-12,Terror,6.638
Strange Darling,"Una joven tiene una aventura de una noche con un tipo inquietante, comenzando así una persecución de pesadilla.",2024-08-14,Terror,6.916
Underwater,Un grupo de investigadores submarinos debe ponerse a salvo después de que un terremoto destroce por completo el laboratorio subterráneo en el que trabajaban.,2020-01-08,Terror,6.288
Play Motel,"En el Motel Play, una serie de sangrientos asesinatos, se cobran las vidas de las bellas chicas que lo regentan. Todo apunta a que el asesino, es un hombre que viste de negro.",1979-01-01,Terror,5.7
No hables con extraños,"Cuando una familia estadounidense va invitada a pasar un fin de semana en la idílica finca campestre de una encantadora familia británica que conocieron en unas vacaciones, lo que comienza como una escapada de ensueño pronto se convierte en una retorcida pesadilla psicológica.",2024-09-11,Terror,7.118
ハードレイプ,,1987-01-05,Terror,0.0
Anaconda,"Un equipo de circo en apuros es engañado por un ex socio, mientras se embarca en una gira por Tailandia. Durante el viaje a través de una selva tropical del sudeste asiático, se enfrenta al ataque de una pitón gigante. Conocen a un hombre misterioso llamado Jeff que se ofrece a ayudar, pero pronto se dan cuenta de que es un cazador furtivo. Mientras buscan el barco de Jeff, se enfrentan a vida o muerte con la pitón y el propio Jeff.",2024-03-01,Terror,7.113
लक्ष्मी,,2020-11-09,Terror,4.414
Strangers: Capítulo 2,"De camino a su luna de miel, el vehículo de una pareja se avería, obligándoles a refugiarse en un remoto Airbnb. Al caer la noche, tres desconocidos enmascarados los aterrorizan hasta el amanecer.",2025-09-25,Terror,6.07
Annabelle: Creation,"Varios años después del trágico fallecimiento de su hija, un juguetero que crea muñecas y su mujer, acogen en su casa a una monja enfermera y a un grupo de niñas, tratando de convertir su casa en un acogedor orfanato. Sin embargo, las nuevos inquilinos se convertirán en el objetivo de Annabelle, una muñeca poseída por un ser demoníaco. Secuela de ""Annabelle"" (2014).",2017-08-03,Terror,6.609
La matanza de Texas,"Cinco adolescentes visitan la tumba, supuestamente profanada, del abuelo de uno de ellos. Cuando llegan al lugar, donde hay un siniestro matadero, toman una deliciosa carne en una gasolinera. A partir de ese momento, los jóvenes vivirán la peor pesadilla de toda su vida.",1974-10-11,Terror,7.287
Open Water,"Basada en hechos reales, narra una historia ocurrida en Las Bahamas. Una pareja adicta al trabajo había decidido tomarse un tiempo de relax y pasar unos días buceando. La lancha que los lleva, debido a un descuido de la tripulación, los abandona en medio de un mar, a la deriva y lejos de la costa, en unas aguas infestadas de tiburones... Según la crítica americana, la película de terror más impactante exhibida en el Festival de Sundance desde ""The Blair Witch Project"", en 1999.",2004-08-06,Terror,5.547
Así en la Tierra como en el Infierno,"Bajo los kilómetros y kilómetros de tortuosas catacumbas que hay bajo las calles de París, un grupo de exploradores se aventura entre los cientos de miles de huesos sin catalogar que ocupan el laberinto y acaban descubriendo cuál era la verdadera función de esta ciudad de los muertos. El recorrido se convierte en un viaje al corazón del terror. AS ABOVE, SO BELOW llega a lo más profundo de la mente humana, sacando a la luz los demonios que regresan para perseguirnos. (FILMAFFINITY)",2014-08-14,Terror,6.747
Saw IV,"A pesar de la muerte de Jigsaw, y para salvar la vida de dos de sus colegas, el teniente Rigg se ve obligado a participar en un nuevo juego, que promete ponerlo a prueba hasta el límite.",2007-10-25,Terror,6.2
R.L. Stine's Pumpkinhead,,2025-10-17,Terror,7.036
El placer de la tortura,"Ambientada en el Japón del Período Edo, la película narra tres historias distintas que tienen como nexo común la tortura en dicha época.",1968-09-28,Terror,5.6
Psycho Killer,"Una agente de policía sigue la pista de un asesino después de que su marido, un patrullero de carretera, se convierta en una de sus víctimas.",2026-02-19,Terror,6.16
La matanza de Texas,"Durante un viaje de Texas a México, un grupo de jóvenes recoge a una autoestopista ensangrentada que asegura que es la única superviviente de una masacre ocurrida la noche anterior en una casa cercana. Remake del clásico homónimo de Tobe Hooper (1974).",2003-05-21,Terror,6.3
Nadie te salvará,Una mujer lucha con unos extraterrestres que amenazan su futuro y la hacen enfrentarse a su pasado.,2023-09-21,Terror,6.712
Zombie Strippers,"En un futuro no demasiado lejano, un virus reanimador resultado de un experimento ultrasecreto del gobierno es liberado en un pueblo de Nebraska cerca de un club de striptease. A medida que el virus se expande, convertirá a las bailarinas del club en ""Super Zombie Strippers"", unas mujeres con un cuerpo de escandalo y un apetito por carne humana insaciable...",2008-04-18,Terror,4.9
Aliens vs. Predator 2,"Cuando una nave exploradora Predator se estrella, aparece en un pueblo de Colorado. Los Aliens a bordo escapan y matan a todos los Predators excepto a uno. El último Predator superviviente debe ahora acabar con todos los Aliens, así como con el terrorífico Pred-Alien que fue engendrado en la anterior entrega. Mientras tanto, los habitantes del pueblo están siendo inutilmente atrapados en medio del último enfrentamiento entre estas dos criaturas míticas.",2007-12-25,Terror,5.173
Strangers: Capítulo 2,"De camino a su luna de miel, el vehículo de una pareja se avería, obligándoles a refugiarse en un remoto Airbnb. Al caer la noche, tres desconocidos enmascarados los aterrorizan hasta el amanecer.",2025-09-25,Terror,6.07
Yummy,"Una joven pareja viaja al Europa del Este para realizar una cirugía plástica. La mujer desea una reducción de pecho, mientras que su madre, que acompaña a ambos jóvenes, anhela un estiramiento facial. En un momento del viaje, mientras el novio está dando un paseo por una zona abandonada del hospital, descubre accidentalmente a una mujer atada y amordazada a una mesa de operaciones, ella es el resultado de un tratamiento experimental de rejuvenecimiento. Él la libera, pero no se da cuenta de que acaba de causar el brote de un virus que transformará a los médicos, pacientes y su suegra en zombis sedientos de sangre.",2019-12-13,Terror,6.334
Eden Lake,"Una pareja, Steve y Jenny, se escapa de fin de semana romántico. Sin embargo, su tranquilidad se verá interrumpida cuando una banda de chicos jóvenes aparezca por el lugar. Estos, como acto de rebeldía, robarán las cosas a la pareja y destrozarán su coche. Steve les hará frente pero sufrirá un violento ataque. A partir de ese momento, Jenny tratará de escapar a través del bosque...",2008-09-12,Terror,6.839
Apocalipsis Z: el principio del fin,"Cuando una especie de rabia que transforma a la gente en criaturas agresivas se extiende por el planeta, Manel se aísla en casa con su gato, recurriendo a su ingenio para sobrevivir; pero pronto deberán salir a buscar comida, por tierra y por mar, sorteando muchos peligros.",2024-10-04,Terror,6.729
La trampa,"Un padre y su hija adolescente asisten a un concierto de música pop, donde se dan cuenta de que están en el centro de un oscuro y siniestro suceso.",2024-07-31,Terror,6.2
Gremlins,"Rand es un viajante que un día regala a su hijo Billy una tierna y extraña criatura, un mogwai. El inocente regalo, sin embargo, será el origen de toda una ola de gamberradas y fechorías en un pequeño pueblo de Estados Unidos. Todo empieza cuando son infringidas, una tras otra, las tres reglas básicas que deben seguirse para cuidar a un mogwai: no darle de comer después de medianoche, no mojarlo y evitar que le dé la luz del Sol.",1984-06-08,Terror,7.143
花と蛇 飼育篇,,1986-03-08,Terror,4.7
Destino final 2,"Kimberly Corman se va de vacaciones con sus amigos Dano , Shaina  y Frankie hacia Daytona Beach. De repente, un camión cargado de troncos pierde el control al reventarse la cadena que los sostiene, cayendo y rodando por la autopista donde se origina un trágico accidente, matando a todos los que se encuentran a su paso. Pero esto solo fue una premonición de Kimberly, que al volver a la realidad se asusta y detiene la camioneta en plena desviación de la autopista, de modo que ocasiona que los autos que van detrás se detengan haciendo un gran atasco. Un policía , se acerca a ver que ocurre, y Kim le cuenta lo que ha visto. El policía no le cree y trata de tranquilizarla haciéndole entender que es solo su imaginación, y le ruega que retire el auto del camino, pero Kim se niega, cuando de repente, el camión de troncos cruza ante sus ojos y se cumple la catástrofe, tal y como ella lo había contado.",2003-01-31,Terror,6.307
[REC],"Cada noche, Ángela, una joven reportera de una televisión local, sigue con su cámara a un grupo profesional distinto. Esta noche le toca entrevistar a los bomberos y tiene la secreta esperanza de poder asistir en directo a un impactante incendio. Pero la noche transcurre tranquilamente. Y cuando, por fin, reciben la llamada de una anciana que se ha quedado encerrada en su casa, no le queda otro remedio que seguirlos durante la misión de rescate. En el edificio donde vive la anciana, los vecinos están muy asustados. La mujer, encerrada en su piso, lanza unos gritos desgarradores. Los bomberos derriban la puerta y, seguidos por Ángela y el cámara, encuentran a la anciana semiinconsciente, rodeada por decenas de gatos. De pronto, la mujer se lanza sobre un bombero y le muerde salvajemente. Es sólo el comienzo de una larga pesadilla y de un dramático reportaje único.",2007-11-23,Terror,7.232
Oddity,"Darcy, una médium ciega y vendedora de curiosidades, sigue llorando la muerte de su hermana gemela tras un año desde su fallecimiento. Un maniquí de madera de su gabinete de curiosidades se convierte en un elemento crucial para descubrir la verdad sobre el asesinato de su hermana.",2024-07-19,Terror,6.675
Hombre lobo,"Blake es un hombre casado y padre de familia residente en San Francisco que hereda la remota casa donde creció en una zona rural de Oregón tras la desaparición de su propio padre, dado por muerto. En plena crisis de pareja con su enérgica esposa Charlotte, Blake la convence para tomarse un descanso de la gran ciudad y visitar la propiedad con su hija Ginger. Todo se tuerce cuando, de camino a la granja y en plena noche, la familia sufre el brutal ataque de un animal al que no consiguen ver y, en un intento desesperado por huir, se atrincheran dentro de la casa mientras la criatura merodea por la zona. Pero, con el paso de las horas, Blake comienza a comportarse de un modo extraño y a convertirse en algo irreconocible...",2025-01-15,Terror,6.2
Winnie the Pooh 2: El bosque sangriento,"En lo más profundo del Bosque de los Cien Acres, crece una furia destructiva cuando Winnie-the-Pooh, Piglet, Owl y Tigger ven peligrar su hogar y sus vidas después de que Christopher Robin revelara su existencia. No queriendo seguir viviendo en la sombra, el grupo decide llevar la lucha al pueblo de Ashdown, hogar de Christopher Robin, dejando un sangriento rastro de muerte y caos a su paso. Winnie y sus salvajes amigos demostrarán a todo el mundo que son más mortíferos, más fuertes y más listos de lo que nadie podría imaginar y conseguirán vengarse de Christopher Robin, de una vez por todas.",2024-03-26,Terror,5.771
Ella solo come carne,"Sofía y Minerva afrontan sus numerosos problemas de varias maneras... todos a la vez. Demasiados problemas, demasiado tiempo libre, un puñado de malos consejos y una impresionante capacidad para provocar caos hacen de este viaje interior un rato hilarante para cualquiera que pueda verlo. Al fin y al cabo, ver arder el mundo tiene su gracia.",2026-04-17,Terror,2.667
La astronauta,"Sam Walker (Kate Mara) regresa en extrañas circunstancias de su primera misión espacial. El general William Harris (Laurence Fishburne) la obliga a permanecer en cuarentena, bajo la estricta vigilancia de la NASA, en una casa aislada de alta seguridad. Pese a vivir en una aparente normalidad, Walker empieza a percibir sucesos inquietantes en los alrededores de la propiedad. Es entonces cuando comienza a temer que no haya vuelto sola a la Tierra.",2025-09-26,Terror,6.137
El Extraño,"La vida de un pueblo coreano es trastornada por una serie de asesinatos, salvajes y misteriosos, que azota por casualidad a la pequeña comunidad rural. Los rumores y las supersticiones se propagan a causa de la presencia, desde hace poco tiempo, de un anciano extranjero que vive como un ermita. Ante la incompetencia de la policía para encontrar al asesino y sin tener una explicación racional, algunos habitantes del pueblo buscan a un chamán. Jong-gu, un policía cuya familia está directamente amenazada, también cree que se trata de crímenes sobrenaturales…",2016-05-12,Terror,7.376
No hables con extraños,"Cuando una familia estadounidense va invitada a pasar un fin de semana en la idílica finca campestre de una encantadora familia británica que conocieron en unas vacaciones, lo que comienza como una escapada de ensueño pronto se convierte en una retorcida pesadilla psicológica.",2024-09-11,Terror,7.118
Lembayung,"Arum y Pica, que querían completar sus prácticas en el hospital de Lembayung, tuvieron que enfrentarse al misterioso terror de una mujer satán, sospechosa de haberse ahorcado en el cuarto de baño. La situación se volvió aún más tensa después de que pidieran ayuda a otras personas, hasta el punto de amenazar sus propias vidas y las de sus allegados.",2024-09-19,Terror,7.2
M3GAN,"M3GAN es una maravilla de la inteligencia artificial, una muñeca realista programada para ser la mejor compañera de los niños y la mayor aliada de los padres. Diseñada por Gemma, M3GAN es capaz de escuchar, observar y aprender mientras se convierte en amiga, profesora, compañera de juegos y protectora del niño al que se vincule. Cuando, inesperadamente, Gemma se convierte en la tutora legal de Cady, su sobrina huérfana de 9 años, no sabe muy bien qué hacer ni se siente preparada para ejercer de madre. Sometida a un intenso estrés laboral, Gemma decide vincular su prototipo de M3GAN a Cady en un intento de resolver ambos problemas, pero no tardará en descubrir las inimaginables consecuencias de su decisión.",2022-12-28,Terror,7.024
Splice: Experimento mortal,"Clive (Adrien Brody) y Elsa (Sarah Polley) son dos brillantes científicos que, por medio de la ingeniería genética, se dedican a crear variaciones de especies conocidas. Aunque han alcanzado el éxito, su ambición les hará perder el control, cuando, en secreto, decidan llevar sus experimentos más allá de la moral. Combinando ADN humano en sus experimentos genéticos obtendrán un nuevo escalón en el árbol evolutivo actual.",2010-06-03,Terror,5.879
Sangrientos dieciséis,"Después de que su madre es asesinada en Halloween, una adolescente rebelde viaja en el tiempo a 1987, donde debe detener al joven aspirante a asesino y volver a la línea de tiempo que le corresponde antes de quedar atrapada en el pasado para siempre.",2023-09-28,Terror,6.788
粽邪4：坤蒂拉娜,,,Terror,0.0
El brillo de la televisión,"Dos adolescentes comparten su amor por una serie de televisión de terror, pero esta se cancela misteriosamente.",2024-05-03,Terror,6.109
Inmaculada,"Cecilia (Sydney Sweeney), recién llegada de Estados Unidos, ingresa como novicia en un convento de la remota campiña italiana. Allí es recibida por el Padre Tedeschi (Álvaro Morte), quien la introduce en las rutinas religiosas. Un día descubre que está embarazada y lo que parecía un milagro, por conservar aún su virginidad, resulta ocultar un siniestro secreto que hará que busque salir de aquel lugar desesperadamente.",2024-03-20,Terror,6.211
The Whistler,,2026-04-17,Terror,5.3
ハードレイプ,,1987-01-05,Terror,0.0
Cuando acecha la maldad,"En una aldea remota donde dos hermanos encuentran a un hombre infectado por un demonio que está a punto de dar a luz al mal mismo. En un momento en que el exorcismo parece ser de poca utilidad para protegerse del mal, después de advertir a los vecinos de la ciudad, deciden deshacerse del hombre, pero simplemente logran ayudarlo a librar el infierno.",2023-10-05,Terror,7.139
Revenge,"Tres hombres casados ricos se reúnen anualmente para irse de caza. Pero esta vez, uno de ellos viene acompañado de su amante, una joven que despierta rápidamente el interés de los otros dos. Las cosas se complican dramáticamente para ella... Dejada por muerta en medio de la nada, la chica vuelve a la vida, y el juego de caza se convierte en una venganza implacable.",2017-11-18,Terror,6.52
Maleficio,Una extraña maldición parece estar atormentando a una niña. Su madre intenta romper el maleficio regresando al lugar donde se originó todo.,2022-03-18,Terror,6.833
Arcadian,Un padre y sus hijos mellizos intentan sobrevivir al asedio de unas criaturas feroces que atacan su remota granja.,2024-04-12,Terror,6.046
Alien: Resurrección,"Más de doscientos años después de su muerte, Ellen Ripley vuelve a la vida gracias al empleo de técnicas avanzadas de clonación. Pero, durante el proceso, el ADN de Ripley se ha mezclado con el de la Reina Alien, por lo que Ripley empieza a desarrollar ciertas características de la peligrosa alienígena.",1997-11-12,Terror,6.17
The Red Book Ritual: Gates of Hell,"Robbie se embarca en una peligrosa búsqueda para contactar con su difunta novia a través de un ritual que invoca a los muertos. Se dirige a una casa abandonada con un grupo de jóvenes para realizar el ""Ritual del Libro Rojo"". Pero durante la invocación se despiertan fuerzas sobrenaturales. Ahora deben enfrentarse a antiguos horrores para sobrevivir.",2025-09-18,Terror,6.156
Viernes 13,"Remake del clásico film de terror, dirigido en 1980 por Sean S. Cunningham. Buscando a su hermana desaparecida, Clay se dirige al espeluznante bosque del legendario Crystal Lake, donde tropieza con los viejos y decrépitos restos de una cabaña que yace detrás de unos árboles cubiertos por denso musgo. Y esto no es lo único que se esconde entre la maleza… En contra del consejo de la policía y las advertencias de los habitantes de la zona, Clay continúa con su búsqueda, ayudado por una joven mujer que ha conocido entre un grupo de jóvenes estudiantes preparados para pasar un emocionante fin de semana. Sin embargo, ellos están a punto de encontrar algo más que no habían tenido en cuenta. Lo que menos se imaginan es que han entrado en el dominio de uno de los más terroríficos espectros de la historia del cine americano: el infame asesino que caza en Crystal Lake armado con una sierra eléctrica",2009-02-11,Terror,5.773
Gator Lake,"En el lago más peligroso de Florida, un cocodrilo gigante siembra el terror al iniciar una matanza para recuperar su territorio. Para detenerlo, un domador de cocodrilos y exconvicto recibe la oportunidad de borrar su pasado si logra cazar a la criatura.",2024-05-01,Terror,6.3
Escape Room,"Seis personas, sin ninguna relación entre sí, reciben un misterioso paquete. Su interior contiene un mensaje que promete al propietario una oportunidad para alejarse de su vida rutinaria: participar en un ""escape room"".",2019-01-03,Terror,6.544
Gator Lake,"En el lago más peligroso de Florida, un cocodrilo gigante siembra el terror al iniciar una matanza para recuperar su territorio. Para detenerlo, un domador de cocodrilos y exconvicto recibe la oportunidad de borrar su pasado si logra cazar a la criatura.",2024-05-01,Terror,6.3
[REC],"Cada noche, Ángela, una joven reportera de una televisión local, sigue con su cámara a un grupo profesional distinto. Esta noche le toca entrevistar a los bomberos y tiene la secreta esperanza de poder asistir en directo a un impactante incendio. Pero la noche transcurre tranquilamente. Y cuando, por fin, reciben la llamada de una anciana que se ha quedado encerrada en su casa, no le queda otro remedio que seguirlos durante la misión de rescate. En el edificio donde vive la anciana, los vecinos están muy asustados. La mujer, encerrada en su piso, lanza unos gritos desgarradores. Los bomberos derriban la puerta y, seguidos por Ángela y el cámara, encuentran a la anciana semiinconsciente, rodeada por decenas de gatos. De pronto, la mujer se lanza sobre un bombero y le muerde salvajemente. Es sólo el comienzo de una larga pesadilla y de un dramático reportaje único.",2007-11-23,Terror,7.232
Apocalipsis Z: el principio del fin,"Cuando una especie de rabia que transforma a la gente en criaturas agresivas se extiende por el planeta, Manel se aísla en casa con su gato, recurriendo a su ingenio para sobrevivir; pero pronto deberán salir a buscar comida, por tierra y por mar, sorteando muchos peligros.",2024-10-04,Terror,6.729
La muerte os sienta tan bien,"Madeline Ashton es una prestigiosa actriz cuya fama empieza a declinar a causa de la edad. Está casada con Ernest, un maquillador de cadáveres alcohólico al que Madeline ha arruinado la vida. Madeline se casó con Ernest tras robárselo a Helen Sharp, una antigua compañera de colegio que se ha convertido en una mujer obesa que vive con la fantasía de eliminar a Madeline y recuperar a su antiguo novio. Helen pronto se da cuenta de que la única manera de conseguir recuperar a Ernest es llegar a ser una guapa y exitosa escritora. Para ello entrará en contacto con Lisle von Rhuman, una bruja que le subministra la pócima de la eterna juventud.",1992-07-30,Terror,6.782
Saw III,"Nuevas y macabras aventuras del siniestro Jigsaw, el hombre que mueve los hilos de los espantosos juegos que han aterrorizado a la comunidad y desconcertado a la policía. Jigsaw, una vez más, ha conseguido escapar, esta vez con la ayuda de su nueva aprendiz, Amanda (Shawnee Smith). Mientras la policía local intenta localizarle, el Doctor Lynn Denlon (Bahar Soomekh) y Jeff (Angus Macfayden) no saben que están a punto de convertirse en los siguientes peones de este horrible juego.",2006-10-26,Terror,6.4
Noche de paz: Cazadores de demonios,Un equipo de varias personas lucha contra espíritus malignos.,2025-04-30,Terror,6.9
Inmaculada,"Cecilia (Sydney Sweeney), recién llegada de Estados Unidos, ingresa como novicia en un convento de la remota campiña italiana. Allí es recibida por el Padre Tedeschi (Álvaro Morte), quien la introduce en las rutinas religiosas. Un día descubre que está embarazada y lo que parecía un milagro, por conservar aún su virginidad, resulta ocultar un siniestro secreto que hará que busque salir de aquel lugar desesperadamente.",2024-03-20,Terror,6.211
Terror en el abismo,"En un pequeño y tranquilo pueblo costero se han producido varios ataques de tiburones. Investigando el caso, el profesor Nick Harris encuentra un extraño diente. Tras consultar con la paleontóloga Cataline Stone, llegan a la conclusión de que pertenece a un prehistórico ancestro del tiburón blanco actual que se llama ""Megalodón"". La pesadilla no ha hecho más que comenzar.",2002-11-26,Terror,4.8
Poltergeist (Fenómenos extraños),"Una familia americana de clase media se traslada a vivir e una nueva casa en un aparentemente idílico barrio, pero dentro de la casa comienzan a suceder cosas extrañas, fenómenos paranormales para los que no hay explicación posible.",1982-06-04,Terror,7.161
Revenge,"Tres hombres casados ricos se reúnen anualmente para irse de caza. Pero esta vez, uno de ellos viene acompañado de su amante, una joven que despierta rápidamente el interés de los otros dos. Las cosas se complican dramáticamente para ella... Dejada por muerta en medio de la nada, la chica vuelve a la vida, y el juego de caza se convierte en una venganza implacable.",2017-11-18,Terror,6.52
Alien: Resurrección,"Más de doscientos años después de su muerte, Ellen Ripley vuelve a la vida gracias al empleo de técnicas avanzadas de clonación. Pero, durante el proceso, el ADN de Ripley se ha mezclado con el de la Reina Alien, por lo que Ripley empieza a desarrollar ciertas características de la peligrosa alienígena.",1997-11-12,Terror,6.17
Aliens vs. Predator 2,"Cuando una nave exploradora Predator se estrella, aparece en un pueblo de Colorado. Los Aliens a bordo escapan y matan a todos los Predators excepto a uno. El último Predator superviviente debe ahora acabar con todos los Aliens, así como con el terrorífico Pred-Alien que fue engendrado en la anterior entrega. Mientras tanto, los habitantes del pueblo están siendo inutilmente atrapados en medio del último enfrentamiento entre estas dos criaturas míticas.",2007-12-25,Terror,5.173
El exorcista del papa,"Película sobre Gabriele Amorth, un sacerdote que ejerció como exorcista principal del Vaticano, realizando más de cien mil exorcismos a lo largo de su vida. Amorth escribió dos libros de memorias donde detalló sus experiencias luchando contra Satanás.",2023-04-05,Terror,6.921
Temblores,"En Perfección, un pequeño pueblo al borde del desierto de Nevada, algo parece suceder debajo de la tierra. Cuando las líneas telefónicas y las carreteras quedan cortadas, los habitantes comienzan a sentir pánico, pues todo parece indicar que hay algo vivo y terrorífico bajo las arenas del desierto.",1990-01-19,Terror,6.937
Jeepers Creepers,"Trish y su hermano menor Darry cruzan los Estados Unidos en coche, en un viaje largo y aburrido cuya monotonía sólo se rompe por sus continuas discusiones. De pronto, en mitad de ninguna parte, descubren una iglesia abandonada donde un misterioso personaje arroja un cadáver al interior de una gran boca de alcantarillado. A partir de ese momento comienzan una huida aterradora, perseguidos por una de las criaturas más letales que se puedan imaginar.",2001-07-01,Terror,6.484
Shark. El demonio del mar,"A raíz de un experimento fallido, dos docenas de tiburones blancos se han adueñado de las costas de Ciudad del Cabo, donde han provocado varias muertes. Bajo este clima de terror, un experto cazador de tiburones consigue capturar una hembra embarazada.",2000-12-05,Terror,5.2
Las brujas (de Roald Dahl),"Cuenta la conmovedora historia de un pequeño huérfano (Bruno) que, a finales de 1967, se va a vivir con su querida abuela (Spencer) a Demopolis, un pueblo de Alabama. El niño y su abuela tienen extraños encuentros con algunas brujas aparentemente glamurosas pero absolutamente diabólicas, así que ella decide quitarse de en medio y llevarse al chico a un hotel de lujo en la costa. Por desgracia, llegan exactamente al mismo tiempo que la Gran Bruja (Hathaway) que ha reunido a sus compinches de todo el planeta -que van de incógnito- para llevar a cabo sus horribles planes. Adaptación del libro ""Las brujas"" de Roald Dahl.",2020-10-26,Terror,6.333
La Llorona,"La Llorona es una aparición tenebrosa, atrapada entre el Cielo y el Infierno, con un destino terrible sellado por su propia mano. La mera mención de su nombre ha causado terror en todo el mundo durante generaciones. En vida, ahogó a sus hijos en una rabia de celos, arrojándose en el río tras ver como mató a sus hijos violentamente. Ahora sus lágrimas son eternas, letales, y aquellos que escuchan su llamada de muerte en la noche están condenados. Se arrastra en las sombras y ataca a los niños, desesperada por reemplazar a los suyos. A medida que los siglos han pasado, su deseo se ha vuelto más voraz y sus métodos más terroríficos.",2019-04-17,Terror,5.653
Rape Zombie 2: El éxtasis de los muertos vivientes,"Un extraño virus provoca que los zombies se conviertan en violadores, cuyas víctimas se convierten también en muertos vivientes mediante el sexo. Los supervivientes deberán luchar para sobrevivir en un Japón apocalíptico.",2013-03-23,Terror,6.21
Grizzly Night,"Basada en hechos reales, la película recrea los eventos del 12 de agosto de 1967 en el Parque Nacional de los Glaciares, Montana. Esa misma noche, en apenas nueve millas de distancia, ocurrió lo impensable: dos ataques mortales de osos grizzly de forma simultánea.",2026-01-30,Terror,6.4
Piraña 3D,"El lago Victoria (Arizona) es un lugar que se llena de gente joven durante las vacaciones de primavera. De repente, se producen una serie de temblores submarinos que liberan unos peces prehistóricos antropófagos. Todos deberán unir sus fuerzas para sobrevivir a estas criaturas. Remake del clásico de terror dirigido por Joe Dante",2010-08-20,Terror,5.4
The Purge: La noche de las bestias,"Año 2022. En una futura sociedad distópica, el régimen político, llamado Nueva Fundación de los padres de América, ha implantado una medida catárquica ante la violencia campante y las cárceles saturadas: la ""purga anual"", según la cual una noche al año se puede cometer cualquier clase de crimen, incluso el asesinato, sin tener que responder ante la justicia. La violencia se desata durante esas 12 horas, y los individuos se desfogan, imperando la calma el resto del año. Horas antes de que comience la purga anual, el vendedor de sistemas de seguridad James Sandin regresa a su casa en un lujoso suburbio de Los Angeles junto a su esposa María y sus dos hijos, Zoey y Charlie. Lo que no contaba esa famillia es que poco tiempo después de comenzar la noche un extraño llame a la puerta.",2013-05-31,Terror,6.25
Blade Trinity,"Durante años, Blade ha luchado contra los vampiros sin que el mundo supiera lo que sucedía en los bajos fondos. Pero ahora, tras caer en las redes del FBI, se ve forzado a salir a la luz del día para unir sus fuerzas con un clan de humanos cazadores de vampiros que nunca supo que existían, los Nightstalkers. Junto a Abigail y Hannibal, Blade sigue la pista de una Antigua criatura que lo está acechando el vampiro original: Drácula.",2004-12-08,Terror,5.864
El elixir de la inmortalidad,Un elixir revive a los muertos en un pueblo. Una familia con conflictos internos deberá unir fuerzas y luchar para sobrevivir cuando su ciudad natal peligra.,2025-10-22,Terror,5.913
Species (Especie mortal),"Cuando una bella hembra resultante del cruce de un ser humano y un alienígena se escapa de un laboratorio de observación, el científico Javier Fich envía a un asesino del gobierno, a un psíquiatra, a una bióloga y a un antropólogo en su búsqueda. Mientras siguen su pista por Los Ángeles, el equipo descubre cuál es su plan; aparearse con hombres para producir crías que puedan destruir a la raza humana. Mientras su mortal reloj biológico avanza con rapidez, Fitch y su equipo se lanzan a una inquietante persecución de la que depende el destino de la humanidad.",1995-07-07,Terror,6.0
Lembayung,"Arum y Pica, que querían completar sus prácticas en el hospital de Lembayung, tuvieron que enfrentarse al misterioso terror de una mujer satán, sospechosa de haberse ahorcado en el cuarto de baño. La situación se volvió aún más tensa después de que pidieran ayuda a otras personas, hasta el punto de amenazar sus propias vidas y las de sus allegados.",2024-09-19,Terror,7.2
Annabelle: Vuelve a casa,"Annabelle Vuelve a Casa es la tercera entrega de la saga ""Annabelle"" de New Line Cinema, protagonizada por la infame y siniestra muñeca del universo ""Expediente Warren"".  Los demonólogos Ed y Lorraine Warren están decididos a evitar que Annabelle cause más estragos, así que llevan a la muñeca poseída a la sala de objetos bajo llave que tienen en su casa. La colocan ""a salvo"" en una vitrina sagrada bendecida por un sacerdote. Pero una terrorífica noche nada santa, Annabelle despierta a los espíritus malignos de la habitación que se fijan un nuevo objetivo: la hija de diez años de los Warren, Judy, y sus amigas.",2019-06-26,Terror,6.41
El círculo,"En una pequeña y apacible localidad japonesa, entre los estudiantes circula una leyenda en torno a unos videos malditos cuya visión provoca la muerte. Tras la muerte de su sobrina, una periodista investigará el origen de dichos videos.",1998-01-31,Terror,7.09
La casa de la colina de paja,"En lo alto de Straw Hill hay una casa de campo solitaria, una casa que pronto se estremecerá y temblará ante la violencia, lujuria e infidelidad que se desencadena en su interior.",1976-03-01,Terror,4.9
La casa de cera,"Seis amigos que viajan por carretera para asistir al campeonato universitario de fútbol más importante del año, deciden acampar al aire libre la víspera del partido. A la mañana siguiente, se dan cuenta de que su coche ha sido manipulado, así que aceptan la invitación de un conductor que los lleva hasta Ambrose. Al llegar, visitan la principal atracción de la ciudad: la Casa de Cera de Trudy, que está llena de esculturas de cera cuyo parecido con personas reales es asombroso. Cuando descubren, horrorizados, la razón de esta inquietante semejanza, comprenden que o escapan de la ciudad o se convertirán en estatuas del tenebroso museo de cera.",2005-05-05,Terror,6.033
Village of Doom,,1983-01-15,Terror,6.656
Eden Lake,"Una pareja, Steve y Jenny, se escapa de fin de semana romántico. Sin embargo, su tranquilidad se verá interrumpida cuando una banda de chicos jóvenes aparezca por el lugar. Estos, como acto de rebeldía, robarán las cosas a la pareja y destrozarán su coche. Steve les hará frente pero sufrirá un violento ataque. A partir de ese momento, Jenny tratará de escapar a través del bosque...",2008-09-12,Terror,6.839
Fresh,Thriller sobre los horrores de las citas modernas vistos a través de la desafiante batalla de una joven para sobrevivir a los inusuales apetitos de su nuevo novio.,2022-03-03,Terror,7.0
Extasis,"El tema es el satanismo y la recreación de lo que supuestamente es el caso en la vida real de un asesinato e intento de asesinato de dos hombres adolescentes en Munich por un cuarteto de chicas que habían estado coqueteando en el culto al diablo. Durante el juicio que siguió, el abogado recurre a tácticas dilatorias mientras que la audiencia es con frecuencia interrumpido por las chicas que entraron en encantamiento, rabietas o posesión demoníaca.",1979-04-13,Terror,5.0
थम्मा,,2025-10-21,Terror,6.459
Zombie Strippers,"En un futuro no demasiado lejano, un virus reanimador resultado de un experimento ultrasecreto del gobierno es liberado en un pueblo de Nebraska cerca de un club de striptease. A medida que el virus se expande, convertirá a las bailarinas del club en ""Super Zombie Strippers"", unas mujeres con un cuerpo de escandalo y un apetito por carne humana insaciable...",2008-04-18,Terror,4.9
La piscina,"Ray Waller, una estrella del béisbol obligada a retirarse prematuramente a causa de una enfermedad degenerativa, se muda a una nueva casa con su esposa Eve, su hija adolescente Izzy y su hijo pequeño Elliot. Con la esperanza secreta de recuperarse y volver al deporte profesional, Ray convence a Eve de que la fabulosa piscina del jardín de su nuevo hogar será divertida para los niños y le servirá a él como terapia física. Pero un oscuro secreto del pasado de la casa desatará una fuerza malévola que arrastrará a toda la familia a las insondables profundidades del terror más asfixiante.",2024-01-03,Terror,5.523
Saw VII,"Mientras una mortal batalla explota sobre el brutal legado de Jigsaw, un grupo de supervivientes busca el apoyo del gurú de la autoayuda Bobby Dagen, un hombre que con sus oscuros secretos provocará una nueva ola de terror.",2010-10-22,Terror,5.982
粽邪4：坤蒂拉娜,,,Terror,0.0
Terroríficamente muertos,"El bueno de Ash se dispone a pasar un fin de semana en el bosque con su novia. Pero todo se va al traste cuando repoducen una cinta en la que un profesor había grabado varios pasajes del Necronomicom, el Libro de los Muertos. El hechizo convoca a una fuerza demoniaca que convierte a la compañera de Ash en un monstruo ávido de carne. Ahora él y varios compañeros se disponen a pasar una noche en una cabaña en medio del bosque, con un demonio en casa.",1987-03-13,Terror,7.548
El mejor,"Cameron Cade es un quarterback en ciernes que ha dedicado su vida y su identidad al fútbol americano. En vísperas del campeonato anual de fútbol americano profesional, Cam es atacado por un hincha desquiciado y sufre un traumatismo cerebral que podría poner fin a su carrera. Justo cuando todo parece perdido, Cam recibe un salvavidas cuando su héroe, Isaiah White, un legendario quarterback ocho veces campeón y megaestrella cultural, se ofrece a entrenar a Cam en el aislado complejo que Isaiah comparte con su esposa, Elsie White. Pero a medida que el entrenamiento de Cam se acelera, el carisma de Isaiah comienza a cuajar en algo más oscuro, enviando a su protegido a un agujero de conejo desorientador que puede costarle más de lo que jamás esperó.",2025-09-18,Terror,5.626
La casa de cera,"Seis amigos que viajan por carretera para asistir al campeonato universitario de fútbol más importante del año, deciden acampar al aire libre la víspera del partido. A la mañana siguiente, se dan cuenta de que su coche ha sido manipulado, así que aceptan la invitación de un conductor que los lleva hasta Ambrose. Al llegar, visitan la principal atracción de la ciudad: la Casa de Cera de Trudy, que está llena de esculturas de cera cuyo parecido con personas reales es asombroso. Cuando descubren, horrorizados, la razón de esta inquietante semejanza, comprenden que o escapan de la ciudad o se convertirán en estatuas del tenebroso museo de cera.",2005-05-05,Terror,6.032
Guinea Pig 5: Mermaid in the Manhole,"Un pintor deprimido por la muerte de su esposa conoce a una sirena enferma por la contaminación. Antes de morir, ella le regala su sangre y su pus para que le pinte un retrato con ellos.",1988-07-25,Terror,5.399
Insidious: Capítulo 2,"Los Lambert creen que han derrotado a los espíritus que han perseguido a su familia, pronto descubrirán que el mal no es tan fácil de vencer.",2013-09-12,Terror,6.683
El muñeco de arcilla,"Mientras diseña un videojuego de terror, Hsu-Chuan se lleva por error a casa un muñeco de arcilla de la empresa, sin sospechar que alberga un espíritu vengativo que ansía liberarse.",2025-10-09,Terror,7.1
Extasis,"El tema es el satanismo y la recreación de lo que supuestamente es el caso en la vida real de un asesinato e intento de asesinato de dos hombres adolescentes en Munich por un cuarteto de chicas que habían estado coqueteando en el culto al diablo. Durante el juicio que siguió, el abogado recurre a tácticas dilatorias mientras que la audiencia es con frecuencia interrumpido por las chicas que entraron en encantamiento, rabietas o posesión demoníaca.",1979-04-13,Terror,5.0
The Voices of Our Mother,,2026-06-05,Terror,6.25
勾魂惡夢,,1999-05-20,Terror,5.1
El ejército de las tinieblas,"Inglaterra, siglo XIII. Las fuerzas del mal ejercen su reinado en la Edad Media. Valerosos caballeros se disponen a entrar en desigual batalla, mientras que los atemorizados campesinos se refugian tras los muros del castillo. Todo cambia con la inesperada llegada de un nuevo héroe, provisto de sofisticadas armas, que dice provenir del siglo XX.",1992-10-31,Terror,7.261
हॉन्टेड,,2011-05-05,Terror,5.9
El diablo metió la mano,"Anton es un joven que la mañana siguiente a Halloween descubre los cadáveres decapitados de sus padres. Los crímenes se suman a una serie de muertes violentas que han ocurrido en el vecindario y de las que el muchacho no se había enterado. Ahora, atando cabos, empieza a ser consciente de que en realidad tiene mucho que ver con dichas muertes, y es que su mano derecha parece ser que actúa por su propia cuenta.",1999-04-30,Terror,6.207
×ゲーム,,2010-09-18,Terror,5.2
La cosa (The Thing),"En una remota zona de la Antártida, un descubrimiento de gran relevancia científica se convierte en un problema de supervivencia. La paleontóloga Kate Lloyd (Mary Elizabeth Winstead) llega a esa inhóspita región para colaborar con un equipo científico noruego que ha encontrado una nave extraterrestre enterrada en el hielo, en cuyo interior hay un ser alienígena congelado pero cuyas células están vivas... Precuela de ""La Cosa"", película dirigida por John Carpenter y protagonizada por Kurt Russell, que se basaba en un clásico de serie B de los años 50.",2011-10-12,Terror,6.235
Un hombre lobo americano en Londres,"Dos mochileros norteamericanos, David Kessler y Jack están de viaje por Europa. Caminando por una zona rural de Inglaterra, la población local los mira mal cuando entran en un bar. Al salir, reciben todo tipo de extrañas advertencias: 'Manténganse en la carretera y aléjense de los pantanos' y 'Cuidado con la luna'. Aun así, los jóvenes se adentran en la oscuridad y no se dan cuenta que están siendo seguidos por una terrible criatura.",1981-08-21,Terror,7.396
Temblores,"En Perfección, un pequeño pueblo al borde del desierto de Nevada, algo parece suceder debajo de la tierra. Cuando las líneas telefónicas y las carreteras quedan cortadas, los habitantes comienzan a sentir pánico, pues todo parece indicar que hay algo vivo y terrorífico bajo las arenas del desierto.",1990-01-19,Terror,6.937
Good Boy,"Un perro leal se muda a una casa rural con su dueño Todd. Allí descubre fuerzas sobrenaturales que acechan en las sombras. Mientras oscuras entidades amenazan a su compañero humano, el valiente cachorro debe luchar para proteger a quien más quiere.",2025-10-01,Terror,6.7
Saw VI,"El Agente Especial Strahm está muerto, y el Detective Hoffman es el sucesor de Jigsaw y su juego macabro. Sin embargo, cuando la Brigada de Investigación Criminal comienza a estrechar el cerco a Hoffman, lo forzarán a poner en marcha el juego complejo de Jigsaw, y por fin a entenderlo por completo... Sexta entrega de la sangrienta saga Saw.En octubre de 2009 la distribuidora decidió cancelar su estreno en España a causa de la controvertida clasificación X que recibió del Ministerio de Cultura. Finalmente, la película llega a las salas españolas en octubre de 2010, con un montaje específico de los productores, que han eliminado 3 minutos de metraje, suprimiendo las escenas más violentas de la cinta.",2009-10-22,Terror,6.3
La bestia,"El Doctor Nate Samuels, que se ha quedado viudo recientemente, regresa a Sudáfrica, lugar en el que conoció a su mujer, para visitar una reserva de animales con sus hijas. Pero lo que empieza siendo un viaje curativo se convierte en una lucha por la supervivencia cuando un león que ha escapado de unos cazadores furtivos empieza a seguirles.",2022-08-11,Terror,6.549
Cementerio viviente,"Louis Creed, su esposa y sus dos niños se instalan en una vivienda próxima a una carretera con mucho tráfico. Cerca de la casa hay un sendero que lleva a un cementerio de animales y también a un antiguo cementerio indio; según la leyenda, los que sean enterrados allí volverán a la vida. Cuando uno de los niños muere atropellado por un camión, Louis ldecide enterrarlo en el cementerio indio.",1989-04-21,Terror,6.652
迷宮,,1996-04-26,Terror,2.0
Carrie,"Carrie es una torturada estudiante de secundaria que no encaja en su entorno, sin confianza en sí misma y sin amigos… y sin ser consciente de la amplitud de sus poderes telequinéticos. Pero cuando su psicótica madre y sus sádicos compañeros de clase llegan demasiado lejos, la una vez tímida adolescente se convierte en una máquina desenfrenada y, con ayuda de su «don especial», hace caer el infierno sobre sus cabezas en un frenesí de sangre, fuego y azufre que te llevará a las profundidades del horror… y aún más lejos.",1976-11-03,Terror,7.334
Anticristo,"Una pareja sumida en el dolor se retira a una cabaña perdida en medio del bosque, llamada ""Edén"", con la esperanza de que el contacto con la naturaleza cure sus corazones rotos y su tambaleante matrimonio. Pero la naturaleza sigue su curso y las cosas empiezan a ir de mal en peor.",2009-05-20,Terror,6.626
Species (Especie mortal),"Cuando una bella hembra resultante del cruce de un ser humano y un alienígena se escapa de un laboratorio de observación, el científico Javier Fich envía a un asesino del gobierno, a un psíquiatra, a una bióloga y a un antropólogo en su búsqueda. Mientras siguen su pista por Los Ángeles, el equipo descubre cuál es su plan; aparearse con hombres para producir crías que puedan destruir a la raza humana. Mientras su mortal reloj biológico avanza con rapidez, Fitch y su equipo se lanzan a una inquietante persecución de la que depende el destino de la humanidad.",1995-07-07,Terror,6.0
Influencers,"En los pintorescos paisajes del sur de Francia, la inquietante obsesión de una joven por el asesinato y la suplantación de identidad arrastra su vida hacia una espiral de caos.",2025-07-26,Terror,6.327
Han llegado,"Un astrofísico que trabaja para la NASA, capta unas extrañas señales procedentes del espacio, que aparentemente encierran un mensaje inteligente. Pero cuando informa del hecho a sus superiores, es despedido. Después de localizar unas señales similares que se emiten desde México, el científico decide viajar a ese país con el fin de investigar el origen de las mismas. Allí descubre que los extraterrestres han llegado a la Tierra.",1996-05-31,Terror,6.0
El ciempiés humano 3,"Tercera y última entrega de la saga ""Human Centipede"". Según su director, ""The Human Centipede 3 hará que la segunda parte parezca una película de Disney."" En esta ocasión, el ciempiés humano estará formado por 500 personas.",2015-05-22,Terror,3.767
Grizzly Night,"Basada en hechos reales, la película recrea los eventos del 12 de agosto de 1967 en el Parque Nacional de los Glaciares, Montana. Esa misma noche, en apenas nueve millas de distancia, ocurrió lo impensable: dos ataques mortales de osos grizzly de forma simultánea.",2026-01-30,Terror,6.4
Blade Trinity,"Durante años, Blade ha luchado contra los vampiros sin que el mundo supiera lo que sucedía en los bajos fondos. Pero ahora, tras caer en las redes del FBI, se ve forzado a salir a la luz del día para unir sus fuerzas con un clan de humanos cazadores de vampiros que nunca supo que existían, los Nightstalkers. Junto a Abigail y Hannibal, Blade sigue la pista de una Antigua criatura que lo está acechando el vampiro original: Drácula.",2004-12-08,Terror,5.864
Arrástrame al infierno,"La joven Christine Brown, ambiciosa apoderada de un banco de Los Ángeles, sale con un hombre encantador, el profesor Clay Dalton. El trabajo de Christine consiste en conceder préstamos hipotecarios. Un día la señora Ganush, una misteriosa anciana, va al banco para pedirle una moratoria, pero Christine se la niega y la señora Ganush pierde su casa. La anciana decide entonces vengarse lanzándole una maldición que convierte su vida en un infierno. Ante la incomprensión de su escéptico novio, Christine busca la ayuda de un vidente para salvar su alma de una condenación eterna. Intentando ayudarla a recobrar una vida normal, el vidente la guía en una frenética carrera para conjurar el hechizo. Pero las fuerzas del mal se acercan y Christine debe enfrentarse a algo impensable.",2009-05-27,Terror,6.483
Hansel y Gretel: Cazadores de brujas,"Han pasado quince años desde que Hansel (Jeremy Renner) y Gretel (Gemma Arterton) vivieron la aventura que los hizo famosos. Tras probar el sabor de la sangre siendo unos niños, ambos se han convertido en unos auténticos justicieros, dispuestos a todo para vengarse. Pero ahora, sin que ellos lo sepan, también se han convertido en la presa, y tienen que enfrentarse a algo mucho más siniestro que las brujas: su pasado.",2013-01-17,Terror,6.103
Zombieland: Mata y remata,"En esta secuela y empleando el característico sentido del humor del que hizo gala ""Zombieland"", el grupo de protagonistas tendrá que viajar desde la Casa Blanca hasta el corazón de los Estados Unidos, sobreviviendo a nuevas clases de muertos vivientes que han evolucionado desde lo sucedido hace algunos años, así como a algunos supervivientes humanos rezagados. Pero, por encima de todo, tendrán que tratar de soportar los inconvenientes de convivir entre ellos.",2019-10-09,Terror,6.896
女魔,,1974-11-27,Terror,7.0
La muerte os sienta tan bien,"Madeline Ashton es una prestigiosa actriz cuya fama empieza a declinar a causa de la edad. Está casada con Ernest, un maquillador de cadáveres alcohólico al que Madeline ha arruinado la vida. Madeline se casó con Ernest tras robárselo a Helen Sharp, una antigua compañera de colegio que se ha convertido en una mujer obesa que vive con la fantasía de eliminar a Madeline y recuperar a su antiguo novio. Helen pronto se da cuenta de que la única manera de conseguir recuperar a Ernest es llegar a ser una guapa y exitosa escritora. Para ello entrará en contacto con Lisle von Rhuman, una bruja que le subministra la pócima de la eterna juventud.",1992-07-30,Terror,6.782
Poltergeist (Fenómenos extraños),"Una familia americana de clase media se traslada a vivir e una nueva casa en un aparentemente idílico barrio, pero dentro de la casa comienzan a suceder cosas extrañas, fenómenos paranormales para los que no hay explicación posible.",1982-06-04,Terror,7.161
Keeper,"Una pareja, para celebrar su aniversario, hace una escapada romántica de fin de semana a una cabaña aislada. Cuando Malcolm (Sutherland) regresa repentinamente a la ciudad, Liz (Maslany) se encuentra aislada y en presencia de un mal indescriptible que desvela los horripilantes secretos de la cabaña.",2025-11-12,Terror,5.671
El elixir de la inmortalidad,Un elixir revive a los muertos en un pueblo. Una familia con conflictos internos deberá unir fuerzas y luchar para sobrevivir cuando su ciudad natal peligra.,2025-10-22,Terror,5.913
La cura del bienestar,A un joven y ambicioso ejecutivo le encargan una misión: traer de vuelta al director de su empresa de un idílico y enigmático centro de “bienestar” situado en un área remota de los Alpes suizos. Pronto sospecha que los milagrosos tratamientos que allí tienen lugar no son lo que parecen. Su cordura se pone a prueba cuando empieza a desvelar los terroríficos secretos que allí se ocultan y es diagnosticado con la misma extraña enfermedad que mantiene a los pacientes a la espera de la cura.,2017-02-15,Terror,6.35
Pesadillas,"El adolescente Zach Cooper se muda sin muchas ganas con su familia desde Nueva York al pequeño pueblo de Greendale. Allí encuentra un resquicio de ilusión cuando conoce a su vecina, la guapa Hannah, y hace un amigo: Champ. También se entera de que el padre de Hannah es RL Stine, autor del Bestseller de la serie ""Pesadillas"". Pero Zach descubre que Stine tiene un secreto: las criaturas de sus historias son reales, y las mantiene encerradas en sus libros. Así que cuando en un descuido todos los demonios de Stine son liberados involuntariamente de sus libros, Zach, Hannah, Champ y el propio Stine, en una alocada noche llena de aventuras, tendrán que formar equipo y atrapar a todas las criaturas de la imaginación de Stine para devolverlos a los libros donde pertenecen, con el fin de salvar la ciudad.",2015-08-05,Terror,6.3
The Babysitter,"Cole es un adolescente que está enamorado de su niñera Bee. Una noche, Cole se queda despierto hasta tarde y descubre que su guapa niñera forma parte de una secta satánica, y hará lo que sea necesario para mantenerlo callado.",2017-10-13,Terror,6.187
La maldición (The Grudge),"Rika es una joven asistente social que acuda a casa de una anciana en la que suceden cosas muy extrañas. Rika encuentra en el piso de arriba a un niño de seis años que lleva un gato negro en los brazos. Re-edición de 'Ju On', realizada en el año 2000 por el propio Shimizu para vídeo.",2002-10-18,Terror,6.758
僵尸小子II：天外天小子,,1988-04-04,Terror,5.8
Cosecha sangrienta,"Quinn y su padre acaban de mudarse a la tranquila ciudad de Kettle Springs con la esperanza de empezar de cero. En su lugar, descubre una comunidad fracturada que ha atravesado tiempos difíciles tras el incendio de la preciada fábrica de sirope de maíz Baypen. Mientras los lugareños discuten entre sí y las tensiones se desbordan, una figura siniestra y sonriente emerge de los campos de maíz para limpiar el pueblo de sus cargas, víctima sangrienta a víctima. La verdadera diversión comienza cuando el payaso Frendo sale a jugar.",2025-05-02,Terror,6.116
Dangerous Animals,"Zephyr, una surfista inteligente y de espíritu libre, que es secuestrada por un asesino en serie obsesionado con los tiburones. Cautiva en su barco, debe averiguar cómo escapar antes de que él lleve a cabo un ritual de alimentación a los tiburones.",2025-06-05,Terror,6.464
La novia de Chucky,"Chucky, el implacable muñeco asesino, vuelve a la vida. Tiffany, se ha encargado de resucitarlo. Pero su amado no reacciona como ella esperaba. Chucky, que echa de menos la compañía de alguién como él, consigue traspasar el alma de Tiffany a una muñeca. Con su ayuda, Chucky aspira a recuperar su forma humana. Mientras llega el momento, deja a su paso un reguero de muerte y destrucción.",1998-10-15,Terror,6.1
Underworld: Guerras de sangre,"En esta nueva historia, Selene tendrá que luchar tanto con el clan de los Lycans como contra los vampiros que la traicionaron. Con David y su padre Thomas como sus únicos aliados, deberá detener la eterna guerra entre lycans y vampiros, aunque esto signifique que tenga que hacer el último sacrifcio.",2016-11-24,Terror,5.918
No te preocupes querida,"Alice y Jack tienen la suerte de vivir en Victoria, la ciudad experimental de la compañía que alberga a los hombres que trabajan para el Proyecto Victoria, de alto secreto, y a sus familias. La vida es perfecta, con todas las necesidades de los residentes cubiertas por la empresa. Todo lo que piden a cambio es un compromiso incondicional con la causa de Victoria. Pero cuando empiezan a aparecer grietas en su idílica vida, exponiendo destellos de algo mucho más siniestro que se esconde bajo la atractiva fachada, Alice no puede evitar cuestionarse qué están haciendo en Victoria y por qué. ¿Cuánto está dispuesta a perder Alice para sacar a la luz lo que realmente ocurre en el paraíso?",2022-09-21,Terror,6.766
Madre!,"A una mujer (Jennifer Lawrence) le pilla por sorpresa que su marido (Javier Bardem) deje entrar en casa a unas personas a las que no había invitado. Poco a poco el comportamiento de su marido va siendo más extraño, y ella empieza a estresarse y a intentar echar a todo el mundo.",2017-09-13,Terror,6.959
Mamá,"El día que su padre mató a su madre, las hermanas Victoria y Lilly desaparecieron en el bosque cercano a la urbanización donde vivían. Su tío Lucas y su novia Annabel las han buscado sin cesar durante cinco años. Cuando ocurre lo imposible y las niñas aparecen en una cabaña medio derruida, la pareja empieza a preguntarse si no ha llegado alguien más a su casa acompañando a las niñas. Annabel intenta ofrecer una vida normal a las niñas, pero acaba convencida de que hay una presencia malévola en la casa. ¿Sufren las hermanas de estrés traumático o viene un fantasma a visitarlas? Mientras intenta contestar a estas inquietantes preguntas, la nueva madre acabará descubriendo que los susurros que se oyen a la hora de dormir proceden de los labios de una presencia letal.",2013-01-17,Terror,6.297
Insidious: Capítulo 3,Elise Rainier (Lin Shaye) acepta a regañadientes utilizar su capacidad de contactar con los muertos a fin de ayudar a una adolescente (Stefanie Scott) que se ha convertido en el blanco de una peligrosa entidad sobrenatural.,2015-05-28,Terror,6.285
Hellboy,"La Agencia para la Investigación y Defensa Paranormal (AIDP) encomienda a Hellboy la tarea de derrotar a un espíritu ancestral: Nimue, conocida como ""La Reina de la Sangre"". Nimue fue la amante del mismísimo Merlín durante el reinado del Rey Arturo, de él aprendió los hechizos que la llevaron a ser una de las brujas más poderosas… Pero la locura se apoderó de ella y aprisionó al mago para toda la eternidad. Hace siglos consiguieron acabar con esta villana, enterrándola profundamente, pero ha vuelto de entre los muertos con la intención de destruir a la humanidad con su magia negra.",2019-04-10,Terror,5.579
El círculo,"En una pequeña y apacible localidad japonesa, entre los estudiantes circula una leyenda en torno a unos videos malditos cuya visión provoca la muerte. Tras la muerte de su sobrina, una periodista investigará el origen de dichos videos.",1998-01-31,Terror,7.09
Beautiful Girl Hunter,"Un criminal fugado viola a una mujer que parece disfrutarlo mientras el marido está amordazado observando, a partir de entonces la vida de ella ya no será igual...",1979-10-27,Terror,6.216
Life (Vida),"Seis miembros de la tripulación de la Estación Espacial Internacional que están a punto de lograr uno de los descubrimientos más importantes en la historia humana: la primera evidencia de vida extraterrestre en Marte. A medida que el equipo comienza a investigar y sus métodos tienen consecuencias inesperadas, la forma viviente demostrará ser más inteligente de lo que cualquiera esperaba.",2017-03-22,Terror,6.454
Bunker,"Atrapados en un búnker durante la Primera Guerra Mundial, un grupo de soldados se enfrenta a una presencia impía que los vuelve lentamente unos contra otros.",2023-09-14,Terror,6.83
Licántropo,,2026-12-25,Terror,0.0
Cure,"El policía Takabe investiga unos extraños asesinatos. Las víctimas aparecen con una herida de arma blanca en forma de ""x"" y los culpables son personas totalmente normales sin ningun motivo para haber cometido el asesinato. Takabe empieza a sospechar que algo está influenciando a la gente para matar.",1997-12-27,Terror,7.563
살목지,,2026-04-08,Terror,7.0
Doctor Sueño,"Secuela del film de culto ""El resplandor"" (1980) dirigido por Stanley Kubrick y también basado en una famosa novela de Stephen King. La historia transcurre algunos años después de los acontecimientos de ""The Shining"", y sigue a Danny Torrance (Ewan McGregor), traumatizado y con problemas de ira y alcoholismo que hacen eco de los problemas de su padre Jack, que cuando sus habilidades psíquicas resurgen, se contacta con una niña de nombre Abra Stone, a quien debe rescatar de un grupo de viajeros que se alimentan de los niños que poseen el don de ""el resplandor"".",2019-10-30,Terror,7.145
Saw VII,"Mientras una mortal batalla explota sobre el brutal legado de Jigsaw, un grupo de supervivientes busca el apoyo del gurú de la autoayuda Bobby Dagen, un hombre que con sus oscuros secretos provocará una nueva ola de terror.",2010-10-22,Terror,5.982
La noche de Halloween,"Jamie Lee Curtis regresa a su papel icónico como Laurie Strode, quien llega a su enfrentamiento final con Michael Myers, la figura enmascarada que la ha perseguido desde que escapó por poco de su juerga de asesinatos en la noche de Halloween de hace cuatro décadas.",2018-10-18,Terror,6.565
Pesadillas,"El adolescente Zach Cooper se muda sin muchas ganas con su familia desde Nueva York al pequeño pueblo de Greendale. Allí encuentra un resquicio de ilusión cuando conoce a su vecina, la guapa Hannah, y hace un amigo: Champ. También se entera de que el padre de Hannah es RL Stine, autor del Bestseller de la serie ""Pesadillas"". Pero Zach descubre que Stine tiene un secreto: las criaturas de sus historias son reales, y las mantiene encerradas en sus libros. Así que cuando en un descuido todos los demonios de Stine son liberados involuntariamente de sus libros, Zach, Hannah, Champ y el propio Stine, en una alocada noche llena de aventuras, tendrán que formar equipo y atrapar a todas las criaturas de la imaginación de Stine para devolverlos a los libros donde pertenecen, con el fin de salvar la ciudad.",2015-08-05,Terror,6.3
The Cloverfield Paradox,"Con la Tierra en guerra y en mitad de una crisis energética, un equipo de astronautas se encuentra en el espacio tratando de dar con una solución a los problemas del planeta. Pero durante una maniobra fallida, quedan flotando sin saber muy bien qué o cómo volver a su lugar de origen, y las cosas dentro de la nave ocultan una realidad mucho más terrorífica.",2018-02-04,Terror,5.631
Vampire Hunter D: Bloodlust,"""D"" ha sido contratado para localizar a Meier Link, un poderoso vampiro que ha secuestrado a una chica humana, Charlotte Elbourne. Las órdenes de ""D"" son claras, encontrar a Charlotte a cualquier precio y traerla de vuelta. Por primera vez ""D"" se enfrenta a serios competidores, los Hermanos Markus, también contratados con el mismo fin. ""D"" deberá interceptar a Meier y superar a poderosos adversarios en una carrera mortal a contratiempo.",2001-04-21,Terror,7.697
La sala de torturas chinas,"Historia ambientada en la China medieval: Una pareja es acusada del asesinato del esposa de la chica, cuya muerte fue a causa de una sospechosa sobredosis de afrodisíacos, los que le causaron la explosión del miembro viril. Durante el juicio, el magistrado somete a los acusados a diversas torturas con el fin de que confiesen el crimen.",1994-05-19,Terror,5.694
Maleficio,Una extraña maldición parece estar atormentando a una niña. Su madre intenta romper el maleficio regresando al lugar donde se originó todo.,2022-03-18,Terror,6.836
La bestia,"El Doctor Nate Samuels, que se ha quedado viudo recientemente, regresa a Sudáfrica, lugar en el que conoció a su mujer, para visitar una reserva de animales con sus hijas. Pero lo que empieza siendo un viaje curativo se convierte en una lucha por la supervivencia cuando un león que ha escapado de unos cazadores furtivos empieza a seguirles.",2022-08-11,Terror,6.549
Maligno,"Madison es una mujer que tiene unas macabras pesadillas que la dejan completamente paralizada. Aterrada por lo que ve en ellas, Madison no consigue dormir por las noches ni vivir por el día. Pero el terror cada vez se irá apoderando de ella cuando descubra que esas pesadillas no son sueños, sino que son hechos de la vida real.",2021-09-01,Terror,6.75
Mamá,"El día que su padre mató a su madre, las hermanas Victoria y Lilly desaparecieron en el bosque cercano a la urbanización donde vivían. Su tío Lucas y su novia Annabel las han buscado sin cesar durante cinco años. Cuando ocurre lo imposible y las niñas aparecen en una cabaña medio derruida, la pareja empieza a preguntarse si no ha llegado alguien más a su casa acompañando a las niñas. Annabel intenta ofrecer una vida normal a las niñas, pero acaba convencida de que hay una presencia malévola en la casa. ¿Sufren las hermanas de estrés traumático o viene un fantasma a visitarlas? Mientras intenta contestar a estas inquietantes preguntas, la nueva madre acabará descubriendo que los susurros que se oyen a la hora de dormir proceden de los labios de una presencia letal.",2013-01-17,Terror,6.297
Ataque a los Titanes,"La humanidad está bajo el terror de los titanes, una bestia en la que hace festín de carne humana. Eren Yeager, un joven decidido a hacer el cambio cuando él mismo podría transformar en uno de ellos. Él es la última esperanza de la humanidad",2015-08-01,Terror,6.118
La cura del bienestar,A un joven y ambicioso ejecutivo le encargan una misión: traer de vuelta al director de su empresa de un idílico y enigmático centro de “bienestar” situado en un área remota de los Alpes suizos. Pronto sospecha que los milagrosos tratamientos que allí tienen lugar no son lo que parecen. Su cordura se pone a prueba cuando empieza a desvelar los terroríficos secretos que allí se ocultan y es diagnosticado con la misma extraña enfermedad que mantiene a los pacientes a la espera de la cura.,2017-02-15,Terror,6.35
Silencio (Hush),"Hush nos cuenta la historia de una joven escritora que se quedo sorda en su adolescencia y vive aislada en una casa en medio de la nada. Una noche comienza a ser acosada por un misterioso hombre enmascarado y sin la posibilidad de pedir ayuda, por lo que tendrá que ingeniárselas para salir airosa de su acosador.",2016-03-12,Terror,6.731
La cueva,"Tres chicos y dos chicas viajan en plan mochilero a una isla paradisíaca. Cuando llegan, alquilan motos, recorren los parajes más hermosos y recónditos, acampan en el bosque, se emborrachan y se bañan en el mar. Al día siguiente, deciden explorar una cueva profunda y laberíntica, pero se extravían. Si quieren sobrevivir dentro de la cueva, deberán hacerlo en condiciones inhumanas: sin agua y sin alimentos, no parece que haya ninguna posibilidad de conseguirlo.",2014-01-24,Terror,5.925
Nunca apagues la luz,"Rebecca es una joven que es perseguida desde niña por Diana, un ser extraño que sólo puede atacar en la oscuridad. El espíritu de Diana está relacionado con la madre de Rebecca. Ahora que se está convirtiendo en adulta, Diana va a por su hermano pequeño, Martín.",2016-07-21,Terror,6.373
Hansel y Gretel: Cazadores de brujas,"Han pasado quince años desde que Hansel (Jeremy Renner) y Gretel (Gemma Arterton) vivieron la aventura que los hizo famosos. Tras probar el sabor de la sangre siendo unos niños, ambos se han convertido en unos auténticos justicieros, dispuestos a todo para vengarse. Pero ahora, sin que ellos lo sepan, también se han convertido en la presa, y tienen que enfrentarse a algo mucho más siniestro que las brujas: su pasado.",2013-01-17,Terror,6.103
Black Friday,"Tras un Black Friday en el que se producen disturbios que acaban en tragedia, un misterioso asesino inspirado en la festividad de Acción de Gracias aterroriza Plymouth, en Massachusetts – lugar de origen de la tristemente célebre festividad. Versión en largometraje del celebrado falso tráiler de Eli Roth para «Grindhouse».",2023-11-16,Terror,6.47
Dangerous Animals,"Zephyr, una surfista inteligente y de espíritu libre, que es secuestrada por un asesino en serie obsesionado con los tiburones. Cautiva en su barco, debe averiguar cómo escapar antes de que él lleve a cabo un ritual de alimentación a los tiburones.",2025-06-05,Terror,6.464
El ciempiés humano 3,"Tercera y última entrega de la saga ""Human Centipede"". Según su director, ""The Human Centipede 3 hará que la segunda parte parezca una película de Disney."" En esta ocasión, el ciempiés humano estará formado por 500 personas.",2015-05-22,Terror,3.767
Jóvenes y brujas,"Sara es una chica recién llegada a Los Ángeles que se siente sola entre sus nuevos compañeros de instituto. Pero conoce a tres amigas que sienten intereses afines a los suyos: las ciencias ocultas, y que además poseen poderes similares. Juntas formarán un círculo secreto que cambiará sus vidas para siempre.",1996-05-03,Terror,6.782
Licántropo,,2026-12-25,Terror,0.0
La semilla de Chucky,"Seed of Chucky presenta a Glen, el hijo huérfano del irresistible Chucky y de su retorcida esposa Tiffany. En Hollywood se prepara una película acerca de la leyenda urbana de sus sanguinarios padres y Glen aprovecha para resucitarlos. Pero las relaciones familiares son todo menos perfectas cuando Glen descubre que Chucky y su deliciosa Tiffany se han lanzado a una carrera tan infernal como criminal. Chucky no acaba de creerse que su retoño no quiera seguir sus sangrientos pasos. Tiffany, totalmente colgada de las estrellas de Hollywood, tampoco acaba de creerse que el director haya escogido a Jennifer Tilly para protagonizar la película. La actriz no tarda en convertirse, muy a pesar suyo, en anfitriona de la temible familia.",2004-11-12,Terror,5.514
Hostel,"Paxton y Josh, dos jóvenes norteamericanos amigos de la universidad, recorren Europa con sus mochilas junto con Oli, un islandés que conocen en el camino. En Eslovaquia conocen a Natalya y Svetlan, dos exóticas bellezas con las que se distraen.... para aparecer atrapados en un siniestro y lúgubre sitio. Su angustiosa situación, como descubrirán más tarde, es tan profunda como el más oscuro y enfermizo recoveco de la propia naturaleza humana... si sobreviven.",2006-01-06,Terror,5.963
Los hombres detrás del sol,"Durante la Segunda Guerra Chino-Japonesa y la Segunda Guerra Mundial, los japoneses ocuparon durante diez años el noroeste de China. Allí establecieron un campo de concentración japonés, donde numerosos prisioneros chinos fueron brutalmente asesinados durante el proceso de creación de diferentes formas de ataques bacteriológicos. Los hombres que trabajaron en ese proyecto fueron bautizados con el nombre de ""Escuadrón 731"", quienes investigaron en el campo de la guerra química y bacteriológica con el fin de lograr nuevas armas para el frente. También llevaron a cabo aberrantes experimentos de vivisección. Esta película es la historia de todas esas muertes y torturas en nombre de la ciencia.",1988-12-01,Terror,6.167
Fresh,Thriller sobre los horrores de las citas modernas vistos a través de la desafiante batalla de una joven para sobrevivir a los inusuales apetitos de su nuevo novio.,2022-03-03,Terror,7.0
Funny Games,"Anna, su marido George y su hijo de diez años se van a descansar a su residencia de vacaciones situada al lado de un lago. Nada más llegar, aparecen dos jóvenes aparentemente muy educados que dicen ser amigos de los vecinos y que les piden unos huevos. Remake norteamericano de la película homónima de Haneke, de 1997.",2008-03-14,Terror,6.6
Willy's Wonderland,"Cuando su coche se avería, un tranquilo solitario acepta limpiar un centro de diversión familiar abandonado a cambio de reparaciones. Pronto se encuentra librando una guerra contra las mascotas animatrónicas poseídas mientras está atrapado dentro de Willy's Wonderland.",2021-02-12,Terror,5.977
Sweeney Todd: El barbero diabólico de la calle Fleet,"Depp interpreta a Benjamin Barker, un hombre encarcelado 15 años injustamente en el otro lado del mundo, que escapa y vuelve a Londres con la promesa de vengarse, junto a Helena Bonham Carter como su obsesiva y devota cómplice, la Sra. Nellie Lovett. Adoptando el disfraz de Sweeney Todd, Barker regresa a su antigua barbería encima del local de empanadas de carne de la Sra. Lovett, y fija sus miras en el juez Turpin (Alan Rickman) que, con la ayuda de su vil secuaz Beadle Bamford (Timothy Spall), le mandaron lejos con una acusación falsa y así poder robarle a su esposa, Lucy (Laura Michelle Kelly), y a su hija bebé.",2007-12-21,Terror,7.179
Diabolic,"La esperanza de una mujer por una cura milagrosa se convierte en una pesadilla cuando se enfrenta al espíritu vengativo de una bruja maldita, decidida a reclamarla como recipiente de su poder maligno.",2025-11-20,Terror,6.345
El hoyo 2,"Un misterioso líder ha impuesto su ley en un brutal sistema de celdas verticales, pero la llegada de una residente desafía su dudoso método de distribución de comida.",2024-09-27,Terror,5.563
Speed Demon,,2026-05-20,Terror,4.643
Freddy contra Jason,"Freddy Krueger necesita el miedo de la gente para regresar, por lo que decide resucitar al temible Jason. Pero el protagonista de ""Viernes 13"" no está dispuesto a dejarle el camino libre.  Este formato que enfrenta a dos personajes míticos del celuloide no es nada nuevo en el cine: Frankenstein ya se encaró al hombre lobo en 1943 y 28 años más tarde resucitó para luchar contra Drácula. También, a lo largo del siglo XX, llegó el gigantesco Godzilla dispuesto a terminar con King Kong y una serie de mutantes que iban sembrando el pánico por Japón. En esta ocasión, fueron dos de los asesinos estrella de las películas de la década de 1980 los que se unieron. El resultado, el esperado: muertes, descuartizamientos y chicas ligeras de ropa.",2003-08-15,Terror,6.091
"Drácula, la leyenda jamás contada","Los orígenes del mito se revelan en esta película ambientada en los años de reinado de Vlad Tepes, príncipe de Rumania que inspiró la leyenda por sus peculiares métodos para provocar el miedo entre su población y sus enemigos. Una mezcla de mitología e historia para recoger cómo se transformó el sanguinario emperador en el primer vampiro de la historia. Uno de los más terribles y sádicos personajes de Europa que inspiró la clásica obra literaria de Bram Stoker mezclando el terror sobrenatural, las leyendas y pinceladas de amor, para cautivar por completo.",2014-10-01,Terror,6.461
King Kong,"Un equipo de cine va a rodar una película a la misteriosa isla de Teschio, al este de Sumatra. Allí descubren la existencia de una civilización prehistórica y de una tribu ancestral que secuestra a la atractiva Ann, la actriz protagonista, para ofrecerla en sacrificio ritual a King, un gigantesco gorila.",1933-04-07,Terror,7.594
Ataque a los Titanes,"La humanidad está bajo el terror de los titanes, una bestia en la que hace festín de carne humana. Eren Yeager, un joven decidido a hacer el cambio cuando él mismo podría transformar en uno de ellos. Él es la última esperanza de la humanidad",2015-08-01,Terror,6.118
Forbidden Fruits,"Apple, empleada de Free Eden, dirige en secreto una secta de brujas en el sótano de la tienda del centro comercial después del horario laboral, junto con sus compañeras Cherry y Fig. Cuando Pumpkin, una nueva empleada, desafía su hermandad performativa, las mujeres se ven obligadas a enfrentarse a sus propios venenos o sucumbir a un destino sangriento.",2026-03-26,Terror,6.3
El sótano,"Cuando la hija de Keira Woods desaparece misteriosamente en el sótano de su nueva casa en el campo, pronto descubre que hay una entidad antigua y poderosa que controla su hogar a la que tendrá que enfrentarse o arriesgarse a perder el alma de su familia para siempre.",2022-03-25,Terror,6.5
Twin Peaks: Fuego camina conmigo,"Precuela de la famosa serie televisiva. La fuente de los impulsos autodestructivos de Laura Palmer está en los abusos que sufre por parte de alguien muy cercano, quien sufre la posesión del diabólico BOB. Cuando Laura se da cuenta de que su mejor amiga, Donna Hayward, se encamina a su mismo sendero autodestructivo, tiene un ataque de lucidez que le permite prevenírselo.",1992-06-03,Terror,7.4
Escupiré sobre tu tumba 3,"Jennifer Hills (Sarah Butler) sigue atormentada por el brutal ataque sexual que tuvo que soportar años atrás. Ha cambiado de identidad y se va a otra ciudad, donde se une a un grupo de apoyo para reconstruir su nueva vida. Pero cuando el asesino de una amiga queda libre, Jennifer decide perseguir a los responsables de las atroces violaciones, y hará lo que el sistema judicial no hace. Ahora es ella quien lleva a cabo las torturas más horribles que nadie pudiera imaginar.",2015-10-01,Terror,5.782
Maligno,"Madison es una mujer que tiene unas macabras pesadillas que la dejan completamente paralizada. Aterrada por lo que ve en ellas, Madison no consigue dormir por las noches ni vivir por el día. Pero el terror cada vez se irá apoderando de ella cuando descubra que esas pesadillas no son sueños, sino que son hechos de la vida real.",2021-09-01,Terror,6.75
The Eight Immortals Restaurant: The Untold Story,"Basada en una historia ocurrida en la vida real que conmocionó al territorio de Macau a mediados de la década de los ochenta, se nos introduce en la vida de un psicopata, Wong Chi Hang, el cual gracias a su poca capacidad de interactuar con los demás, su indigente motivación sexual, su desprolija apariencia y su enfermedad mental, dando lugar a un carnicero que con la finalidad de cubrir uno de sus crimenes se dedica a cubrir todos los cabos sueltos que lo incriminen. (FILMAFFINITY)",1993-05-13,Terror,6.265
El asesino con ojos de corazón,"Dos compañeros de trabajo son confundidos con una pareja por un asesino en San Francisco el día de San Valentín. Obligados a eludir al asesino, navegan por el paisaje romántico de la ciudad mientras trabajan juntos para sobrevivir.",2025-02-06,Terror,6.273
Infierno bajo el agua,"Con un enorme huracán de categoría 5 descargando sobre Florida, la joven Haley (Kaya Scodelario) desoye las órdenes de evacuación para buscar a su padre (Barry Pepper), que ha desaparecido. Tras encontrarle herido en el entresuelo de su casa, los dos quedan atrapados acechados por enormes caimanes y por una inundación que cubre rápidamente el terreno.",2019-07-10,Terror,6.324
Clayface,"Una criatura cambiante hecha de arcilla mágica acecha Ciudad Gótica, alternando entre villano y aliado de Batman. Varias figuras trágicas han asumido el manto de Cara de Barro a lo largo de los años.",2026-10-21,Terror,0.0
Insidious: La última llave,"La parapsicóloga Elise Rainier afronta su obsesión más temible y personal, ya que se siente atraída hacia el espectral hogar de su infancia, donde comenzó el terror.",2018-01-03,Terror,6.261
Halloween: El final,"Cuatro años después de los eventos de Halloween en 2018, Laurie ha decidido liberarse del miedo y la ira y abrazar la vida. Pero cuando un joven es acusado de matar a un niño que estaba cuidando, se enciende una cascada de violencia y terror que obligará a Laurie a enfrentarse finalmente al mal que no puede controlar, de una vez por todas.",2022-10-12,Terror,6.021
Christine,"Nació en Detroit en una línea de montaje de automóviles, pero no es un coche cualquiera. En el fondo de su chasis se aloja el mismísimo diablo. Es Christine un Plymouth Fury de 1958, rojo y blanco, cuyo único equipo ""normalizado"" comprende un deseo de venganza insaciable, que hiela la sangre a cualquiera y destruye todo aquello que encuentra en su camino.",1983-12-09,Terror,6.877
Deep Rising: El misterio de las profundidades,"En el Mar de China, un transatlántico de lujo ha sido atacado por misteriosos monstruos marinos que han devorado a la mayor parte de la tripulación y los pasajeros. Unos mercenarios que abordan el barco para atracarlo tendrán que enfrentarse a las feroces criaturas junto a los pocos supervivientes que encuentran.",1998-01-30,Terror,6.172
再世風流劫,,1985-05-24,Terror,10.0
Escupiré sobre tu tumba 3,"Jennifer Hills (Sarah Butler) sigue atormentada por el brutal ataque sexual que tuvo que soportar años atrás. Ha cambiado de identidad y se va a otra ciudad, donde se une a un grupo de apoyo para reconstruir su nueva vida. Pero cuando el asesino de una amiga queda libre, Jennifer decide perseguir a los responsables de las atroces violaciones, y hará lo que el sistema judicial no hace. Ahora es ella quien lleva a cabo las torturas más horribles que nadie pudiera imaginar.",2015-10-01,Terror,5.782
Última noche en el Soho,"Thriller psicológico sobre una joven apasionada por la moda que misteriosamente puede entrar en la década de 1960, donde se encuentra con su ídolo, un atractivo aspirante a cantante. Pero el Londres de los sesenta no es lo que parece, y el tiempo comenzará a desmoronarse con sombrías consecuencias.",2021-10-21,Terror,7.272
El exorcismo de Dios,"Un sacerdote estadounidense que trabaja en México es considerado un santo por muchos feligreses locales. Sin embargo, debido a un exorcismo fallido, guarda un secreto que lo está comiendo vivo hasta que tenga la oportunidad de enfrentarse a su demonio por última vez.",2022-03-11,Terror,7.076
Suspiria,"Una joven (Jessica Harper) ingresa en una exclusiva academia de baile la misma noche en que asesinan a una de las alumnas. La subdirectora del centro es la amable Madame Blank, que brinda a la nueva alumna las comodidades y facilidades necesarias para su aprendizaje. Pero, poco a poco, una atmósfera malsana se va apoderando del lugar, y la estancia de la joven se va convirtiendo en una verdadera pesadilla.",1977-02-01,Terror,7.472
La maldición (The Grudge),"Rika es una joven asistente social que acuda a casa de una anciana en la que suceden cosas muy extrañas. Rika encuentra en el piso de arriba a un niño de seis años que lleva un gato negro en los brazos. Re-edición de 'Ju On', realizada en el año 2000 por el propio Shimizu para vídeo.",2002-10-18,Terror,6.758
Guinea Pig 2: Flowers of flesh and blood,"Un hombre secuestra a una muchacha, la droga y la descuartiza minucisamente, tratando de alcanzar en su tarea la mayor perfección estética posible: su objetivo es hacer de la tortura y la mutilación una obra de arte. (FILMAFFINITY)",1985-10-07,Terror,4.6
Doom,"Un equipo de marines espaciales conocido como el Escuadrón Táctico de Respuesta Rápida, liderado por Sarge, es enviado a una instalación científica en Marte después de que alguien informe de una violación de seguridad. Allí se enteran de que la alerta se produjo después de que un sujeto de prueba, un asesino de masas inyectado a propósito con ADN alienígena, se liberara y comenzase a matar personas. La Dr. Grimm, hermana del miembro del equipo Reaper, les informa a todos que el cromosoma puede mutar a los humanos en monstruos, y es altamente infeccioso.",2005-10-20,Terror,5.196
Play Dead,"Una mujer se despierta herida en un sótano rodeada de cadáveres. Para sobrevivir, finge estar muerta mientras se desarrolla un grotesco ritual en la casa de arriba.",2025-03-29,Terror,6.119
El terror no tiene forma,"Una malévola forma de vida viscosa irrumpe en un tranquilo pueblo de Arborville. No tiene problemas de conciencia ni inteligencia alguna, y sólo sabe hacer una cosa, pero es todo un experto en ello: comerse todo lo que se mueve, hombres, mujeres o niños.",1988-08-05,Terror,6.86
Sssssss: Silbido de muerte,"David, un estudiante, busca trabajo. Es contratado por el Dr. Stoner como asistente de laboratorio para sus experimentos e investigaciones. David, además, empieza a enamorarse de la hija del doctor. Lo que no sabe el joven es que el científico ha descubierto un brebaje que puede transformar a cualquier hombre en una serpiente y planea usarlo en su ayudante.",1973-07-06,Terror,5.153
Funny Games,"Anna, su marido George y su hijo de diez años se van a descansar a su residencia de vacaciones situada al lado de un lago. Nada más llegar, aparecen dos jóvenes aparentemente muy educados que dicen ser amigos de los vecinos y que les piden unos huevos. Remake norteamericano de la película homónima de Haneke, de 1997.",2008-03-14,Terror,6.6
"Godzilla, Japón bajo el terror del monstruo","Las misteriosas destrucciones de barcos en el Pacífico provocan el pánico. Los nativos de una isla afirman que el culpable es una criatura legendaria, Godzilla, un lagarto mutante convertido en un gigantesco monstruo a causa de unas radiaciones atómicas. Godzilla se dispone a atacar las principales ciudades del Japón.",1954-11-03,Terror,7.627
僵尸小子II：天外天小子,,1988-04-04,Terror,5.8
